id,location_area_id,encounter_method_id,version_id,rate
1,1,2,12,25
2,1,2,13,25
3,1,2,14,25
4,1,3,12,50
5,1,3,13,50
6,1,3,14,50
7,1,4,12,75
8,1,4,13,75
9,1,4,14,75
10,1,5,12,10
11,1,5,13,10
12,1,5,14,10
13,2,2,12,25
14,2,2,13,25
15,2,2,14,25
16,2,3,12,50
17,2,3,13,50
18,2,3,14,50
19,2,4,12,75
20,2,4,13,75
21,2,4,14,75
22,2,5,12,10
23,2,5,13,10
24,2,5,14,10
25,3,2,12,25
26,3,2,13,25
27,3,2,14,25
28,3,3,12,50
29,3,3,13,50
30,3,3,14,50
31,3,4,12,75
32,3,4,13,75
33,3,4,14,75
34,3,5,12,10
35,3,5,13,10
36,3,5,14,10
37,4,2,12,25
38,4,2,13,25
39,4,2,14,25
40,4,3,12,50
41,4,3,13,50
42,4,3,14,50
43,4,4,12,75
44,4,4,13,75
45,4,4,14,75
46,4,5,12,10
47,4,5,13,10
48,4,5,14,10
49,5,2,12,25
50,5,2,13,25
51,5,2,14,25
52,5,3,12,50
53,5,3,13,50
54,5,3,14,50
55,5,4,12,75
56,5,4,13,75
57,5,4,14,75
58,5,5,12,10
59,5,5,13,10
60,5,5,14,10
61,6,1,12,10
62,6,1,13,10
63,6,1,14,10
64,7,1,12,10
65,7,1,13,10
66,7,1,14,10
67,8,1,12,30
68,8,1,13,30
69,8,1,14,30
70,8,2,12,25
71,8,2,13,25
72,8,2,14,25
73,8,3,12,50
74,8,3,13,50
75,8,3,14,50
76,8,4,12,75
77,8,4,13,75
78,8,4,14,75
79,8,5,12,10
80,8,5,13,10
81,8,5,14,10
82,9,1,12,30
83,9,1,13,30
84,9,1,14,30
85,10,1,12,30
86,10,1,13,30
87,10,1,14,30
88,10,2,12,25
89,10,2,13,25
90,10,2,14,25
91,10,3,12,50
92,10,3,13,50
93,10,3,14,50
94,10,4,12,75
95,10,4,13,75
96,10,4,14,75
97,10,5,12,10
98,10,5,13,10
99,10,5,14,10
100,11,1,12,10
101,11,1,13,10
102,11,1,14,10
103,11,2,12,25
104,11,2,13,25
105,11,2,14,25
106,11,3,12,50
107,11,3,13,50
108,11,3,14,50
109,11,4,12,75
110,11,4,13,75
111,11,4,14,75
112,11,5,12,10
113,11,5,13,10
114,11,5,14,10
115,12,1,12,10
116,12,1,13,10
117,12,1,14,10
118,13,1,12,10
119,13,1,13,10
120,13,1,14,10
121,14,1,12,30
122,14,1,13,30
123,14,1,14,30
124,15,1,12,30
125,15,1,13,30
126,15,1,14,30
127,16,1,12,10
128,16,1,13,10
129,16,1,14,10
130,16,2,12,25
131,16,2,13,25
132,16,2,14,25
133,16,3,12,50
134,16,3,13,50
135,16,3,14,50
136,16,4,12,75
137,16,4,13,75
138,16,4,14,75
139,16,5,12,10
140,16,5,13,10
141,16,5,14,10
142,17,1,12,15
143,17,1,13,15
144,17,1,14,15
145,18,1,12,15
146,18,1,13,15
147,18,1,14,15
148,19,1,12,15
149,19,1,13,15
150,19,1,14,15
151,20,1,12,10
152,20,1,13,10
153,20,1,14,10
154,21,1,12,10
155,21,1,13,10
156,21,1,14,10
157,22,1,12,10
158,22,1,13,10
159,22,1,14,10
160,23,1,12,10
161,23,1,13,10
162,23,1,14,10
163,23,2,12,25
164,23,2,13,25
165,23,2,14,25
166,23,3,12,50
167,23,3,13,50
168,23,3,14,50
169,23,4,12,75
170,23,4,13,75
171,23,4,14,75
172,23,5,12,10
173,23,5,13,10
174,23,5,14,10
175,24,1,12,35
176,24,1,13,35
177,24,1,14,35
178,24,2,12,25
179,24,2,13,25
180,24,2,14,25
181,24,3,12,50
182,24,3,13,50
183,24,3,14,50
184,24,4,12,75
185,24,4,13,75
186,24,4,14,75
187,24,5,12,15
188,24,5,13,15
189,24,5,14,15
190,25,1,12,35
191,25,1,13,35
192,25,1,14,35
193,25,2,12,25
194,25,2,13,25
195,25,2,14,25
196,25,3,12,50
197,25,3,13,50
198,25,3,14,50
199,25,4,12,75
200,25,4,13,75
201,25,4,14,75
202,25,5,12,15
203,25,5,13,15
204,25,5,14,15
205,26,1,12,35
206,26,1,13,35
207,26,1,14,35
208,26,2,12,25
209,26,2,13,25
210,26,2,14,25
211,26,3,12,50
212,26,3,13,50
213,26,3,14,50
214,26,4,12,75
215,26,4,13,75
216,26,4,14,75
217,26,5,12,15
218,26,5,13,15
219,26,5,14,15
220,27,1,12,35
221,27,1,13,35
222,27,1,14,35
223,27,2,12,25
224,27,2,13,25
225,27,2,14,25
226,27,3,12,50
227,27,3,13,50
228,27,3,14,50
229,27,4,12,75
230,27,4,13,75
231,27,4,14,75
232,27,5,12,15
233,27,5,13,15
234,27,5,14,15
235,28,1,12,35
236,28,1,13,35
237,28,1,14,35
238,29,1,12,35
239,29,1,13,35
240,29,1,14,35
241,29,2,12,25
242,29,2,13,25
243,29,2,14,25
244,29,3,12,50
245,29,3,13,50
246,29,3,14,50
247,29,4,12,75
248,29,4,13,75
249,29,4,14,75
250,29,5,12,15
251,29,5,13,15
252,29,5,14,15
253,30,1,12,10
254,30,1,13,10
255,30,1,14,10
256,31,1,12,10
257,31,1,13,10
258,31,1,14,10
259,32,1,12,10
260,32,1,13,10
261,32,1,14,10
262,33,1,12,10
263,33,1,13,10
264,33,1,14,10
265,34,1,12,10
266,34,1,13,10
267,34,1,14,10
268,35,1,12,10
269,35,1,13,10
270,35,1,14,10
271,36,1,12,15
272,36,1,13,15
273,36,1,14,15
274,37,1,12,15
275,37,1,13,15
276,37,1,14,15
277,38,1,12,20
278,38,1,13,20
279,38,1,14,20
280,39,1,12,20
281,39,1,13,20
282,39,1,14,20
283,40,1,12,20
284,40,1,13,20
285,40,1,14,20
286,41,1,12,10
287,41,1,13,10
288,41,1,14,10
289,42,1,12,10
290,42,1,13,10
291,42,1,14,10
292,43,1,12,10
293,43,1,13,10
294,43,1,14,10
295,44,1,12,10
296,44,1,13,10
297,44,1,14,10
298,45,1,12,25
299,45,1,13,25
300,45,1,14,25
301,46,1,12,25
302,46,1,13,25
303,46,1,14,25
304,47,1,12,30
305,47,1,13,30
306,47,1,14,30
307,48,1,12,15
308,48,1,13,15
309,48,1,14,15
310,49,1,12,15
311,49,1,13,15
312,49,1,14,15
313,50,1,12,15
314,50,1,13,15
315,50,1,14,15
316,50,2,12,25
317,50,2,13,25
318,50,2,14,25
319,50,3,12,50
320,50,3,13,50
321,50,3,14,50
322,50,4,12,75
323,50,4,13,75
324,50,4,14,75
325,50,5,12,15
326,50,5,13,15
327,50,5,14,15
328,51,1,12,15
329,51,1,13,15
330,51,1,14,15
331,51,2,12,25
332,51,2,13,25
333,51,2,14,25
334,51,3,12,50
335,51,3,13,50
336,51,3,14,50
337,51,4,12,75
338,51,4,13,75
339,51,4,14,75
340,51,5,12,15
341,51,5,13,15
342,51,5,14,15
343,52,1,12,15
344,52,1,13,15
345,52,1,14,15
346,53,1,12,15
347,53,1,13,15
348,53,1,14,15
349,54,1,12,10
350,54,1,13,10
351,54,1,14,10
352,54,2,12,25
353,54,2,13,25
354,54,2,14,25
355,54,3,12,50
356,54,3,13,50
357,54,3,14,50
358,54,4,12,75
359,54,4,13,75
360,54,4,14,75
361,54,5,12,10
362,54,5,13,10
363,54,5,14,10
364,55,1,12,10
365,55,1,13,10
366,55,1,14,10
367,56,1,12,10
368,56,1,13,10
369,56,1,14,10
370,56,2,12,25
371,56,2,13,25
372,56,2,14,25
373,56,3,12,50
374,56,3,13,50
375,56,3,14,50
376,56,4,12,75
377,56,4,13,75
378,56,4,14,75
379,56,5,12,10
380,56,5,13,10
381,56,5,14,10
382,57,1,12,30
383,57,1,13,30
384,57,1,14,30
385,58,1,12,10
386,58,1,13,10
387,58,1,14,10
388,59,1,12,10
389,59,1,13,10
390,59,1,14,10
391,60,1,12,30
392,60,1,13,30
393,60,1,14,30
394,60,2,12,25
395,60,2,13,25
396,60,2,14,25
397,60,3,12,50
398,60,3,13,50
399,60,3,14,50
400,60,4,12,75
401,60,4,13,75
402,60,4,14,75
403,60,5,12,10
404,60,5,13,10
405,60,5,14,10
406,61,1,12,10
407,61,1,13,10
408,61,1,14,10
409,62,1,12,10
410,62,1,13,10
411,62,1,14,10
412,63,1,12,10
413,63,1,13,10
414,63,1,14,10
415,64,1,12,15
416,64,1,13,15
417,64,1,14,15
418,70,1,12,15
419,70,1,13,15
420,70,1,14,15
421,76,1,12,15
422,76,1,13,15
423,76,1,14,15
424,82,1,12,15
425,82,1,13,15
426,82,1,14,15
427,107,1,12,15
428,107,1,13,15
429,107,1,14,15
430,108,1,12,10
431,108,1,13,10
432,108,1,14,10
433,109,1,12,10
434,109,1,13,10
435,109,1,14,10
436,110,1,12,10
437,110,1,13,10
438,110,1,14,10
439,111,1,12,10
440,111,1,13,10
441,111,1,14,10
442,112,1,12,10
443,112,1,13,10
444,112,1,14,10
445,113,1,12,10
446,113,1,13,10
447,113,1,14,10
448,114,1,12,10
449,114,1,13,10
450,114,1,14,10
451,115,1,12,10
452,115,1,13,10
453,115,1,14,10
454,116,1,12,10
455,116,1,13,10
456,116,1,14,10
457,117,1,12,10
458,117,1,13,10
459,117,1,14,10
460,118,1,12,30
461,118,1,13,30
462,118,1,14,30
463,119,2,12,25
464,119,2,13,25
465,119,2,14,25
466,119,3,12,50
467,119,3,13,50
468,119,3,14,50
469,119,4,12,75
470,119,4,13,75
471,119,4,14,75
472,119,5,12,10
473,119,5,13,10
474,119,5,14,10
475,120,1,12,10
476,120,1,13,10
477,120,1,14,10
478,121,1,12,10
479,121,1,13,10
480,121,1,14,10
481,122,1,12,10
482,122,1,13,10
483,122,1,14,10
484,123,1,12,10
485,123,1,13,10
486,123,1,14,10
487,124,1,12,10
488,124,1,13,10
489,124,1,14,10
490,125,1,12,10
491,125,1,13,10
492,125,1,14,10
493,126,1,12,10
494,126,1,13,10
495,126,1,14,10
496,127,1,12,10
497,127,1,13,10
498,127,1,14,10
499,128,1,12,10
500,128,1,13,10
501,128,1,14,10
502,129,1,12,10
503,129,1,13,10
504,129,1,14,10
505,130,1,12,10
506,130,1,13,10
507,130,1,14,10
508,131,1,12,10
509,131,1,13,10
510,131,1,14,10
511,132,1,12,10
512,132,1,13,10
513,132,1,14,10
514,133,1,12,15
515,133,1,13,15
516,133,1,14,15
517,134,1,12,10
518,134,1,13,10
519,134,1,14,10
520,135,1,12,30
521,135,1,13,30
522,135,1,14,30
523,135,2,12,25
524,135,2,13,25
525,135,2,14,25
526,135,3,12,50
527,135,3,13,50
528,135,3,14,50
529,135,4,12,75
530,135,4,13,75
531,135,4,14,75
532,135,5,12,10
533,135,5,13,10
534,135,5,14,10
535,136,1,12,30
536,136,1,13,30
537,136,1,14,30
538,136,2,12,25
539,136,2,13,25
540,136,2,14,25
541,136,3,12,50
542,136,3,13,50
543,136,3,14,50
544,136,4,12,75
545,136,4,13,75
546,136,4,14,75
547,136,5,12,10
548,136,5,13,10
549,136,5,14,10
550,137,1,12,30
551,137,1,13,30
552,137,1,14,30
553,137,2,12,25
554,137,2,13,25
555,137,2,14,25
556,137,3,12,50
557,137,3,13,50
558,137,3,14,50
559,137,4,12,75
560,137,4,13,75
561,137,4,14,75
562,137,5,12,10
563,137,5,13,10
564,137,5,14,10
565,138,1,12,30
566,138,1,13,30
567,138,1,14,30
568,138,2,12,25
569,138,2,13,25
570,138,2,14,25
571,138,3,12,50
572,138,3,13,50
573,138,3,14,50
574,138,4,12,75
575,138,4,13,75
576,138,4,14,75
577,138,5,12,10
578,138,5,13,10
579,138,5,14,10
580,139,1,12,30
581,139,1,13,30
582,139,1,14,30
583,140,1,12,30
584,140,1,13,30
585,140,1,14,30
586,141,1,12,30
587,141,1,13,30
588,141,1,14,30
589,142,1,12,30
590,142,1,13,30
591,142,1,14,30
592,143,1,12,30
593,143,1,13,30
594,143,1,14,30
595,143,2,12,25
596,143,2,13,25
597,143,2,14,25
598,143,3,12,50
599,143,3,13,50
600,143,3,14,50
601,143,4,12,75
602,143,4,13,75
603,143,4,14,75
604,143,5,12,10
605,143,5,13,10
606,143,5,14,10
607,144,1,12,30
608,144,1,13,30
609,144,1,14,30
610,144,2,12,25
611,144,2,13,25
612,144,2,14,25
613,144,3,12,50
614,144,3,13,50
615,144,3,14,50
616,144,4,12,75
617,144,4,13,75
618,144,4,14,75
619,144,5,12,10
620,144,5,13,10
621,144,5,14,10
622,145,1,12,30
623,145,1,13,30
624,145,1,14,30
625,145,2,12,25
626,145,2,13,25
627,145,2,14,25
628,145,3,12,50
629,145,3,13,50
630,145,3,14,50
631,145,4,12,75
632,145,4,13,75
633,145,4,14,75
634,145,5,12,10
635,145,5,13,10
636,145,5,14,10
637,146,1,12,30
638,146,1,13,30
639,146,1,14,30
640,146,2,12,25
641,146,2,13,25
642,146,2,14,25
643,146,3,12,50
644,146,3,13,50
645,146,3,14,50
646,146,4,12,75
647,146,4,13,75
648,146,4,14,75
649,146,5,12,10
650,146,5,13,10
651,146,5,14,10
652,147,1,12,30
653,147,1,13,30
654,147,1,14,30
655,147,2,12,25
656,147,2,13,25
657,147,2,14,25
658,147,3,12,50
659,147,3,13,50
660,147,3,14,50
661,147,4,12,75
662,147,4,13,75
663,147,4,14,75
664,147,5,12,10
665,147,5,13,10
666,147,5,14,10
667,148,1,12,30
668,148,1,13,30
669,148,1,14,30
670,149,1,12,30
671,149,1,13,30
672,149,1,14,30
673,150,1,12,30
674,150,1,13,30
675,150,1,14,30
676,150,2,12,25
677,150,2,13,25
678,150,2,14,25
679,150,3,12,50
680,150,3,13,50
681,150,3,14,50
682,150,4,12,75
683,150,4,13,75
684,150,4,14,75
685,150,5,12,10
686,150,5,13,10
687,150,5,14,10
688,151,1,12,30
689,151,1,13,30
690,151,1,14,30
691,151,2,12,25
692,151,2,13,25
693,151,2,14,25
694,151,3,12,50
695,151,3,13,50
696,151,3,14,50
697,151,4,12,75
698,151,4,13,75
699,151,4,14,75
700,151,5,12,10
701,151,5,13,10
702,151,5,14,10
703,152,1,12,10
704,152,1,13,10
705,152,1,14,10
706,153,1,12,10
707,153,1,13,10
708,153,1,14,10
709,154,1,12,10
710,154,1,13,10
711,154,1,14,10
712,155,1,12,10
713,155,1,13,10
714,155,1,14,10
715,156,1,12,10
716,156,1,13,10
717,156,1,14,10
718,157,1,12,30
719,157,1,13,30
720,157,1,14,30
721,158,1,12,30
722,158,1,13,30
723,158,1,14,30
724,158,2,12,25
725,158,2,13,25
726,158,2,14,25
727,158,3,12,50
728,158,3,13,50
729,158,3,14,50
730,158,4,12,75
731,158,4,13,75
732,158,4,14,75
733,158,5,12,10
734,158,5,13,10
735,158,5,14,10
736,159,1,12,30
737,159,1,13,30
738,159,1,14,30
739,160,1,12,30
740,160,1,13,30
741,160,1,14,30
742,161,1,12,30
743,161,1,13,30
744,161,1,14,30
745,161,2,12,25
746,161,2,13,25
747,161,2,14,25
748,161,3,12,50
749,161,3,13,50
750,161,3,14,50
751,161,4,12,75
752,161,4,13,75
753,161,4,14,75
754,161,5,12,10
755,161,5,13,10
756,161,5,14,10
757,162,1,12,30
758,162,1,13,30
759,162,1,14,30
760,162,2,12,25
761,162,2,13,25
762,162,2,14,25
763,162,3,12,50
764,162,3,13,50
765,162,3,14,50
766,162,4,12,75
767,162,4,13,75
768,162,4,14,75
769,162,5,12,10
770,162,5,13,10
771,162,5,14,10
772,163,1,12,30
773,163,1,13,30
774,163,1,14,30
775,163,2,12,25
776,163,2,13,25
777,163,2,14,25
778,163,3,12,50
779,163,3,13,50
780,163,3,14,50
781,163,4,12,75
782,163,4,13,75
783,163,4,14,75
784,163,5,12,10
785,163,5,13,10
786,163,5,14,10
787,164,1,12,30
788,164,1,13,30
789,164,1,14,30
790,164,2,12,25
791,164,2,13,25
792,164,2,14,25
793,164,3,12,50
794,164,3,13,50
795,164,3,14,50
796,164,4,12,75
797,164,4,13,75
798,164,4,14,75
799,164,5,12,10
800,164,5,13,10
801,164,5,14,10
802,165,1,12,30
803,165,1,13,30
804,165,1,14,30
805,166,1,12,30
806,166,1,13,30
807,166,1,14,30
808,167,1,12,30
809,167,1,13,30
810,167,1,14,30
811,168,1,12,30
812,168,1,13,30
813,168,1,14,30
814,168,2,12,25
815,168,2,13,25
816,168,2,14,25
817,168,3,12,50
818,168,3,13,50
819,168,3,14,50
820,168,4,12,75
821,168,4,13,75
822,168,4,14,75
823,168,5,12,10
824,168,5,13,10
825,168,5,14,10
826,169,2,12,25
827,169,2,13,25
828,169,2,14,25
829,169,3,12,50
830,169,3,13,50
831,169,3,14,50
832,169,4,12,75
833,169,4,13,75
834,169,4,14,75
835,169,5,12,20
836,169,5,13,20
837,169,5,14,20
838,170,1,12,30
839,170,1,13,30
840,170,1,14,30
841,170,2,12,25
842,170,2,13,25
843,170,2,14,25
844,170,3,12,50
845,170,3,13,50
846,170,3,14,50
847,170,4,12,75
848,170,4,13,75
849,170,4,14,75
850,170,5,12,10
851,170,5,13,10
852,170,5,14,10
853,171,1,12,30
854,171,1,13,30
855,171,1,14,30
856,171,2,12,45
857,171,2,13,45
858,171,2,14,45
859,171,3,12,70
860,171,3,13,70
861,171,3,14,70
862,171,4,12,95
863,171,4,13,95
864,171,4,14,95
865,171,5,12,10
866,171,5,13,10
867,171,5,14,10
868,172,1,12,30
869,172,1,13,30
870,172,1,14,30
871,172,2,12,25
872,172,2,13,25
873,172,2,14,25
874,172,3,12,50
875,172,3,13,50
876,172,3,14,50
877,172,4,12,75
878,172,4,13,75
879,172,4,14,75
880,172,5,12,10
881,172,5,13,10
882,172,5,14,10
883,173,1,12,30
884,173,1,13,30
885,173,1,14,30
886,173,2,12,25
887,173,2,13,25
888,173,2,14,25
889,173,3,12,50
890,173,3,13,50
891,173,3,14,50
892,173,4,12,75
893,173,4,13,75
894,173,4,14,75
895,173,5,12,10
896,173,5,13,10
897,173,5,14,10
898,174,1,12,30
899,174,1,13,30
900,174,1,14,30
901,174,2,12,25
902,174,2,13,25
903,174,2,14,25
904,174,3,12,50
905,174,3,13,50
906,174,3,14,50
907,174,4,12,75
908,174,4,13,75
909,174,4,14,75
910,174,5,12,10
911,174,5,13,10
912,174,5,14,10
913,175,1,12,30
914,175,1,13,30
915,175,1,14,30
916,175,2,12,25
917,175,2,13,25
918,175,2,14,25
919,175,3,12,50
920,175,3,13,50
921,175,3,14,50
922,175,4,12,75
923,175,4,13,75
924,175,4,14,75
925,175,5,12,10
926,175,5,13,10
927,175,5,14,10
928,176,1,12,30
929,176,1,13,30
930,176,1,14,30
931,176,2,12,25
932,176,2,13,25
933,176,2,14,25
934,176,3,12,50
935,176,3,13,50
936,176,3,14,50
937,176,4,12,75
938,176,4,13,75
939,176,4,14,75
940,176,5,12,10
941,176,5,13,10
942,176,5,14,10
943,177,2,12,25
944,177,2,13,25
945,177,2,14,25
946,177,3,12,50
947,177,3,13,50
948,177,3,14,50
949,177,4,12,75
950,177,4,13,75
951,177,4,14,75
952,177,5,12,10
953,177,5,13,10
954,177,5,14,10
955,178,2,12,25
956,178,2,13,25
957,178,2,14,25
958,178,3,12,50
959,178,3,13,50
960,178,3,14,50
961,178,4,12,75
962,178,4,13,75
963,178,4,14,75
964,178,5,12,10
965,178,5,13,10
966,178,5,14,10
967,179,2,12,25
968,179,2,13,25
969,179,2,14,25
970,179,3,12,50
971,179,3,13,50
972,179,3,14,50
973,179,4,12,75
974,179,4,13,75
975,179,4,14,75
976,179,5,12,10
977,179,5,13,10
978,179,5,14,10
979,180,2,12,25
980,180,2,13,25
981,180,2,14,25
982,180,3,12,50
983,180,3,13,50
984,180,3,14,50
985,180,4,12,75
986,180,4,13,75
987,180,4,14,75
988,180,5,12,20
989,180,5,13,20
990,180,5,14,20
991,181,2,12,25
992,181,2,13,25
993,181,2,14,25
994,181,3,12,50
995,181,3,13,50
996,181,3,14,50
997,181,4,12,75
998,181,4,13,75
999,181,4,14,75
1000,181,5,12,20
1001,181,5,13,20
1002,181,5,14,20
1003,182,1,12,30
1004,182,1,13,30
1005,182,1,14,30
1006,182,2,12,25
1007,182,2,13,25
1008,182,2,14,25
1009,182,3,12,50
1010,182,3,13,50
1011,182,3,14,50
1012,182,4,12,75
1013,182,4,13,75
1014,182,4,14,75
1015,182,5,12,20
1016,182,5,13,20
1017,182,5,14,20
1018,183,1,12,30
1019,183,1,13,30
1020,183,1,14,30
1021,183,2,12,25
1022,183,2,13,25
1023,183,2,14,25
1024,183,3,12,50
1025,183,3,13,50
1026,183,3,14,50
1027,183,4,12,75
1028,183,4,13,75
1029,183,4,14,75
1030,183,5,12,20
1031,183,5,13,20
1032,183,5,14,20
1033,184,2,15,25
1034,184,2,16,25
1035,184,3,15,50
1036,184,3,16,50
1037,184,4,15,75
1038,184,4,16,75
1039,184,5,15,15
1040,184,5,16,15
1041,185,1,15,25
1042,185,1,16,25
1043,186,2,15,25
1044,186,2,16,25
1045,186,3,15,50
1046,186,3,16,50
1047,186,4,15,75
1048,186,4,16,75
1049,186,5,15,15
1050,186,5,16,15
1051,187,1,15,25
1052,187,1,16,25
1053,187,2,15,25
1054,187,2,16,25
1055,187,3,15,50
1056,187,3,16,50
1057,187,4,15,75
1058,187,4,16,75
1059,187,5,15,15
1060,187,5,16,15
1061,188,1,15,25
1062,188,1,16,25
1063,188,2,15,25
1064,188,2,16,25
1065,188,3,15,50
1066,188,3,16,50
1067,188,4,15,75
1068,188,4,16,75
1069,188,5,15,15
1070,188,5,16,15
1071,189,2,15,25
1072,189,2,16,25
1073,189,3,15,50
1074,189,3,16,50
1075,189,4,15,75
1076,189,4,16,75
1077,189,5,15,15
1078,189,5,16,15
1079,190,1,15,5
1080,190,1,16,5
1081,191,1,15,5
1082,191,1,16,5
1083,192,1,15,25
1084,192,1,16,25
1085,192,2,15,25
1086,192,2,16,25
1087,192,3,15,50
1088,192,3,16,50
1089,192,4,15,75
1090,192,4,16,75
1091,192,5,15,15
1092,192,5,16,15
1093,193,1,15,10
1094,193,1,16,10
1095,193,2,15,25
1096,193,2,16,25
1097,193,3,15,50
1098,193,3,16,50
1099,193,4,15,75
1100,193,4,16,75
1101,193,5,15,10
1102,193,5,16,10
1103,193,6,15,20
1104,193,6,16,20
1105,194,1,15,15
1106,194,1,16,15
1107,195,1,15,15
1108,195,1,16,15
1109,196,1,15,15
1110,196,1,16,15
1111,197,1,15,15
1112,197,1,16,15
1113,198,1,15,10
1114,198,1,16,10
1115,198,2,15,25
1116,198,2,16,25
1117,198,3,15,50
1118,198,3,16,50
1119,198,4,15,75
1120,198,4,16,75
1121,198,5,15,15
1122,198,5,16,15
1123,199,1,15,15
1124,199,1,16,15
1125,199,2,15,25
1126,199,2,16,25
1127,199,3,15,50
1128,199,3,16,50
1129,199,4,15,75
1130,199,4,16,75
1131,199,5,15,15
1132,199,5,16,15
1133,200,1,15,15
1134,200,1,16,15
1135,200,2,15,25
1136,200,2,16,25
1137,200,3,15,50
1138,200,3,16,50
1139,200,4,15,75
1140,200,4,16,75
1141,200,5,15,15
1142,200,5,16,15
1143,201,1,15,25
1144,201,1,16,25
1145,202,1,15,5
1146,202,1,16,5
1147,202,2,15,25
1148,202,2,16,25
1149,202,3,15,50
1150,202,3,16,50
1151,202,4,15,75
1152,202,4,16,75
1153,202,5,15,10
1154,202,5,16,10
1155,203,1,15,15
1156,203,1,16,15
1157,203,2,15,25
1158,203,2,16,25
1159,203,3,15,50
1160,203,3,16,50
1161,203,4,15,75
1162,203,4,16,75
1163,203,5,15,10
1164,203,5,16,10
1165,204,1,15,5
1166,204,1,16,5
1167,204,2,15,25
1168,204,2,16,25
1169,204,3,15,50
1170,204,3,16,50
1171,204,4,15,75
1172,204,4,16,75
1173,204,5,15,15
1174,204,5,16,15
1175,205,1,15,25
1176,205,1,16,25
1177,205,2,15,25
1178,205,2,16,25
1179,205,3,15,50
1180,205,3,16,50
1181,205,4,15,75
1182,205,4,16,75
1183,205,5,15,15
1184,205,5,16,15
1185,206,1,15,25
1186,206,1,16,25
1187,206,2,15,25
1188,206,2,16,25
1189,206,3,15,50
1190,206,3,16,50
1191,206,4,15,75
1192,206,4,16,75
1193,206,5,15,15
1194,206,5,16,15
1195,207,1,15,25
1196,207,1,16,25
1197,208,1,15,25
1198,208,1,16,25
1199,209,1,15,25
1200,209,1,16,25
1201,210,1,15,25
1202,210,1,16,25
1203,211,2,15,25
1204,211,2,16,25
1205,211,3,15,50
1206,211,3,16,50
1207,211,4,15,75
1208,211,4,16,75
1209,211,5,15,15
1210,211,5,16,15
1211,212,1,15,10
1212,212,1,16,10
1213,213,1,15,10
1214,213,1,16,10
1215,214,1,15,5
1216,214,1,16,5
1217,215,1,15,5
1218,215,1,16,5
1219,216,1,15,5
1220,216,1,16,5
1221,217,1,15,5
1222,217,1,16,5
1223,218,1,15,5
1224,218,1,16,5
1225,219,1,15,5
1226,219,1,16,5
1227,220,1,15,5
1228,220,1,16,5
1229,221,1,15,5
1230,221,1,16,5
1231,222,1,15,25
1232,222,1,16,25
1233,223,1,15,25
1234,223,1,16,25
1235,224,2,15,25
1236,224,2,16,25
1237,224,3,15,50
1238,224,3,16,50
1239,224,4,15,75
1240,224,4,16,75
1241,224,5,15,15
1242,224,5,16,15
1243,225,2,15,25
1244,225,2,16,25
1245,225,3,15,50
1246,225,3,16,50
1247,225,4,15,75
1248,225,4,16,75
1249,225,5,15,10
1250,225,5,16,10
1251,226,2,15,25
1252,226,2,16,25
1253,226,3,15,50
1254,226,3,16,50
1255,226,4,15,75
1256,226,4,16,75
1257,226,5,15,10
1258,226,5,16,10
1259,227,1,15,5
1260,227,1,16,5
1261,227,2,15,25
1262,227,2,16,25
1263,227,3,15,50
1264,227,3,16,50
1265,227,4,15,75
1266,227,4,16,75
1267,227,5,15,10
1268,227,5,16,10
1269,228,1,15,5
1270,228,1,16,5
1271,230,1,15,5
1272,230,1,16,5
1273,230,2,15,25
1274,230,2,16,25
1275,230,3,15,50
1276,230,3,16,50
1277,230,4,15,75
1278,230,4,16,75
1279,230,5,15,10
1280,230,5,16,10
1281,232,1,15,5
1282,232,1,16,5
1283,235,2,15,25
1284,235,2,16,25
1285,235,3,15,50
1286,235,3,16,50
1287,235,4,15,75
1288,235,4,16,75
1289,235,5,15,15
1290,235,5,16,15
1291,235,6,15,30
1292,235,6,16,30
1293,236,1,15,25
1294,236,1,16,25
1295,236,2,15,25
1296,236,2,16,25
1297,236,3,15,50
1298,236,3,16,50
1299,236,4,15,75
1300,236,4,16,75
1301,236,5,15,10
1302,236,5,16,10
1303,237,1,15,10
1304,237,1,16,10
1305,237,2,15,25
1306,237,2,16,25
1307,237,3,15,50
1308,237,3,16,50
1309,237,4,15,75
1310,237,4,16,75
1311,237,5,15,10
1312,237,5,16,10
1313,238,1,15,10
1314,238,1,16,10
1315,239,1,15,10
1316,239,1,16,10
1317,239,2,15,25
1318,239,2,16,25
1319,239,3,15,50
1320,239,3,16,50
1321,239,4,15,75
1322,239,4,16,75
1323,239,5,15,10
1324,239,5,16,10
1325,240,1,15,10
1326,240,1,16,10
1327,240,2,15,25
1328,240,2,16,25
1329,240,3,15,50
1330,240,3,16,50
1331,240,4,15,75
1332,240,4,16,75
1333,240,5,15,10
1334,240,5,16,10
1335,241,1,15,20
1336,241,1,16,20
1337,241,2,15,25
1338,241,2,16,25
1339,241,3,15,50
1340,241,3,16,50
1341,241,4,15,75
1342,241,4,16,75
1343,241,5,15,10
1344,241,5,16,10
1345,242,2,15,25
1346,242,2,16,25
1347,242,3,15,50
1348,242,3,16,50
1349,242,4,15,75
1350,242,4,16,75
1351,242,5,15,10
1352,242,5,16,10
1353,243,1,15,25
1354,243,1,16,25
1355,243,2,15,25
1356,243,2,16,25
1357,243,3,15,50
1358,243,3,16,50
1359,243,4,15,75
1360,243,4,16,75
1361,243,5,15,10
1362,243,5,16,10
1363,244,1,15,5
1364,244,1,16,5
1365,245,1,15,5
1366,245,1,16,5
1367,246,1,15,5
1368,246,1,16,5
1369,247,1,15,5
1370,247,1,16,5
1371,249,2,15,25
1372,249,2,16,25
1373,249,3,15,50
1374,249,3,16,50
1375,249,4,15,75
1376,249,4,16,75
1377,249,5,15,10
1378,249,5,16,10
1379,250,2,15,25
1380,250,2,16,25
1381,250,3,15,50
1382,250,3,16,50
1383,250,4,15,75
1384,250,4,16,75
1385,250,5,15,10
1386,250,5,16,10
1387,251,1,15,25
1388,251,1,16,25
1389,251,2,15,25
1390,251,2,16,25
1391,251,3,15,50
1392,251,3,16,50
1393,251,4,15,75
1394,251,4,16,75
1395,251,5,15,10
1396,251,5,16,10
1397,252,1,15,25
1398,252,1,16,25
1399,253,1,15,10
1400,253,1,16,10
1401,253,2,15,25
1402,253,2,16,25
1403,253,3,15,50
1404,253,3,16,50
1405,253,4,15,75
1406,253,4,16,75
1407,253,5,15,10
1408,253,5,16,10
1409,253,6,15,50
1410,253,6,16,50
1411,254,1,15,10
1412,254,1,16,10
1413,254,2,15,25
1414,254,2,16,25
1415,254,3,15,50
1416,254,3,16,50
1417,254,4,15,75
1418,254,4,16,75
1419,254,5,15,10
1420,254,5,16,10
1421,255,1,15,25
1422,255,1,16,25
1423,255,2,15,25
1424,255,2,16,25
1425,255,3,15,50
1426,255,3,16,50
1427,255,4,15,75
1428,255,4,16,75
1429,255,5,15,15
1430,255,5,16,15
1431,256,2,15,25
1432,256,2,16,25
1433,256,3,15,50
1434,256,3,16,50
1435,256,4,15,75
1436,256,4,16,75
1437,256,5,15,15
1438,256,5,16,15
1439,257,2,15,25
1440,257,2,16,25
1441,257,3,15,50
1442,257,3,16,50
1443,257,4,15,75
1444,257,4,16,75
1445,257,5,15,15
1446,257,5,16,15
1447,258,1,10,7
1448,258,1,11,7
1449,258,1,15,5
1450,258,1,16,5
1451,259,1,10,7
1452,259,1,11,7
1453,259,1,15,5
1454,259,1,16,5
1455,260,1,10,7
1456,260,1,11,7
1457,260,1,15,5
1458,260,1,16,5
1459,261,1,10,7
1460,261,1,11,7
1461,261,1,15,10
1462,261,1,16,10
1463,261,2,10,20
1464,261,2,11,20
1465,261,3,10,20
1466,261,3,11,20
1467,261,4,10,20
1468,261,4,11,20
1469,261,5,10,2
1470,261,5,11,2
1471,262,1,10,7
1472,262,1,11,7
1473,262,1,15,10
1474,262,1,16,10
1475,262,2,10,20
1476,262,2,11,20
1477,262,2,15,25
1478,262,2,16,25
1479,262,3,10,20
1480,262,3,11,20
1481,262,3,15,50
1482,262,3,16,50
1483,262,4,10,20
1484,262,4,11,20
1485,262,4,15,75
1486,262,4,16,75
1487,262,5,10,2
1488,262,5,11,2
1489,262,5,15,5
1490,262,5,16,5
1491,263,1,15,5
1492,263,1,16,5
1493,263,2,15,25
1494,263,2,16,25
1495,263,3,15,50
1496,263,3,16,50
1497,263,4,15,75
1498,263,4,16,75
1499,263,5,15,10
1500,263,5,16,10
1501,264,1,15,10
1502,264,1,16,10
1503,264,2,15,25
1504,264,2,16,25
1505,264,3,15,50
1506,264,3,16,50
1507,264,4,15,75
1508,264,4,16,75
1509,264,5,15,10
1510,264,5,16,10
1511,265,1,15,10
1512,265,1,16,10
1513,265,2,15,25
1514,265,2,16,25
1515,265,3,15,50
1516,265,3,16,50
1517,265,4,15,75
1518,265,4,16,75
1519,265,5,15,10
1520,265,5,16,10
1521,266,2,15,25
1522,266,2,16,25
1523,266,3,15,50
1524,266,3,16,50
1525,266,4,15,75
1526,266,4,16,75
1527,266,5,15,15
1528,266,5,16,15
1529,267,1,15,10
1530,267,1,16,10
1531,267,6,15,30
1532,267,6,16,30
1533,268,1,15,5
1534,268,1,16,5
1535,269,1,15,25
1536,269,1,16,25
1537,269,2,15,25
1538,269,2,16,25
1539,269,3,15,50
1540,269,3,16,50
1541,269,4,15,75
1542,269,4,16,75
1543,269,5,15,10
1544,269,5,16,10
1545,270,1,15,10
1546,270,1,16,10
1547,270,2,15,25
1548,270,2,16,25
1549,270,3,15,50
1550,270,3,16,50
1551,270,4,15,75
1552,270,4,16,75
1553,270,5,15,10
1554,270,5,16,10
1555,271,1,15,20
1556,271,1,16,20
1557,272,1,15,10
1558,272,1,16,10
1559,273,1,15,20
1560,273,1,16,20
1561,273,2,15,25
1562,273,2,16,25
1563,273,3,15,50
1564,273,3,16,50
1565,273,4,15,75
1566,273,4,16,75
1567,273,5,15,10
1568,273,5,16,10
1569,275,1,15,20
1570,275,1,16,20
1571,275,2,15,100
1572,275,2,16,100
1573,275,3,15,100
1574,275,3,16,100
1575,275,4,15,100
1576,275,4,16,100
1577,275,5,15,15
1578,275,5,16,15
1579,276,1,10,21
1580,276,1,11,21
1581,276,2,10,60
1582,276,2,11,60
1583,276,2,15,25
1584,276,2,16,25
1585,276,3,10,60
1586,276,3,11,60
1587,276,3,15,50
1588,276,3,16,50
1589,276,4,10,60
1590,276,4,11,60
1591,276,4,15,75
1592,276,4,16,75
1593,276,5,10,2
1594,276,5,11,2
1595,276,5,15,15
1596,276,5,16,15
1597,277,2,10,20
1598,277,2,11,20
1599,277,2,15,25
1600,277,2,16,25
1601,277,3,10,20
1602,277,3,11,20
1603,277,3,15,50
1604,277,3,16,50
1605,277,4,10,20
1606,277,4,11,20
1607,277,4,15,75
1608,277,4,16,75
1609,277,5,10,2
1610,277,5,11,2
1611,277,5,15,10
1612,277,5,16,10
1613,277,6,15,30
1614,277,6,16,30
1615,278,2,10,20
1616,278,2,11,20
1617,278,2,15,25
1618,278,2,16,25
1619,278,3,10,20
1620,278,3,11,20
1621,278,3,15,50
1622,278,3,16,50
1623,278,4,10,20
1624,278,4,11,20
1625,278,4,15,75
1626,278,4,16,75
1627,278,5,10,2
1628,278,5,11,2
1629,278,5,15,10
1630,278,5,16,10
1631,279,2,10,10
1632,279,2,11,10
1633,279,2,15,25
1634,279,2,16,25
1635,279,3,10,10
1636,279,3,11,10
1637,279,3,15,50
1638,279,3,16,50
1639,279,4,10,10
1640,279,4,11,10
1641,279,4,15,75
1642,279,4,16,75
1643,279,5,10,1
1644,279,5,11,1
1645,279,5,15,15
1646,279,5,16,15
1647,280,2,10,10
1648,280,2,11,10
1649,280,2,15,25
1650,280,2,16,25
1651,280,3,10,10
1652,280,3,11,10
1653,280,3,15,50
1654,280,3,16,50
1655,280,4,10,10
1656,280,4,11,10
1657,280,4,15,75
1658,280,4,16,75
1659,280,5,10,1
1660,280,5,11,1
1661,280,5,15,15
1662,280,5,16,15
1663,281,2,10,10
1664,281,2,11,10
1665,281,2,15,25
1666,281,2,16,25
1667,281,3,10,10
1668,281,3,11,10
1669,281,3,15,50
1670,281,3,16,50
1671,281,4,10,10
1672,281,4,11,10
1673,281,4,15,75
1674,281,4,16,75
1675,281,5,10,1
1676,281,5,11,1
1677,281,5,15,10
1678,281,5,16,10
1679,282,2,10,10
1680,282,2,11,10
1681,282,2,15,25
1682,282,2,16,25
1683,282,3,10,10
1684,282,3,11,10
1685,282,3,15,50
1686,282,3,16,50
1687,282,4,10,10
1688,282,4,11,10
1689,282,4,15,75
1690,282,4,16,75
1691,282,5,10,1
1692,282,5,11,1
1693,282,5,15,15
1694,282,5,16,15
1695,282,6,15,40
1696,282,6,16,40
1697,283,2,10,10
1698,283,2,11,10
1699,283,3,10,10
1700,283,3,11,10
1701,283,4,10,10
1702,283,4,11,10
1703,283,5,10,1
1704,283,5,11,1
1705,283,5,15,15
1706,283,5,16,15
1707,284,2,10,10
1708,284,2,11,10
1709,284,2,15,25
1710,284,2,16,25
1711,284,3,10,10
1712,284,3,11,10
1713,284,3,15,50
1714,284,3,16,50
1715,284,4,10,10
1716,284,4,11,10
1717,284,4,15,75
1718,284,4,16,75
1719,284,5,10,1
1720,284,5,11,1
1721,284,5,15,15
1722,284,5,16,15
1723,285,2,10,10
1724,285,2,11,10
1725,285,2,15,25
1726,285,2,16,25
1727,285,3,10,10
1728,285,3,11,10
1729,285,3,15,50
1730,285,3,16,50
1731,285,4,10,10
1732,285,4,11,10
1733,285,4,15,75
1734,285,4,16,75
1735,285,5,10,1
1736,285,5,11,1
1737,285,5,15,15
1738,285,5,16,15
1739,286,1,15,25
1740,286,1,16,25
1741,287,1,15,25
1742,287,1,16,25
1743,287,2,15,25
1744,287,2,16,25
1745,287,3,15,50
1746,287,3,16,50
1747,287,4,15,75
1748,287,4,16,75
1749,287,5,15,10
1750,287,5,16,10
1751,288,1,15,25
1752,288,1,16,25
1753,288,2,15,25
1754,288,2,16,25
1755,288,3,15,50
1756,288,3,16,50
1757,288,4,15,75
1758,288,4,16,75
1759,288,5,15,10
1760,288,5,16,10
1761,289,1,15,25
1762,289,1,16,25
1763,289,2,15,25
1764,289,2,16,25
1765,289,3,15,50
1766,289,3,16,50
1767,289,4,15,75
1768,289,4,16,75
1769,289,5,15,10
1770,289,5,16,10
1771,290,1,10,7
1772,290,1,11,7
1773,290,1,15,15
1774,290,1,16,15
1775,291,1,15,15
1776,291,1,16,15
1777,292,1,10,7
1778,292,1,11,7
1779,292,1,15,15
1780,292,1,16,15
1781,293,1,10,7
1782,293,1,11,7
1783,293,1,15,15
1784,293,1,16,15
1785,293,6,10,50
1786,293,6,11,50
1787,293,6,15,20
1788,293,6,16,20
1789,294,1,15,10
1790,294,1,16,10
1791,295,1,10,21
1792,295,1,11,21
1793,295,1,15,20
1794,295,1,16,20
1795,296,1,10,21
1796,296,1,11,21
1797,296,1,15,20
1798,296,1,16,20
1799,297,1,10,21
1800,297,1,11,21
1801,297,1,15,20
1802,297,1,16,20
1803,298,1,10,21
1804,298,1,11,21
1805,298,1,15,20
1806,298,1,16,20
1807,298,2,10,20
1808,298,2,11,20
1809,298,2,15,25
1810,298,2,16,25
1811,298,3,10,20
1812,298,3,11,20
1813,298,3,15,50
1814,298,3,16,50
1815,298,4,10,20
1816,298,4,11,20
1817,298,4,15,75
1818,298,4,16,75
1819,298,5,10,2
1820,298,5,11,2
1821,298,5,15,15
1822,298,5,16,15
1823,299,1,10,21
1824,299,1,11,21
1825,299,1,15,20
1826,299,1,16,20
1827,300,1,10,21
1828,300,1,11,21
1829,300,1,15,20
1830,300,1,16,20
1831,300,2,10,20
1832,300,2,11,20
1833,300,2,15,25
1834,300,2,16,25
1835,300,3,10,20
1836,300,3,11,20
1837,300,3,15,50
1838,300,3,16,50
1839,300,4,10,20
1840,300,4,11,20
1841,300,4,15,75
1842,300,4,16,75
1843,300,5,10,2
1844,300,5,11,2
1845,300,5,15,15
1846,300,5,16,15
1847,301,1,10,21
1848,301,1,11,21
1849,301,1,15,20
1850,301,1,16,20
1851,302,1,10,21
1852,302,1,11,21
1853,302,1,15,20
1854,302,1,16,20
1855,303,1,10,21
1856,303,1,11,21
1857,303,1,15,20
1858,303,1,16,20
1859,303,2,15,25
1860,303,2,16,25
1861,303,3,15,50
1862,303,3,16,50
1863,303,4,15,75
1864,303,4,16,75
1865,303,5,15,15
1866,303,5,16,15
1867,304,1,10,21
1868,304,1,11,21
1869,304,1,15,20
1870,304,1,16,20
1871,304,2,10,20
1872,304,2,11,20
1873,304,2,15,25
1874,304,2,16,25
1875,304,3,10,20
1876,304,3,11,20
1877,304,3,15,50
1878,304,3,16,50
1879,304,4,10,20
1880,304,4,11,20
1881,304,4,15,75
1882,304,4,16,75
1883,304,5,10,2
1884,304,5,11,2
1885,304,5,15,15
1886,304,5,16,15
1887,305,1,10,21
1888,305,1,11,21
1889,305,1,15,20
1890,305,1,16,20
1891,305,2,10,20
1892,305,2,11,20
1893,305,3,10,20
1894,305,3,11,20
1895,305,4,10,20
1896,305,4,11,20
1897,305,5,10,2
1898,305,5,11,2
1899,306,1,10,21
1900,306,1,11,21
1901,306,1,15,20
1902,306,1,16,20
1903,306,2,10,20
1904,306,2,11,20
1905,306,2,15,25
1906,306,2,16,25
1907,306,3,10,20
1908,306,3,11,20
1909,306,3,15,50
1910,306,3,16,50
1911,306,4,10,20
1912,306,4,11,20
1913,306,4,15,75
1914,306,4,16,75
1915,306,5,10,2
1916,306,5,11,2
1917,306,5,15,15
1918,306,5,16,15
1919,307,1,10,21
1920,307,1,11,21
1921,307,1,15,20
1922,307,1,16,20
1923,308,1,10,21
1924,308,1,11,21
1925,308,1,15,20
1926,308,1,16,20
1927,309,1,10,21
1928,309,1,11,21
1929,309,1,15,20
1930,309,1,16,20
1931,310,1,10,21
1932,310,1,11,21
1933,310,1,15,20
1934,310,1,16,20
1935,311,1,10,21
1936,311,1,11,21
1937,311,1,15,20
1938,311,1,16,20
1939,312,1,10,14
1940,312,1,11,14
1941,312,1,15,20
1942,312,1,16,20
1943,312,2,10,20
1944,312,2,11,20
1945,312,2,15,25
1946,312,2,16,25
1947,312,3,10,20
1948,312,3,11,20
1949,312,3,15,50
1950,312,3,16,50
1951,312,4,10,20
1952,312,4,11,20
1953,312,4,15,75
1954,312,4,16,75
1955,312,5,10,2
1956,312,5,11,2
1957,312,5,15,10
1958,312,5,16,10
1959,313,1,10,21
1960,313,1,11,21
1961,313,1,15,20
1962,313,1,16,20
1963,313,2,10,20
1964,313,2,11,20
1965,313,2,15,25
1966,313,2,16,25
1967,313,3,10,20
1968,313,3,11,20
1969,313,3,15,50
1970,313,3,16,50
1971,313,4,10,20
1972,313,4,11,20
1973,313,4,15,75
1974,313,4,16,75
1975,313,5,10,2
1976,313,5,11,2
1977,313,5,15,10
1978,313,5,16,10
1979,314,1,10,21
1980,314,1,11,21
1981,314,1,15,20
1982,314,1,16,20
1983,314,2,10,20
1984,314,2,11,20
1985,314,2,15,25
1986,314,2,16,25
1987,314,3,10,20
1988,314,3,11,20
1989,314,3,15,50
1990,314,3,16,50
1991,314,4,10,20
1992,314,4,11,20
1993,314,4,15,75
1994,314,4,16,75
1995,314,5,10,2
1996,314,5,11,2
1997,314,5,15,10
1998,314,5,16,10
1999,315,1,10,21
2000,315,1,11,21
2001,315,1,15,20
2002,315,1,16,20
2003,315,2,10,20
2004,315,2,11,20
2005,315,2,15,25
2006,315,2,16,25
2007,315,3,10,20
2008,315,3,11,20
2009,315,3,15,50
2010,315,3,16,50
2011,315,4,10,20
2012,315,4,11,20
2013,315,4,15,75
2014,315,4,16,75
2015,315,5,10,2
2016,315,5,11,2
2017,315,5,15,10
2018,315,5,16,10
2019,316,1,15,15
2020,316,1,16,15
2021,316,2,15,25
2022,316,2,16,25
2023,316,3,15,50
2024,316,3,16,50
2025,316,4,15,75
2026,316,4,16,75
2027,316,5,15,10
2028,316,5,16,10
2029,317,1,10,5
2030,317,1,11,5
2031,317,1,15,10
2032,317,1,16,10
2033,318,1,15,10
2034,318,1,16,10
2035,319,1,15,10
2036,319,1,16,10
2037,319,6,15,40
2038,319,6,16,40
2039,320,1,15,20
2040,320,1,16,20
2041,321,1,10,14
2042,321,1,11,14
2043,321,1,15,15
2044,321,1,16,15
2045,323,1,10,7
2046,323,1,11,7
2047,323,1,15,10
2048,323,1,16,10
2049,323,2,10,20
2050,323,2,11,20
2051,323,2,15,25
2052,323,2,16,25
2053,323,3,10,20
2054,323,3,11,20
2055,323,3,15,50
2056,323,3,16,50
2057,323,4,10,20
2058,323,4,11,20
2059,323,4,15,75
2060,323,4,16,75
2061,323,5,10,2
2062,323,5,11,2
2063,323,5,15,10
2064,323,5,16,10
2065,323,6,10,50
2066,323,6,11,50
2067,323,6,15,5
2068,323,6,16,5
2069,324,1,10,7
2070,324,1,11,7
2071,324,1,15,10
2072,324,1,16,10
2073,324,2,15,25
2074,324,2,16,25
2075,324,3,15,50
2076,324,3,16,50
2077,324,4,15,75
2078,324,4,16,75
2079,324,5,15,10
2080,324,5,16,10
2081,324,6,10,50
2082,324,6,11,50
2083,325,1,10,7
2084,325,1,11,7
2085,325,1,15,10
2086,325,1,16,10
2087,325,2,10,20
2088,325,2,11,20
2089,325,2,15,25
2090,325,2,16,25
2091,325,3,10,20
2092,325,3,11,20
2093,325,3,15,50
2094,325,3,16,50
2095,325,4,10,20
2096,325,4,11,20
2097,325,4,15,75
2098,325,4,16,75
2099,325,5,10,2
2100,325,5,11,2
2101,325,5,15,10
2102,325,5,16,10
2103,325,6,10,50
2104,325,6,11,50
2105,325,6,15,5
2106,325,6,16,5
2107,326,1,10,5
2108,326,1,11,5
2109,327,1,10,7
2110,327,1,11,7
2111,329,1,10,21
2112,329,1,11,21
2113,329,2,10,20
2114,329,2,11,20
2115,329,3,10,20
2116,329,3,11,20
2117,329,4,10,20
2118,329,4,11,20
2119,329,5,10,2
2120,329,5,11,2
2121,330,1,10,7
2122,330,1,11,7
2123,331,1,10,7
2124,331,1,11,7
2125,332,1,10,7
2126,332,1,11,7
2127,333,1,10,7
2128,333,1,11,7
2129,336,1,10,2
2130,336,1,11,2
2131,337,1,10,4
2132,337,1,11,4
2133,338,1,10,6
2134,338,1,11,6
2135,339,1,10,8
2136,339,1,11,8
2137,340,1,10,10
2138,340,1,11,10
2139,341,1,10,7
2140,341,1,11,7
2141,342,1,10,7
2142,342,1,11,7
2143,343,1,10,7
2144,343,1,11,7
2145,344,1,10,5
2146,344,1,11,5
2147,345,1,10,21
2148,345,1,11,21
2149,345,2,10,20
2150,345,2,11,20
2151,345,3,10,20
2152,345,3,11,20
2153,345,4,10,20
2154,345,4,11,20
2155,345,5,10,2
2156,345,5,11,2
2157,346,1,10,21
2158,346,1,11,21
2159,346,2,10,20
2160,346,2,11,20
2161,346,3,10,20
2162,346,3,11,20
2163,346,4,10,20
2164,346,4,11,20
2165,346,5,10,2
2166,346,5,11,2
2167,347,1,10,21
2168,347,1,11,21
2169,347,2,10,20
2170,347,2,11,20
2171,347,3,10,20
2172,347,3,11,20
2173,347,4,10,20
2174,347,4,11,20
2175,347,5,10,2
2176,347,5,11,2
2177,348,1,10,21
2178,348,1,11,21
2179,348,2,10,20
2180,348,2,11,20
2181,348,3,10,20
2182,348,3,11,20
2183,348,4,10,20
2184,348,4,11,20
2185,348,5,10,2
2186,348,5,11,2
2187,350,2,7,10
2188,350,2,8,10
2189,350,2,9,10
2190,350,3,7,10
2191,350,3,8,10
2192,350,3,9,10
2193,350,4,7,10
2194,350,4,8,10
2195,350,4,9,10
2196,350,5,7,1
2197,350,5,8,1
2198,350,5,9,1
2199,351,2,7,10
2200,351,2,8,10
2201,351,2,9,10
2202,351,3,7,10
2203,351,3,8,10
2204,351,3,9,10
2205,351,4,7,10
2206,351,4,8,10
2207,351,4,9,10
2208,351,5,7,4
2209,351,5,8,4
2210,351,5,9,4
2211,352,2,7,10
2212,352,2,8,10
2213,352,2,9,10
2214,352,3,7,10
2215,352,3,8,10
2216,352,3,9,10
2217,352,4,7,10
2218,352,4,8,10
2219,352,4,9,10
2220,352,5,7,4
2221,352,5,8,4
2222,352,5,9,4
2223,353,2,7,10
2224,353,2,8,10
2225,353,2,9,10
2226,353,3,7,10
2227,353,3,8,10
2228,353,3,9,10
2229,353,4,7,10
2230,353,4,8,10
2231,353,4,9,10
2232,353,5,7,4
2233,353,5,8,4
2234,353,5,9,4
2235,354,2,7,10
2236,354,2,8,10
2237,354,2,9,10
2238,354,3,7,10
2239,354,3,8,10
2240,354,3,9,10
2241,354,4,7,10
2242,354,4,8,10
2243,354,4,9,10
2244,354,5,7,1
2245,354,5,8,1
2246,354,5,9,1
2247,355,2,7,10
2248,355,2,8,10
2249,355,2,9,10
2250,355,3,7,10
2251,355,3,8,10
2252,355,3,9,10
2253,355,4,7,10
2254,355,4,8,10
2255,355,4,9,10
2256,355,5,7,4
2257,355,5,8,4
2258,355,5,9,4
2259,356,1,7,10
2260,356,1,8,10
2261,356,1,9,10
2262,356,2,7,30
2263,356,2,8,30
2264,356,2,9,30
2265,356,3,7,30
2266,356,3,8,30
2267,356,3,9,30
2268,356,4,7,30
2269,356,4,8,30
2270,356,4,9,30
2271,356,5,7,4
2272,356,5,8,4
2273,356,5,9,4
2274,357,1,7,10
2275,357,1,8,10
2276,357,1,9,10
2277,357,2,7,30
2278,357,2,8,30
2279,357,2,9,30
2280,357,3,7,30
2281,357,3,8,30
2282,357,3,9,30
2283,357,4,7,30
2284,357,4,8,30
2285,357,4,9,30
2286,357,5,7,4
2287,357,5,8,4
2288,357,5,9,4
2289,358,1,7,10
2290,358,1,8,10
2291,358,1,9,10
2292,358,2,7,30
2293,358,2,8,30
2294,358,2,9,30
2295,358,3,7,30
2296,358,3,8,30
2297,358,3,9,30
2298,358,4,7,30
2299,358,4,8,30
2300,358,4,9,30
2301,358,5,7,4
2302,358,5,8,4
2303,358,5,9,4
2304,359,1,7,10
2305,359,1,8,10
2306,359,1,9,10
2307,359,2,7,30
2308,359,2,8,30
2309,359,2,9,30
2310,359,3,7,30
2311,359,3,8,30
2312,359,3,9,30
2313,359,4,7,30
2314,359,4,8,30
2315,359,4,9,30
2316,359,5,7,4
2317,359,5,8,4
2318,359,5,9,4
2319,360,1,7,10
2320,360,1,8,10
2321,360,1,9,10
2322,361,1,7,10
2323,361,1,8,10
2324,361,1,9,10
2325,362,1,7,10
2326,362,1,8,10
2327,362,1,9,10
2328,363,1,7,10
2329,363,1,8,10
2330,363,1,9,10
2331,363,6,7,20
2332,363,6,8,20
2333,363,6,9,20
2334,364,1,7,10
2335,364,1,8,10
2336,364,1,9,10
2337,365,1,7,20
2338,365,1,8,20
2339,365,1,9,20
2340,366,1,7,20
2341,366,1,8,20
2342,366,1,9,20
2343,367,1,7,10
2344,367,1,8,10
2345,367,1,9,10
2346,368,1,7,10
2347,368,1,8,10
2348,368,1,9,10
2349,369,1,7,10
2350,369,1,8,10
2351,369,1,9,10
2352,370,1,7,10
2353,370,1,8,10
2354,370,1,9,10
2355,371,1,7,10
2356,371,1,8,10
2357,371,1,9,10
2358,372,1,7,10
2359,372,1,8,10
2360,372,1,9,10
2361,373,1,7,10
2362,373,1,8,10
2363,373,1,9,10
2364,374,1,7,10
2365,374,1,8,10
2366,374,1,9,10
2367,375,1,7,10
2368,375,1,8,10
2369,375,1,9,10
2370,376,1,7,4
2371,376,1,8,4
2372,376,1,9,4
2373,376,2,7,10
2374,376,2,8,10
2375,376,2,9,10
2376,376,3,7,10
2377,376,3,8,10
2378,376,3,9,10
2379,376,4,7,10
2380,376,4,8,10
2381,376,4,9,10
2382,376,5,7,4
2383,376,5,8,4
2384,376,5,9,4
2385,377,1,7,4
2386,377,1,8,4
2387,377,1,9,4
2388,378,1,7,4
2389,378,1,8,4
2390,378,1,9,4
2391,379,1,7,4
2392,379,1,8,4
2393,379,1,9,4
2394,380,1,7,4
2395,380,1,8,4
2396,380,1,9,4
2397,381,1,7,4
2398,381,1,8,4
2399,381,1,9,4
2400,382,1,7,10
2401,382,1,8,10
2402,382,1,9,10
2403,383,1,7,10
2404,383,1,8,10
2405,383,1,9,10
2406,383,6,7,20
2407,383,6,8,20
2408,383,6,9,20
2409,384,1,7,10
2410,384,1,8,10
2411,384,1,9,10
2412,384,2,7,30
2413,384,2,8,30
2414,384,2,9,30
2415,384,3,7,30
2416,384,3,8,30
2417,384,3,9,30
2418,384,4,7,30
2419,384,4,8,30
2420,384,4,9,30
2421,384,5,7,4
2422,384,5,8,4
2423,384,5,9,4
2424,385,1,7,10
2425,385,1,8,10
2426,385,1,9,10
2427,385,2,7,10
2428,385,2,8,10
2429,385,2,9,10
2430,385,3,7,10
2431,385,3,8,10
2432,385,3,9,10
2433,385,4,7,10
2434,385,4,8,10
2435,385,4,9,10
2436,385,5,7,4
2437,385,5,8,4
2438,385,5,9,4
2439,386,1,7,10
2440,386,1,8,10
2441,386,1,9,10
2442,387,1,7,10
2443,387,1,8,10
2444,387,1,9,10
2445,388,1,7,10
2446,388,1,8,10
2447,388,1,9,10
2448,389,2,7,20
2449,389,2,8,20
2450,389,2,9,20
2451,389,3,7,20
2452,389,3,8,20
2453,389,3,9,20
2454,389,4,7,20
2455,389,4,8,20
2456,389,4,9,20
2457,389,5,7,4
2458,389,5,8,4
2459,389,5,9,4
2460,390,1,7,10
2461,390,1,8,10
2462,390,1,9,10
2463,391,1,7,10
2464,391,1,8,10
2465,391,1,9,10
2466,392,1,7,10
2467,392,1,8,10
2468,392,1,9,10
2469,393,1,7,20
2470,393,1,8,20
2471,393,1,9,20
2472,394,1,7,20
2473,394,1,8,20
2474,394,1,9,20
2475,394,2,7,30
2476,394,2,8,30
2477,394,2,9,30
2478,394,3,7,30
2479,394,3,8,30
2480,394,3,9,30
2481,394,4,7,30
2482,394,4,8,30
2483,394,4,9,30
2484,394,5,7,4
2485,394,5,8,4
2486,394,5,9,4
2487,395,1,7,20
2488,395,1,8,20
2489,395,1,9,20
2490,395,2,7,30
2491,395,2,8,30
2492,395,2,9,30
2493,395,3,7,30
2494,395,3,8,30
2495,395,3,9,30
2496,395,4,7,30
2497,395,4,8,30
2498,395,4,9,30
2499,395,5,7,4
2500,395,5,8,4
2501,395,5,9,4
2502,396,1,7,20
2503,396,1,8,20
2504,396,1,9,20
2505,396,2,7,30
2506,396,2,8,30
2507,396,2,9,30
2508,396,3,7,30
2509,396,3,8,30
2510,396,3,9,30
2511,396,4,7,30
2512,396,4,8,30
2513,396,4,9,30
2514,396,5,7,4
2515,396,5,8,4
2516,396,5,9,4
2517,397,2,7,30
2518,397,2,8,30
2519,397,2,9,30
2520,397,3,7,30
2521,397,3,8,30
2522,397,3,9,30
2523,397,4,7,30
2524,397,4,8,30
2525,397,4,9,30
2526,397,5,7,4
2527,397,5,8,4
2528,397,5,9,4
2529,398,2,7,30
2530,398,2,8,30
2531,398,2,9,30
2532,398,3,7,30
2533,398,3,8,30
2534,398,3,9,30
2535,398,4,7,30
2536,398,4,8,30
2537,398,4,9,30
2538,398,5,7,4
2539,398,5,8,4
2540,398,5,9,4
2541,399,2,7,30
2542,399,2,8,30
2543,399,2,9,30
2544,399,3,7,30
2545,399,3,8,30
2546,399,3,9,30
2547,399,4,7,30
2548,399,4,8,30
2549,399,4,9,30
2550,399,5,7,4
2551,399,5,8,4
2552,399,5,9,4
2553,400,2,7,30
2554,400,2,8,30
2555,400,2,9,30
2556,400,3,7,30
2557,400,3,8,30
2558,400,3,9,30
2559,400,4,7,30
2560,400,4,8,30
2561,400,4,9,30
2562,400,5,7,4
2563,400,5,8,4
2564,400,5,9,4
2565,401,2,7,30
2566,401,2,8,30
2567,401,2,9,30
2568,401,3,7,30
2569,401,3,8,30
2570,401,3,9,30
2571,401,4,7,30
2572,401,4,8,30
2573,401,4,9,30
2574,401,5,7,4
2575,401,5,8,4
2576,401,5,9,4
2577,402,1,7,20
2578,402,1,8,20
2579,402,1,9,20
2580,402,2,7,30
2581,402,2,8,30
2582,402,2,9,30
2583,402,3,7,30
2584,402,3,8,30
2585,402,3,9,30
2586,402,4,7,30
2587,402,4,8,30
2588,402,4,9,30
2589,402,5,7,4
2590,402,5,8,4
2591,402,5,9,4
2592,403,1,7,10
2593,403,1,8,10
2594,403,1,9,10
2595,403,2,7,30
2596,403,2,8,30
2597,403,2,9,30
2598,403,3,7,30
2599,403,3,8,30
2600,403,3,9,30
2601,403,4,7,30
2602,403,4,8,30
2603,403,4,9,30
2604,403,5,7,4
2605,403,5,8,4
2606,403,5,9,4
2607,403,6,7,20
2608,403,6,8,20
2609,403,6,9,20
2610,404,1,7,20
2611,404,1,8,20
2612,404,1,9,20
2613,405,1,7,20
2614,405,1,8,20
2615,405,1,9,20
2616,406,1,7,20
2617,406,1,8,20
2618,406,1,9,20
2619,406,2,7,30
2620,406,2,8,30
2621,406,2,9,30
2622,406,3,7,30
2623,406,3,8,30
2624,406,3,9,30
2625,406,4,7,30
2626,406,4,8,30
2627,406,4,9,30
2628,406,5,7,4
2629,406,5,8,4
2630,406,5,9,4
2631,406,6,7,20
2632,406,6,8,20
2633,406,6,9,20
2634,407,1,7,20
2635,407,1,8,20
2636,407,1,9,20
2637,407,2,7,30
2638,407,2,8,30
2639,407,2,9,30
2640,407,3,7,30
2641,407,3,8,30
2642,407,3,9,30
2643,407,4,7,30
2644,407,4,8,30
2645,407,4,9,30
2646,407,5,7,4
2647,407,5,8,4
2648,407,5,9,4
2649,408,1,7,20
2650,408,1,8,20
2651,408,1,9,20
2652,409,1,7,20
2653,409,1,8,20
2654,409,1,9,20
2655,409,2,7,30
2656,409,2,8,30
2657,409,2,9,30
2658,409,3,7,30
2659,409,3,8,30
2660,409,3,9,30
2661,409,4,7,30
2662,409,4,8,30
2663,409,4,9,30
2664,409,5,7,4
2665,409,5,8,4
2666,409,5,9,4
2667,410,1,7,20
2668,410,1,8,20
2669,410,1,9,20
2670,410,2,7,30
2671,410,2,8,30
2672,410,2,9,30
2673,410,3,7,30
2674,410,3,8,30
2675,410,3,9,30
2676,410,4,7,30
2677,410,4,8,30
2678,410,4,9,30
2679,410,5,7,4
2680,410,5,8,4
2681,410,5,9,4
2682,411,1,7,15
2683,411,1,8,15
2684,411,1,9,15
2685,411,2,7,30
2686,411,2,8,30
2687,411,2,9,30
2688,411,3,7,30
2689,411,3,8,30
2690,411,3,9,30
2691,411,4,7,30
2692,411,4,8,30
2693,411,4,9,30
2694,411,5,7,4
2695,411,5,8,4
2696,411,5,9,4
2697,412,1,7,20
2698,412,1,8,20
2699,412,1,9,20
2700,412,2,7,30
2701,412,2,8,30
2702,412,2,9,30
2703,412,3,7,30
2704,412,3,8,30
2705,412,3,9,30
2706,412,4,7,30
2707,412,4,8,30
2708,412,4,9,30
2709,412,5,7,4
2710,412,5,8,4
2711,412,5,9,4
2712,413,1,7,20
2713,413,1,8,20
2714,413,1,9,20
2715,413,2,7,30
2716,413,2,8,30
2717,413,2,9,30
2718,413,3,7,30
2719,413,3,8,30
2720,413,3,9,30
2721,413,4,7,30
2722,413,4,8,30
2723,413,4,9,30
2724,413,5,7,4
2725,413,5,8,4
2726,413,5,9,4
2727,414,2,7,30
2728,414,2,8,30
2729,414,2,9,30
2730,414,3,7,30
2731,414,3,8,30
2732,414,3,9,30
2733,414,4,7,30
2734,414,4,8,30
2735,414,4,9,30
2736,414,5,7,4
2737,414,5,8,4
2738,414,5,9,4
2739,415,1,7,20
2740,415,1,8,20
2741,415,1,9,20
2742,415,2,7,30
2743,415,2,8,30
2744,415,2,9,30
2745,415,3,7,30
2746,415,3,8,30
2747,415,3,9,30
2748,415,4,7,30
2749,415,4,8,30
2750,415,4,9,30
2751,415,5,7,4
2752,415,5,8,4
2753,415,5,9,4
2754,416,2,7,30
2755,416,2,8,30
2756,416,2,9,30
2757,416,3,7,30
2758,416,3,8,30
2759,416,3,9,30
2760,416,4,7,30
2761,416,4,8,30
2762,416,4,9,30
2763,416,5,7,4
2764,416,5,8,4
2765,416,5,9,4
2766,417,5,7,4
2767,417,5,8,4
2768,417,5,9,4
2769,418,2,7,30
2770,418,2,8,30
2771,418,2,9,30
2772,418,3,7,30
2773,418,3,8,30
2774,418,3,9,30
2775,418,4,7,30
2776,418,4,8,30
2777,418,4,9,30
2778,418,5,7,4
2779,418,5,8,4
2780,418,5,9,4
2781,419,2,7,30
2782,419,2,8,30
2783,419,2,9,30
2784,419,3,7,30
2785,419,3,8,30
2786,419,3,9,30
2787,419,4,7,30
2788,419,4,8,30
2789,419,4,9,30
2790,419,5,7,4
2791,419,5,8,4
2792,419,5,9,4
2793,420,5,7,4
2794,420,5,8,4
2795,420,5,9,4
2796,421,2,7,30
2797,421,2,8,30
2798,421,2,9,30
2799,421,3,7,30
2800,421,3,8,30
2801,421,3,9,30
2802,421,4,7,30
2803,421,4,8,30
2804,421,4,9,30
2805,421,5,7,4
2806,421,5,8,4
2807,421,5,9,4
2808,422,2,7,30
2809,422,2,8,30
2810,422,2,9,30
2811,422,3,7,30
2812,422,3,8,30
2813,422,3,9,30
2814,422,4,7,30
2815,422,4,8,30
2816,422,4,9,30
2817,422,5,7,4
2818,422,5,8,4
2819,422,5,9,4
2820,423,2,7,30
2821,423,2,8,30
2822,423,2,9,30
2823,423,3,7,30
2824,423,3,8,30
2825,423,3,9,30
2826,423,4,7,30
2827,423,4,8,30
2828,423,4,9,30
2829,423,5,7,4
2830,423,5,8,4
2831,423,5,9,4
2832,424,1,7,20
2833,424,1,8,20
2834,424,1,9,20
2835,424,2,7,30
2836,424,2,8,30
2837,424,2,9,30
2838,424,3,7,30
2839,424,3,8,30
2840,424,3,9,30
2841,424,4,7,30
2842,424,4,8,30
2843,424,4,9,30
2844,424,5,7,4
2845,424,5,8,4
2846,424,5,9,4
2847,425,2,7,30
2848,425,2,8,30
2849,425,2,9,30
2850,425,3,7,30
2851,425,3,8,30
2852,425,3,9,30
2853,425,4,7,30
2854,425,4,8,30
2855,425,4,9,30
2856,425,5,7,4
2857,425,5,8,4
2858,425,5,9,4
2859,426,2,7,30
2860,426,2,8,30
2861,426,2,9,30
2862,426,3,7,30
2863,426,3,8,30
2864,426,3,9,30
2865,426,4,7,30
2866,426,4,8,30
2867,426,4,9,30
2868,426,5,7,4
2869,426,5,8,4
2870,426,5,9,4
2871,427,2,7,30
2872,427,2,8,30
2873,427,2,9,30
2874,427,3,7,30
2875,427,3,8,30
2876,427,3,9,30
2877,427,4,7,30
2878,427,4,8,30
2879,427,4,9,30
2880,427,5,7,4
2881,427,5,8,4
2882,427,5,9,4
2883,428,2,7,30
2884,428,2,8,30
2885,428,2,9,30
2886,428,3,7,30
2887,428,3,8,30
2888,428,3,9,30
2889,428,4,7,30
2890,428,4,8,30
2891,428,4,9,30
2892,428,5,7,4
2893,428,5,8,4
2894,428,5,9,4
2895,429,1,7,25
2896,429,1,8,25
2897,429,1,9,25
2898,429,2,7,35
2899,429,2,8,35
2900,429,2,9,35
2901,429,3,7,35
2902,429,3,8,35
2903,429,3,9,35
2904,429,4,7,35
2905,429,4,8,35
2906,429,4,9,35
2907,429,5,7,9
2908,429,5,8,9
2909,429,5,9,9
2910,430,1,7,25
2911,430,1,8,25
2912,430,1,9,25
2913,430,6,7,25
2914,430,6,8,25
2915,430,6,9,25
2916,431,1,7,25
2917,431,1,8,25
2918,431,1,9,25
2919,431,2,7,35
2920,431,2,8,35
2921,431,2,9,35
2922,431,3,7,35
2923,431,3,8,35
2924,431,3,9,35
2925,431,4,7,35
2926,431,4,8,35
2927,431,4,9,35
2928,431,5,7,9
2929,431,5,8,9
2930,431,5,9,9
2931,432,1,7,25
2932,432,1,8,25
2933,432,1,9,25
2934,433,2,7,10
2935,433,2,8,10
2936,433,2,9,10
2937,433,3,7,10
2938,433,3,8,10
2939,433,3,9,10
2940,433,4,7,10
2941,433,4,8,10
2942,433,4,9,10
2943,433,5,7,4
2944,433,5,8,4
2945,433,5,9,4
2946,434,2,7,10
2947,434,2,8,10
2948,434,2,9,10
2949,434,3,7,10
2950,434,3,8,10
2951,434,3,9,10
2952,434,4,7,10
2953,434,4,8,10
2954,434,4,9,10
2955,434,5,7,4
2956,434,5,8,4
2957,434,5,9,4
2958,435,1,9,25
2959,435,2,9,35
2960,435,3,9,35
2961,435,4,9,35
2962,435,5,9,9
2963,436,1,9,25
2964,436,6,9,25
2965,437,1,9,10
2966,438,1,9,10
2967,439,1,9,10
2968,440,1,9,10
2969,441,1,9,7
2970,442,1,9,7
2971,443,1,9,7
2972,444,1,9,7
2973,445,1,9,7
2974,446,1,9,7
2975,447,1,9,7
2976,448,1,9,7
2977,449,1,9,7
2978,450,1,10,7
2979,450,1,11,7
2980,451,1,10,7
2981,451,1,11,7
2982,452,1,10,7
2983,452,1,11,7
2984,453,1,10,7
2985,453,1,11,7
2986,454,1,10,7
2987,454,1,11,7
2988,455,1,10,7
2989,455,1,11,7
2990,456,1,10,7
2991,456,1,11,7
2992,461,2,10,10
2993,461,2,11,10
2994,461,3,10,10
2995,461,3,11,10
2996,461,4,10,10
2997,461,4,11,10
2998,461,5,10,1
2999,461,5,11,1
3000,488,1,10,21
3001,488,1,11,21
3002,488,6,10,50
3003,488,6,11,50
3004,489,1,10,7
3005,489,1,11,7
3006,490,1,10,7
3007,490,1,11,7
3008,490,6,10,50
3009,490,6,11,50
3010,491,1,10,7
3011,491,1,11,7
3012,491,6,10,50
3013,491,6,11,50
3014,492,1,10,7
3015,492,1,11,7
3016,492,6,10,50
3017,492,6,11,50
3018,493,1,10,7
3019,493,1,11,7
3020,493,6,10,50
3021,493,6,11,50
3022,494,1,10,7
3023,494,1,11,7
3024,494,6,10,50
3025,494,6,11,50
3026,495,1,10,21
3027,495,1,11,21
3028,495,2,10,20
3029,495,2,11,20
3030,495,3,10,20
3031,495,3,11,20
3032,495,4,10,20
3033,495,4,11,20
3034,495,5,10,2
3035,495,5,11,2
3036,496,1,10,7
3037,496,1,11,7
3038,496,2,10,20
3039,496,2,11,20
3040,496,3,10,20
3041,496,3,11,20
3042,496,4,10,20
3043,496,4,11,20
3044,496,5,10,2
3045,496,5,11,2
3046,497,1,10,7
3047,497,1,11,7
3048,498,1,10,7
3049,498,1,11,7
3050,499,1,10,7
3051,499,1,11,7
3052,499,2,10,20
3053,499,2,11,20
3054,499,3,10,20
3055,499,3,11,20
3056,499,4,10,20
3057,499,4,11,20
3058,499,5,10,2
3059,499,5,11,2
3060,500,1,10,21
3061,500,1,11,21
3062,501,1,10,1
3063,501,1,11,1
3064,502,1,10,2
3065,502,1,11,2
3066,503,1,10,3
3067,503,1,11,3
3068,504,1,10,4
3069,504,1,11,4
3070,505,1,10,5
3071,505,1,11,5
3072,506,1,10,6
3073,506,1,11,6
3074,507,1,10,7
3075,507,1,11,7
3076,508,1,10,8
3077,508,1,11,8
3078,509,1,10,9
3079,509,1,11,9
3080,510,1,10,10
3081,510,1,11,10
3082,511,1,10,5
3083,511,1,11,5
3084,512,1,10,21
3085,512,1,11,21
3086,512,2,10,20
3087,512,2,11,20
3088,512,3,10,20
3089,512,3,11,20
3090,512,4,10,20
3091,512,4,11,20
3092,512,5,10,2
3093,512,5,11,2
3094,512,6,10,25
3095,512,6,11,25
3096,513,1,10,21
3097,513,1,11,21
3098,513,2,10,20
3099,513,2,11,20
3100,513,3,10,20
3101,513,3,11,20
3102,513,4,10,20
3103,513,4,11,20
3104,513,5,10,2
3105,513,5,11,2
3106,514,1,10,21
3107,514,1,11,21
3108,514,2,10,20
3109,514,2,11,20
3110,514,3,10,20
3111,514,3,11,20
3112,514,4,10,20
3113,514,4,11,20
3114,514,5,10,2
3115,514,5,11,2
3116,515,1,10,21
3117,515,1,11,21
3118,515,2,10,20
3119,515,2,11,20
3120,515,3,10,20
3121,515,3,11,20
3122,515,4,10,20
3123,515,4,11,20
3124,515,5,10,2
3125,515,5,11,2
3126,516,1,10,1
3127,516,1,11,1
3128,517,2,10,20
3129,517,2,11,20
3130,517,3,10,20
3131,517,3,11,20
3132,517,4,10,20
3133,517,4,11,20
3134,517,5,10,2
3135,517,5,11,2
3136,518,2,10,20
3137,518,2,11,20
3138,518,3,10,20
3139,518,3,11,20
3140,518,4,10,20
3141,518,4,11,20
3142,518,5,10,2
3143,518,5,11,2
3144,519,1,10,21
3145,519,1,11,21
3146,519,2,10,20
3147,519,2,11,20
3148,519,3,10,20
3149,519,3,11,20
3150,519,4,10,20
3151,519,4,11,20
3152,519,5,10,2
3153,519,5,11,2
3154,520,1,10,21
3155,520,1,11,21
3156,520,2,10,20
3157,520,2,11,20
3158,520,3,10,20
3159,520,3,11,20
3160,520,4,10,20
3161,520,4,11,20
3162,520,5,10,2
3163,520,5,11,2
3164,521,2,10,20
3165,521,2,11,20
3166,521,3,10,20
3167,521,3,11,20
3168,521,4,10,20
3169,521,4,11,20
3170,521,5,10,2
3171,521,5,11,2
3172,522,2,10,20
3173,522,2,11,20
3174,522,3,10,20
3175,522,3,11,20
3176,522,4,10,20
3177,522,4,11,20
3178,522,5,10,2
3179,522,5,11,2
3180,523,1,10,21
3181,523,1,11,21
3182,523,2,10,20
3183,523,2,11,20
3184,523,3,10,20
3185,523,3,11,20
3186,523,4,10,20
3187,523,4,11,20
3188,523,5,10,2
3189,523,5,11,2
3190,524,1,10,21
3191,524,1,11,21
3192,524,2,10,20
3193,524,2,11,20
3194,524,3,10,20
3195,524,3,11,20
3196,524,4,10,20
3197,524,4,11,20
3198,524,5,10,2
3199,524,5,11,2
3200,525,2,10,20
3201,525,2,11,20
3202,525,3,10,20
3203,525,3,11,20
3204,525,4,10,20
3205,525,4,11,20
3206,525,5,10,2
3207,525,5,11,2
3208,526,1,10,21
3209,526,1,11,21
3210,527,1,10,21
3211,527,1,11,21
3212,527,6,10,25
3213,527,6,11,25
3214,528,2,10,20
3215,528,2,11,20
3216,528,3,10,20
3217,528,3,11,20
3218,528,4,10,20
3219,528,4,11,20
3220,528,5,10,2
3221,528,5,11,2
3222,561,2,10,10
3223,561,2,11,10
3224,561,3,10,10
3225,561,3,11,10
3226,561,4,10,10
3227,561,4,11,10
3228,561,5,10,1
3229,561,5,11,1
3230,562,2,10,20
3231,562,2,11,20
3232,562,3,10,20
3233,562,3,11,20
3234,562,4,10,20
3235,562,4,11,20
3236,562,5,10,2
3237,562,5,11,2
3238,563,2,10,10
3239,563,2,11,10
3240,563,3,10,10
3241,563,3,11,10
3242,563,4,10,10
3243,563,4,11,10
3244,563,5,10,1
3245,563,5,11,1
3246,564,1,10,5
3247,564,1,11,7
3248,565,1,10,5
3249,565,1,11,7
3250,566,1,10,5
3251,566,1,11,7
3252,567,1,10,5
3253,567,1,11,7
3254,568,1,10,5
3255,568,1,11,7
3256,569,1,10,5
3257,569,1,11,7
3258,570,1,10,5
3259,570,1,11,7
3260,571,1,10,5
3261,571,1,11,7
3262,572,1,10,5
3263,572,1,11,7
3264,576,4,17,50
3265,576,4,18,50
3266,576,4,21,50
3267,576,4,22,50
3268,576,5,17,3
3269,576,5,18,3
3270,576,5,21,10
3271,576,5,22,10
3272,577,4,17,50
3273,577,4,18,50
3274,577,5,17,3
3275,577,5,18,3
3276,579,1,17,8
3277,579,1,18,8
3278,579,1,21,1
3279,579,1,22,1
3280,579,8,21,3
3281,579,8,22,3
3282,580,1,17,8
3283,580,1,18,8
3284,580,8,21,3
3285,580,8,22,3
3286,581,1,17,8
3287,581,1,18,8
3288,581,1,21,1
3289,581,1,22,1
3290,581,8,21,3
3291,581,8,22,3
3292,582,1,17,8
3293,582,1,18,8
3294,582,1,21,1
3295,582,1,22,1
3296,582,4,17,50
3297,582,4,18,50
3298,582,4,21,50
3299,582,4,22,50
3300,582,5,17,3
3301,582,5,18,3
3302,582,5,21,10
3303,582,5,22,10
3304,582,8,21,3
3305,582,8,22,3
3306,583,1,17,3
3307,583,1,18,3
3308,583,1,21,9
3309,583,1,22,9
3310,584,1,17,3
3311,584,1,18,3
3312,584,1,21,9
3313,584,1,22,9
3314,585,1,17,3
3315,585,1,18,3
3316,585,1,21,7
3317,585,1,22,7
3318,586,1,17,3
3319,586,1,18,3
3320,587,1,17,3
3321,587,1,18,3
3322,587,1,21,7
3323,587,1,22,7
3324,588,1,17,3
3325,588,1,18,3
3326,588,1,21,7
3327,588,1,22,7
3328,589,1,17,8
3329,589,1,18,8
3330,590,1,17,3
3331,590,1,18,3
3332,590,1,21,7
3333,590,1,22,7
3334,591,1,17,3
3335,591,1,18,3
3336,591,1,21,7
3337,591,1,22,7
3338,592,1,17,3
3339,592,1,18,3
3340,592,1,21,7
3341,592,1,22,7
3342,596,1,17,3
3343,596,1,18,3
3344,596,1,21,7
3345,596,1,22,7
3346,597,1,17,3
3347,597,1,18,3
3348,597,1,21,7
3349,597,1,22,7
3350,598,1,17,8
3351,598,1,18,8
3352,599,1,17,6
3353,599,1,18,6
3354,599,4,17,50
3355,599,4,18,50
3356,599,5,17,3
3357,599,5,18,3
3358,600,1,17,3
3359,600,1,18,3
3360,601,1,17,3
3361,601,1,18,3
3362,602,1,17,3
3363,602,1,18,3
3364,603,1,17,3
3365,603,1,18,3
3366,604,1,17,6
3367,604,1,18,6
3368,604,4,17,50
3369,604,4,18,50
3370,604,5,17,3
3371,604,5,18,3
3372,605,1,17,3
3373,605,1,18,3
3374,606,1,17,3
3375,606,1,18,3
3376,607,1,17,3
3377,607,1,18,3
3378,608,1,17,3
3379,608,1,18,3
3380,609,1,17,3
3381,609,1,18,3
3382,610,1,17,3
3383,610,1,18,3
3384,611,1,17,3
3385,611,1,18,3
3386,612,1,17,3
3387,612,1,18,3
3388,613,1,17,3
3389,613,1,18,3
3390,614,1,17,8
3391,614,1,18,8
3392,614,1,21,1
3393,614,1,22,1
3394,614,8,21,3
3395,614,8,22,3
3396,615,1,17,3
3397,615,1,18,3
3398,615,1,21,7
3399,615,1,22,7
3400,615,4,17,50
3401,615,4,18,50
3402,615,4,21,50
3403,615,4,22,50
3404,615,5,17,3
3405,615,5,18,3
3406,615,5,21,10
3407,615,5,22,10
3408,616,1,17,8
3409,616,1,18,8
3410,616,1,21,1
3411,616,1,22,1
3412,616,8,21,3
3413,616,8,22,3
3414,617,1,17,3
3415,617,1,18,3
3416,617,1,21,1
3417,617,1,22,1
3418,617,4,17,50
3419,617,4,18,50
3420,617,5,17,3
3421,617,5,18,3
3422,617,8,21,3
3423,617,8,22,3
3424,618,1,17,8
3425,618,1,18,8
3426,618,1,21,1
3427,618,1,22,1
3428,618,4,17,80
3429,618,4,18,80
3430,618,4,21,80
3431,618,4,22,80
3432,618,5,17,5
3433,618,5,18,5
3434,618,5,21,10
3435,618,5,22,10
3436,621,1,17,8
3437,621,1,18,8
3438,621,1,21,1
3439,621,1,22,1
3440,621,4,17,50
3441,621,4,18,50
3442,621,4,21,50
3443,621,4,22,50
3444,621,5,17,3
3445,621,5,18,3
3446,621,5,21,10
3447,621,5,22,10
3448,621,8,21,3
3449,621,8,22,3
3450,623,1,17,8
3451,623,1,18,8
3452,623,1,21,1
3453,623,1,22,1
3454,623,4,17,50
3455,623,4,18,50
3456,623,4,21,50
3457,623,4,22,50
3458,623,5,17,3
3459,623,5,18,3
3460,623,5,21,10
3461,623,5,22,10
3462,623,8,21,3
3463,623,8,22,3
3464,624,1,17,8
3465,624,1,18,8
3466,624,1,21,1
3467,624,1,22,1
3468,625,1,17,8
3469,625,1,18,8
3470,625,1,21,1
3471,625,1,22,1
3472,625,4,17,50
3473,625,4,18,50
3474,625,4,21,50
3475,625,4,22,50
3476,625,5,17,3
3477,625,5,18,3
3478,625,5,21,10
3479,625,5,22,10
3480,625,8,21,3
3481,625,8,22,3
3482,626,1,17,3
3483,626,1,18,3
3484,626,1,21,7
3485,626,1,22,7
3486,626,4,17,50
3487,626,4,18,50
3488,626,4,21,50
3489,626,4,22,50
3490,626,5,17,3
3491,626,5,18,3
3492,626,5,21,10
3493,626,5,22,10
3494,627,1,17,3
3495,627,1,18,3
3496,627,1,21,9
3497,627,1,22,9
3498,627,4,17,50
3499,627,4,18,50
3500,627,4,21,50
3501,627,4,22,50
3502,627,5,17,3
3503,627,5,18,3
3504,627,5,21,10
3505,627,5,22,10
3506,628,1,17,8
3507,628,1,18,8
3508,628,1,21,1
3509,628,1,22,1
3510,628,8,21,3
3511,628,8,22,3
3512,630,1,17,3
3513,630,1,18,3
3514,630,1,21,7
3515,630,1,22,7
3516,631,1,17,3
3517,631,1,18,3
3518,631,1,21,7
3519,631,1,22,7
3520,633,1,17,3
3521,633,1,18,3
3522,633,1,21,7
3523,633,1,22,7
3524,634,1,17,3
3525,634,1,18,3
3526,634,1,21,7
3527,634,1,22,7
3528,635,1,17,3
3529,635,1,18,3
3530,635,1,21,7
3531,635,1,22,7
3532,636,1,17,3
3533,636,1,18,3
3534,636,1,21,7
3535,636,1,22,7
3536,639,1,17,8
3537,639,1,18,8
3538,639,1,21,1
3539,639,1,22,1
3540,639,8,21,3
3541,639,8,22,3
3542,640,1,17,3
3543,640,1,18,3
3544,641,1,17,3
3545,641,1,18,3
3546,642,1,17,3
3547,642,1,18,3
3548,642,4,17,50
3549,642,4,18,50
3550,642,5,17,3
3551,642,5,18,3
3552,643,1,17,8
3553,643,1,18,8
3554,644,1,17,8
3555,644,1,18,8
3556,645,1,17,8
3557,645,1,18,8
3558,645,1,21,1
3559,645,1,22,1
3560,645,4,17,50
3561,645,4,18,50
3562,645,4,21,50
3563,645,4,22,50
3564,645,5,17,3
3565,645,5,18,3
3566,645,5,21,10
3567,645,5,22,10
3568,645,8,21,3
3569,645,8,22,3
3570,646,1,17,8
3571,646,1,18,8
3572,646,1,21,1
3573,646,1,22,1
3574,646,8,21,3
3575,646,8,22,3
3576,647,1,17,8
3577,647,1,18,8
3578,647,1,21,1
3579,647,1,22,1
3580,647,4,17,50
3581,647,4,18,50
3582,647,4,21,50
3583,647,4,22,50
3584,647,5,17,3
3585,647,5,18,3
3586,647,5,21,10
3587,647,5,22,10
3588,647,8,21,3
3589,647,8,22,3
3590,648,1,17,8
3591,648,1,18,8
3592,648,1,21,1
3593,648,1,22,1
3594,648,4,17,50
3595,648,4,18,50
3596,648,4,21,50
3597,648,4,22,50
3598,648,5,17,3
3599,648,5,18,3
3600,648,5,21,10
3601,648,5,22,10
3602,648,8,21,3
3603,648,8,22,3
3604,649,1,17,8
3605,649,1,18,8
3606,649,1,21,1
3607,649,1,22,1
3608,649,4,17,50
3609,649,4,18,50
3610,649,4,21,50
3611,649,4,22,50
3612,649,5,17,3
3613,649,5,18,3
3614,649,5,21,10
3615,649,5,22,10
3616,649,8,21,3
3617,649,8,22,3
3618,650,1,17,8
3619,650,1,18,8
3620,650,1,21,1
3621,650,1,22,1
3622,650,8,21,3
3623,650,8,22,3
3624,651,1,17,8
3625,651,1,18,8
3626,651,1,21,1
3627,651,1,22,1
3628,651,8,21,3
3629,651,8,22,3
3630,652,1,17,8
3631,652,1,18,8
3632,652,1,21,1
3633,652,1,22,1
3634,652,4,17,50
3635,652,4,18,50
3636,652,4,21,50
3637,652,4,22,50
3638,652,5,17,3
3639,652,5,18,3
3640,652,5,21,10
3641,652,5,22,10
3642,652,8,21,3
3643,652,8,22,3
3644,653,1,17,8
3645,653,1,18,8
3646,653,1,21,1
3647,653,1,22,1
3648,653,4,17,50
3649,653,4,18,50
3650,653,4,21,50
3651,653,4,22,50
3652,653,5,17,3
3653,653,5,18,3
3654,653,5,21,10
3655,653,5,22,10
3656,653,8,21,3
3657,653,8,22,3
3658,654,4,17,50
3659,654,4,18,50
3660,654,4,21,50
3661,654,4,22,50
3662,654,5,17,3
3663,654,5,18,3
3664,654,5,21,10
3665,654,5,22,10
3666,655,4,17,80
3667,655,4,18,80
3668,655,4,21,80
3669,655,4,22,80
3670,655,5,17,5
3671,655,5,18,5
3672,655,5,21,10
3673,655,5,22,10
3674,656,1,21,1
3675,656,1,22,1
3676,656,8,21,3
3677,656,8,22,3
3678,657,4,21,50
3679,657,4,22,50
3680,657,5,21,10
3681,657,5,22,10
3682,658,4,21,50
3683,658,4,22,50
3684,658,5,21,10
3685,658,5,22,10
3686,659,4,21,50
3687,659,4,22,50
3688,659,5,21,10
3689,659,5,22,10
3690,660,1,21,7
3691,660,1,22,7
3692,661,1,21,7
3693,661,1,22,7
3694,661,4,21,50
3695,661,4,22,50
3696,661,5,21,10
3697,661,5,22,10
3698,662,1,21,1
3699,662,1,22,1
3700,662,8,21,3
3701,662,8,22,3
3702,663,1,21,1
3703,663,1,22,1
3704,663,4,21,50
3705,663,4,22,50
3706,663,5,21,10
3707,663,5,22,10
3708,663,8,21,3
3709,663,8,22,3
3710,664,1,21,7
3711,664,1,22,7
3712,665,1,21,7
3713,665,1,22,7
3714,665,4,21,50
3715,665,4,22,50
3716,665,5,21,10
3717,665,5,22,10
3718,666,1,21,1
3719,666,1,22,1
3720,666,8,21,3
3721,666,8,22,3
3722,667,1,21,7
3723,667,1,22,7
3724,668,1,21,7
3725,668,1,22,7
3726,668,4,21,50
3727,668,4,22,50
3728,668,5,21,10
3729,668,5,22,10
3730,669,1,21,1
3731,669,1,22,1
3732,669,4,21,50
3733,669,4,22,50
3734,669,5,21,10
3735,669,5,22,10
3736,669,8,21,3
3737,669,8,22,3
3738,670,1,21,7
3739,670,1,22,7
3740,671,1,21,7
3741,671,1,22,7
3742,671,4,21,30
3743,671,4,22,30
3744,671,5,21,10
3745,671,5,22,10
3746,672,1,21,7
3747,672,1,22,7
3748,672,4,21,30
3749,672,4,22,30
3750,672,5,21,10
3751,672,5,22,10
3752,673,4,21,50
3753,673,4,22,50
3754,673,5,21,10
3755,673,5,22,10
3756,674,1,21,2
3757,674,1,22,2
3758,674,4,21,50
3759,674,4,22,50
3760,674,5,21,10
3761,674,5,22,10
3762,675,1,21,1
3763,675,1,22,1
3764,675,4,21,50
3765,675,4,22,50
3766,675,5,21,10
3767,675,5,22,10
3768,676,1,21,1
3769,676,1,22,1
3770,676,8,21,3
3771,676,8,22,3
3772,677,1,21,1
3773,677,1,22,1
3774,677,8,21,4
3775,677,8,22,4
3776,678,1,21,7
3777,678,1,22,7
3778,679,1,21,7
3779,679,1,22,7
3780,680,1,21,7
3781,680,1,22,7
3782,681,1,21,7
3783,681,1,22,7
3784,682,1,21,7
3785,682,1,22,7
3786,683,1,21,7
3787,683,1,22,7
3788,684,1,21,7
3789,684,1,22,7
3790,685,1,21,7
3791,685,1,22,7
3792,686,1,21,7
3793,686,1,22,7
3794,687,1,21,7
3795,687,1,22,7
3796,688,1,21,7
3797,688,1,22,7
3798,689,1,21,7
3799,689,1,22,7
3800,690,1,21,7
3801,690,1,22,7
3802,691,1,21,7
3803,691,1,22,7
3804,692,1,21,7
3805,692,1,22,7
3806,693,1,21,7
3807,693,1,22,7
3808,693,4,21,50
3809,693,4,22,50
3810,693,5,21,10
3811,693,5,22,10
3812,694,1,21,7
3813,694,1,22,7
3814,695,1,21,7
3815,695,1,22,7
3816,695,4,21,50
3817,695,4,22,50
3818,695,5,21,10
3819,695,5,22,10
3820,696,1,21,7
3821,696,1,22,7
3822,697,1,21,7
3823,697,1,22,7
3824,698,1,21,7
3825,698,1,22,7
3826,699,1,21,7
3827,699,1,22,7
3828,700,1,21,7
3829,700,1,22,7
3830,700,4,21,50
3831,700,4,22,50
3832,700,5,21,10
3833,700,5,22,10
3834,701,1,21,7
3835,701,1,22,7
3836,702,1,21,1
3837,702,1,22,1
3838,702,4,21,50
3839,702,4,22,50
3840,702,5,21,10
3841,702,5,22,10
3842,702,8,21,3
3843,702,8,22,3
3844,703,1,21,1
3845,703,1,22,1
3846,703,4,21,50
3847,703,4,22,50
3848,703,5,21,10
3849,703,5,22,10
3850,705,1,21,1
3851,705,1,22,1
3852,705,4,21,50
3853,705,4,22,50
3854,705,5,21,10
3855,705,5,22,10
3856,705,8,21,3
3857,705,8,22,3
3858,706,1,21,1
3859,706,1,22,1
3860,706,4,21,50
3861,706,4,22,50
3862,706,5,21,10
3863,706,5,22,10
3864,706,8,21,3
3865,706,8,22,3
3866,707,4,21,80
3867,707,4,22,80
3868,707,5,21,10
3869,707,5,22,10
