id,pokemon_form_id,generation_id,game_index
1,1,1,0
2,1,2,0
3,1,3,0
4,1,4,0
5,1,5,0
6,1,6,0
7,2,1,0
8,2,2,0
9,2,3,0
10,2,4,0
11,2,5,0
12,2,6,0
13,3,1,0
14,3,2,0
15,3,3,0
16,3,4,0
17,3,5,0
18,3,6,0
19,4,1,0
20,4,2,0
21,4,3,0
22,4,4,0
23,4,5,0
24,4,6,0
25,5,1,0
26,5,2,0
27,5,3,0
28,5,4,0
29,5,5,0
30,5,6,0
31,6,1,0
32,6,2,0
33,6,3,0
34,6,4,0
35,6,5,0
36,6,6,0
37,7,1,0
38,7,2,0
39,7,3,0
40,7,4,0
41,7,5,0
42,7,6,0
43,8,1,0
44,8,2,0
45,8,3,0
46,8,4,0
47,8,5,0
48,8,6,0
49,9,1,0
50,9,2,0
51,9,3,0
52,9,4,0
53,9,5,0
54,9,6,0
55,10,1,0
56,10,2,0
57,10,3,0
58,10,4,0
59,10,5,0
60,10,6,0
61,11,1,0
62,11,2,0
63,11,3,0
64,11,4,0
65,11,5,0
66,11,6,0
67,12,1,0
68,12,2,0
69,12,3,0
70,12,4,0
71,12,5,0
72,12,6,0
73,13,1,0
74,13,2,0
75,13,3,0
76,13,4,0
77,13,5,0
78,13,6,0
79,14,1,0
80,14,2,0
81,14,3,0
82,14,4,0
83,14,5,0
84,14,6,0
85,15,1,0
86,15,2,0
87,15,3,0
88,15,4,0
89,15,5,0
90,15,6,0
91,16,1,0
92,16,2,0
93,16,3,0
94,16,4,0
95,16,5,0
96,16,6,0
97,17,1,0
98,17,2,0
99,17,3,0
100,17,4,0
101,17,5,0
102,17,6,0
103,18,1,0
104,18,2,0
105,18,3,0
106,18,4,0
107,18,5,0
108,18,6,0
109,19,1,0
110,19,2,0
111,19,3,0
112,19,4,0
113,19,5,0
114,19,6,0
115,20,1,0
116,20,2,0
117,20,3,0
118,20,4,0
119,20,5,0
120,20,6,0
121,21,1,0
122,21,2,0
123,21,3,0
124,21,4,0
125,21,5,0
126,21,6,0
127,22,1,0
128,22,2,0
129,22,3,0
130,22,4,0
131,22,5,0
132,22,6,0
133,23,1,0
134,23,2,0
135,23,3,0
136,23,4,0
137,23,5,0
138,23,6,0
139,24,1,0
140,24,2,0
141,24,3,0
142,24,4,0
143,24,5,0
144,24,6,0
145,25,1,0
146,25,2,0
147,25,3,0
148,25,4,0
149,25,5,0
150,25,6,0
151,26,1,0
152,26,2,0
153,26,3,0
154,26,4,0
155,26,5,0
156,26,6,0
157,27,1,0
158,27,2,0
159,27,3,0
160,27,4,0
161,27,5,0
162,27,6,0
163,28,1,0
164,28,2,0
165,28,3,0
166,28,4,0
167,28,5,0
168,28,6,0
169,29,1,0
170,29,2,0
171,29,3,0
172,29,4,0
173,29,5,0
174,29,6,0
175,30,1,0
176,30,2,0
177,30,3,0
178,30,4,0
179,30,5,0
180,30,6,0
181,31,1,0
182,31,2,0
183,31,3,0
184,31,4,0
185,31,5,0
186,31,6,0
187,32,1,0
188,32,2,0
189,32,3,0
190,32,4,0
191,32,5,0
192,32,6,0
193,33,1,0
194,33,2,0
195,33,3,0
196,33,4,0
197,33,5,0
198,33,6,0
199,34,1,0
200,34,2,0
201,34,3,0
202,34,4,0
203,34,5,0
204,34,6,0
205,35,1,0
206,35,2,0
207,35,3,0
208,35,4,0
209,35,5,0
210,35,6,0
211,36,1,0
212,36,2,0
213,36,3,0
214,36,4,0
215,36,5,0
216,36,6,0
217,37,1,0
218,37,2,0
219,37,3,0
220,37,4,0
221,37,5,0
222,37,6,0
223,38,1,0
224,38,2,0
225,38,3,0
226,38,4,0
227,38,5,0
228,38,6,0
229,39,1,0
230,39,2,0
231,39,3,0
232,39,4,0
233,39,5,0
234,39,6,0
235,40,1,0
236,40,2,0
237,40,3,0
238,40,4,0
239,40,5,0
240,40,6,0
241,41,1,0
242,41,2,0
243,41,3,0
244,41,4,0
245,41,5,0
246,41,6,0
247,42,1,0
248,42,2,0
249,42,3,0
250,42,4,0
251,42,5,0
252,42,6,0
253,43,1,0
254,43,2,0
255,43,3,0
256,43,4,0
257,43,5,0
258,43,6,0
259,44,1,0
260,44,2,0
261,44,3,0
262,44,4,0
263,44,5,0
264,44,6,0
265,45,1,0
266,45,2,0
267,45,3,0
268,45,4,0
269,45,5,0
270,45,6,0
271,46,1,0
272,46,2,0
273,46,3,0
274,46,4,0
275,46,5,0
276,46,6,0
277,47,1,0
278,47,2,0
279,47,3,0
280,47,4,0
281,47,5,0
282,47,6,0
283,48,1,0
284,48,2,0
285,48,3,0
286,48,4,0
287,48,5,0
288,48,6,0
289,49,1,0
290,49,2,0
291,49,3,0
292,49,4,0
293,49,5,0
294,49,6,0
295,50,1,0
296,50,2,0
297,50,3,0
298,50,4,0
299,50,5,0
300,50,6,0
301,51,1,0
302,51,2,0
303,51,3,0
304,51,4,0
305,51,5,0
306,51,6,0
307,52,1,0
308,52,2,0
309,52,3,0
310,52,4,0
311,52,5,0
312,52,6,0
313,53,1,0
314,53,2,0
315,53,3,0
316,53,4,0
317,53,5,0
318,53,6,0
319,54,1,0
320,54,2,0
321,54,3,0
322,54,4,0
323,54,5,0
324,54,6,0
325,55,1,0
326,55,2,0
327,55,3,0
328,55,4,0
329,55,5,0
330,55,6,0
331,56,1,0
332,56,2,0
333,56,3,0
334,56,4,0
335,56,5,0
336,56,6,0
337,57,1,0
338,57,2,0
339,57,3,0
340,57,4,0
341,57,5,0
342,57,6,0
343,58,1,0
344,58,2,0
345,58,3,0
346,58,4,0
347,58,5,0
348,58,6,0
349,59,1,0
350,59,2,0
351,59,3,0
352,59,4,0
353,59,5,0
354,59,6,0
355,60,1,0
356,60,2,0
357,60,3,0
358,60,4,0
359,60,5,0
360,60,6,0
361,61,1,0
362,61,2,0
363,61,3,0
364,61,4,0
365,61,5,0
366,61,6,0
367,62,1,0
368,62,2,0
369,62,3,0
370,62,4,0
371,62,5,0
372,62,6,0
373,63,1,0
374,63,2,0
375,63,3,0
376,63,4,0
377,63,5,0
378,63,6,0
379,64,1,0
380,64,2,0
381,64,3,0
382,64,4,0
383,64,5,0
384,64,6,0
385,65,1,0
386,65,2,0
387,65,3,0
388,65,4,0
389,65,5,0
390,65,6,0
391,66,1,0
392,66,2,0
393,66,3,0
394,66,4,0
395,66,5,0
396,66,6,0
397,67,1,0
398,67,2,0
399,67,3,0
400,67,4,0
401,67,5,0
402,67,6,0
403,68,1,0
404,68,2,0
405,68,3,0
406,68,4,0
407,68,5,0
408,68,6,0
409,69,1,0
410,69,2,0
411,69,3,0
412,69,4,0
413,69,5,0
414,69,6,0
415,70,1,0
416,70,2,0
417,70,3,0
418,70,4,0
419,70,5,0
420,70,6,0
421,71,1,0
422,71,2,0
423,71,3,0
424,71,4,0
425,71,5,0
426,71,6,0
427,72,1,0
428,72,2,0
429,72,3,0
430,72,4,0
431,72,5,0
432,72,6,0
433,73,1,0
434,73,2,0
435,73,3,0
436,73,4,0
437,73,5,0
438,73,6,0
439,74,1,0
440,74,2,0
441,74,3,0
442,74,4,0
443,74,5,0
444,74,6,0
445,75,1,0
446,75,2,0
447,75,3,0
448,75,4,0
449,75,5,0
450,75,6,0
451,76,1,0
452,76,2,0
453,76,3,0
454,76,4,0
455,76,5,0
456,76,6,0
457,77,1,0
458,77,2,0
459,77,3,0
460,77,4,0
461,77,5,0
462,77,6,0
463,78,1,0
464,78,2,0
465,78,3,0
466,78,4,0
467,78,5,0
468,78,6,0
469,79,1,0
470,79,2,0
471,79,3,0
472,79,4,0
473,79,5,0
474,79,6,0
475,80,1,0
476,80,2,0
477,80,3,0
478,80,4,0
479,80,5,0
480,80,6,0
481,81,1,0
482,81,2,0
483,81,3,0
484,81,4,0
485,81,5,0
486,81,6,0
487,82,1,0
488,82,2,0
489,82,3,0
490,82,4,0
491,82,5,0
492,82,6,0
493,83,1,0
494,83,2,0
495,83,3,0
496,83,4,0
497,83,5,0
498,83,6,0
499,84,1,0
500,84,2,0
501,84,3,0
502,84,4,0
503,84,5,0
504,84,6,0
505,85,1,0
506,85,2,0
507,85,3,0
508,85,4,0
509,85,5,0
510,85,6,0
511,86,1,0
512,86,2,0
513,86,3,0
514,86,4,0
515,86,5,0
516,86,6,0
517,87,1,0
518,87,2,0
519,87,3,0
520,87,4,0
521,87,5,0
522,87,6,0
523,88,1,0
524,88,2,0
525,88,3,0
526,88,4,0
527,88,5,0
528,88,6,0
529,89,1,0
530,89,2,0
531,89,3,0
532,89,4,0
533,89,5,0
534,89,6,0
535,90,1,0
536,90,2,0
537,90,3,0
538,90,4,0
539,90,5,0
540,90,6,0
541,91,1,0
542,91,2,0
543,91,3,0
544,91,4,0
545,91,5,0
546,91,6,0
547,92,1,0
548,92,2,0
549,92,3,0
550,92,4,0
551,92,5,0
552,92,6,0
553,93,1,0
554,93,2,0
555,93,3,0
556,93,4,0
557,93,5,0
558,93,6,0
559,94,1,0
560,94,2,0
561,94,3,0
562,94,4,0
563,94,5,0
564,94,6,0
565,95,1,0
566,95,2,0
567,95,3,0
568,95,4,0
569,95,5,0
570,95,6,0
571,96,1,0
572,96,2,0
573,96,3,0
574,96,4,0
575,96,5,0
576,96,6,0
577,97,1,0
578,97,2,0
579,97,3,0
580,97,4,0
581,97,5,0
582,97,6,0
583,98,1,0
584,98,2,0
585,98,3,0
586,98,4,0
587,98,5,0
588,98,6,0
589,99,1,0
590,99,2,0
591,99,3,0
592,99,4,0
593,99,5,0
594,99,6,0
595,100,1,0
596,100,2,0
597,100,3,0
598,100,4,0
599,100,5,0
600,100,6,0
601,101,1,0
602,101,2,0
603,101,3,0
604,101,4,0
605,101,5,0
606,101,6,0
607,102,1,0
608,102,2,0
609,102,3,0
610,102,4,0
611,102,5,0
612,102,6,0
613,103,1,0
614,103,2,0
615,103,3,0
616,103,4,0
617,103,5,0
618,103,6,0
619,104,1,0
620,104,2,0
621,104,3,0
622,104,4,0
623,104,5,0
624,104,6,0
625,105,1,0
626,105,2,0
627,105,3,0
628,105,4,0
629,105,5,0
630,105,6,0
631,106,1,0
632,106,2,0
633,106,3,0
634,106,4,0
635,106,5,0
636,106,6,0
637,107,1,0
638,107,2,0
639,107,3,0
640,107,4,0
641,107,5,0
642,107,6,0
643,108,1,0
644,108,2,0
645,108,3,0
646,108,4,0
647,108,5,0
648,108,6,0
649,109,1,0
650,109,2,0
651,109,3,0
652,109,4,0
653,109,5,0
654,109,6,0
655,110,1,0
656,110,2,0
657,110,3,0
658,110,4,0
659,110,5,0
660,110,6,0
661,111,1,0
662,111,2,0
663,111,3,0
664,111,4,0
665,111,5,0
666,111,6,0
667,112,1,0
668,112,2,0
669,112,3,0
670,112,4,0
671,112,5,0
672,112,6,0
673,113,1,0
674,113,2,0
675,113,3,0
676,113,4,0
677,113,5,0
678,113,6,0
679,114,1,0
680,114,2,0
681,114,3,0
682,114,4,0
683,114,5,0
684,114,6,0
685,115,1,0
686,115,2,0
687,115,3,0
688,115,4,0
689,115,5,0
690,115,6,0
691,116,1,0
692,116,2,0
693,116,3,0
694,116,4,0
695,116,5,0
696,116,6,0
697,117,1,0
698,117,2,0
699,117,3,0
700,117,4,0
701,117,5,0
702,117,6,0
703,118,1,0
704,118,2,0
705,118,3,0
706,118,4,0
707,118,5,0
708,118,6,0
709,119,1,0
710,119,2,0
711,119,3,0
712,119,4,0
713,119,5,0
714,119,6,0
715,120,1,0
716,120,2,0
717,120,3,0
718,120,4,0
719,120,5,0
720,120,6,0
721,121,1,0
722,121,2,0
723,121,3,0
724,121,4,0
725,121,5,0
726,121,6,0
727,122,1,0
728,122,2,0
729,122,3,0
730,122,4,0
731,122,5,0
732,122,6,0
733,123,1,0
734,123,2,0
735,123,3,0
736,123,4,0
737,123,5,0
738,123,6,0
739,124,1,0
740,124,2,0
741,124,3,0
742,124,4,0
743,124,5,0
744,124,6,0
745,125,1,0
746,125,2,0
747,125,3,0
748,125,4,0
749,125,5,0
750,125,6,0
751,126,1,0
752,126,2,0
753,126,3,0
754,126,4,0
755,126,5,0
756,126,6,0
757,127,1,0
758,127,2,0
759,127,3,0
760,127,4,0
761,127,5,0
762,127,6,0
763,128,1,0
764,128,2,0
765,128,3,0
766,128,4,0
767,128,5,0
768,128,6,0
769,129,1,0
770,129,2,0
771,129,3,0
772,129,4,0
773,129,5,0
774,129,6,0
775,130,1,0
776,130,2,0
777,130,3,0
778,130,4,0
779,130,5,0
780,130,6,0
781,131,1,0
782,131,2,0
783,131,3,0
784,131,4,0
785,131,5,0
786,131,6,0
787,132,1,0
788,132,2,0
789,132,3,0
790,132,4,0
791,132,5,0
792,132,6,0
793,133,1,0
794,133,2,0
795,133,3,0
796,133,4,0
797,133,5,0
798,133,6,0
799,134,1,0
800,134,2,0
801,134,3,0
802,134,4,0
803,134,5,0
804,134,6,0
805,135,1,0
806,135,2,0
807,135,3,0
808,135,4,0
809,135,5,0
810,135,6,0
811,136,1,0
812,136,2,0
813,136,3,0
814,136,4,0
815,136,5,0
816,136,6,0
817,137,1,0
818,137,2,0
819,137,3,0
820,137,4,0
821,137,5,0
822,137,6,0
823,138,1,0
824,138,2,0
825,138,3,0
826,138,4,0
827,138,5,0
828,138,6,0
829,139,1,0
830,139,2,0
831,139,3,0
832,139,4,0
833,139,5,0
834,139,6,0
835,140,1,0
836,140,2,0
837,140,3,0
838,140,4,0
839,140,5,0
840,140,6,0
841,141,1,0
842,141,2,0
843,141,3,0
844,141,4,0
845,141,5,0
846,141,6,0
847,142,1,0
848,142,2,0
849,142,3,0
850,142,4,0
851,142,5,0
852,142,6,0
853,143,1,0
854,143,2,0
855,143,3,0
856,143,4,0
857,143,5,0
858,143,6,0
859,144,1,0
860,144,2,0
861,144,3,0
862,144,4,0
863,144,5,0
864,144,6,0
865,145,1,0
866,145,2,0
867,145,3,0
868,145,4,0
869,145,5,0
870,145,6,0
871,146,1,0
872,146,2,0
873,146,3,0
874,146,4,0
875,146,5,0
876,146,6,0
877,147,1,0
878,147,2,0
879,147,3,0
880,147,4,0
881,147,5,0
882,147,6,0
883,148,1,0
884,148,2,0
885,148,3,0
886,148,4,0
887,148,5,0
888,148,6,0
889,149,1,0
890,149,2,0
891,149,3,0
892,149,4,0
893,149,5,0
894,149,6,0
895,150,1,0
896,150,2,0
897,150,3,0
898,150,4,0
899,150,5,0
900,150,6,0
901,151,1,0
902,151,2,0
903,151,3,0
904,151,4,0
905,151,5,0
906,151,6,0
907,152,2,0
908,152,3,0
909,152,4,0
910,152,5,0
911,152,6,0
912,153,2,0
913,153,3,0
914,153,4,0
915,153,5,0
916,153,6,0
917,154,2,0
918,154,3,0
919,154,4,0
920,154,5,0
921,154,6,0
922,155,2,0
923,155,3,0
924,155,4,0
925,155,5,0
926,155,6,0
927,156,2,0
928,156,3,0
929,156,4,0
930,156,5,0
931,156,6,0
932,157,2,0
933,157,3,0
934,157,4,0
935,157,5,0
936,157,6,0
937,158,2,0
938,158,3,0
939,158,4,0
940,158,5,0
941,158,6,0
942,159,2,0
943,159,3,0
944,159,4,0
945,159,5,0
946,159,6,0
947,160,2,0
948,160,3,0
949,160,4,0
950,160,5,0
951,160,6,0
952,161,2,0
953,161,3,0
954,161,4,0
955,161,5,0
956,161,6,0
957,162,2,0
958,162,3,0
959,162,4,0
960,162,5,0
961,162,6,0
962,163,2,0
963,163,3,0
964,163,4,0
965,163,5,0
966,163,6,0
967,164,2,0
968,164,3,0
969,164,4,0
970,164,5,0
971,164,6,0
972,165,2,0
973,165,3,0
974,165,4,0
975,165,5,0
976,165,6,0
977,166,2,0
978,166,3,0
979,166,4,0
980,166,5,0
981,166,6,0
982,167,2,0
983,167,3,0
984,167,4,0
985,167,5,0
986,167,6,0
987,168,2,0
988,168,3,0
989,168,4,0
990,168,5,0
991,168,6,0
992,169,2,0
993,169,3,0
994,169,4,0
995,169,5,0
996,169,6,0
997,170,2,0
998,170,3,0
999,170,4,0
1000,170,5,0
1001,170,6,0
1002,171,2,0
1003,171,3,0
1004,171,4,0
1005,171,5,0
1006,171,6,0
1007,172,2,0
1008,172,3,0
1009,172,4,0
1010,172,5,0
1011,172,6,0
1012,173,2,0
1013,173,3,0
1014,173,4,0
1015,173,5,0
1016,173,6,0
1017,174,2,0
1018,174,3,0
1019,174,4,0
1020,174,5,0
1021,174,6,0
1022,175,2,0
1023,175,3,0
1024,175,4,0
1025,175,5,0
1026,175,6,0
1027,176,2,0
1028,176,3,0
1029,176,4,0
1030,176,5,0
1031,176,6,0
1032,177,2,0
1033,177,3,0
1034,177,4,0
1035,177,5,0
1036,177,6,0
1037,178,2,0
1038,178,3,0
1039,178,4,0
1040,178,5,0
1041,178,6,0
1042,179,2,0
1043,179,3,0
1044,179,4,0
1045,179,5,0
1046,179,6,0
1047,180,2,0
1048,180,3,0
1049,180,4,0
1050,180,5,0
1051,180,6,0
1052,181,2,0
1053,181,3,0
1054,181,4,0
1055,181,5,0
1056,181,6,0
1057,182,2,0
1058,182,3,0
1059,182,4,0
1060,182,5,0
1061,182,6,0
1062,183,2,0
1063,183,3,0
1064,183,4,0
1065,183,5,0
1066,183,6,0
1067,184,2,0
1068,184,3,0
1069,184,4,0
1070,184,5,0
1071,184,6,0
1072,185,2,0
1073,185,3,0
1074,185,4,0
1075,185,5,0
1076,185,6,0
1077,186,2,0
1078,186,3,0
1079,186,4,0
1080,186,5,0
1081,186,6,0
1082,187,2,0
1083,187,3,0
1084,187,4,0
1085,187,5,0
1086,187,6,0
1087,188,2,0
1088,188,3,0
1089,188,4,0
1090,188,5,0
1091,188,6,0
1092,189,2,0
1093,189,3,0
1094,189,4,0
1095,189,5,0
1096,189,6,0
1097,190,2,0
1098,190,3,0
1099,190,4,0
1100,190,5,0
1101,190,6,0
1102,191,2,0
1103,191,3,0
1104,191,4,0
1105,191,5,0
1106,191,6,0
1107,192,2,0
1108,192,3,0
1109,192,4,0
1110,192,5,0
1111,192,6,0
1112,193,2,0
1113,193,3,0
1114,193,4,0
1115,193,5,0
1116,193,6,0
1117,194,2,0
1118,194,3,0
1119,194,4,0
1120,194,5,0
1121,194,6,0
1122,195,2,0
1123,195,3,0
1124,195,4,0
1125,195,5,0
1126,195,6,0
1127,196,2,0
1128,196,3,0
1129,196,4,0
1130,196,5,0
1131,196,6,0
1132,197,2,0
1133,197,3,0
1134,197,4,0
1135,197,5,0
1136,197,6,0
1137,198,2,0
1138,198,3,0
1139,198,4,0
1140,198,5,0
1141,198,6,0
1142,199,2,0
1143,199,3,0
1144,199,4,0
1145,199,5,0
1146,199,6,0
1147,200,2,0
1148,200,3,0
1149,200,4,0
1150,200,5,0
1151,200,6,0
1152,201,2,0
1153,201,3,0
1154,201,4,0
1155,201,5,0
1156,201,6,0
1157,202,2,0
1158,202,3,0
1159,202,4,0
1160,202,5,0
1161,202,6,0
1162,203,2,0
1163,203,3,0
1164,203,4,0
1165,203,5,0
1166,203,6,0
1167,204,2,0
1168,204,3,0
1169,204,4,0
1170,204,5,0
1171,204,6,0
1172,205,2,0
1173,205,3,0
1174,205,4,0
1175,205,5,0
1176,205,6,0
1177,206,2,0
1178,206,3,0
1179,206,4,0
1180,206,5,0
1181,206,6,0
1182,207,2,0
1183,207,3,0
1184,207,4,0
1185,207,5,0
1186,207,6,0
1187,208,2,0
1188,208,3,0
1189,208,4,0
1190,208,5,0
1191,208,6,0
1192,209,2,0
1193,209,3,0
1194,209,4,0
1195,209,5,0
1196,209,6,0
1197,210,2,0
1198,210,3,0
1199,210,4,0
1200,210,5,0
1201,210,6,0
1202,211,2,0
1203,211,3,0
1204,211,4,0
1205,211,5,0
1206,211,6,0
1207,212,2,0
1208,212,3,0
1209,212,4,0
1210,212,5,0
1211,212,6,0
1212,213,2,0
1213,213,3,0
1214,213,4,0
1215,213,5,0
1216,213,6,0
1217,214,2,0
1218,214,3,0
1219,214,4,0
1220,214,5,0
1221,214,6,0
1222,215,2,0
1223,215,3,0
1224,215,4,0
1225,215,5,0
1226,215,6,0
1227,216,2,0
1228,216,3,0
1229,216,4,0
1230,216,5,0
1231,216,6,0
1232,217,2,0
1233,217,3,0
1234,217,4,0
1235,217,5,0
1236,217,6,0
1237,218,2,0
1238,218,3,0
1239,218,4,0
1240,218,5,0
1241,218,6,0
1242,219,2,0
1243,219,3,0
1244,219,4,0
1245,219,5,0
1246,219,6,0
1247,220,2,0
1248,220,3,0
1249,220,4,0
1250,220,5,0
1251,220,6,0
1252,221,2,0
1253,221,3,0
1254,221,4,0
1255,221,5,0
1256,221,6,0
1257,222,2,0
1258,222,3,0
1259,222,4,0
1260,222,5,0
1261,222,6,0
1262,223,2,0
1263,223,3,0
1264,223,4,0
1265,223,5,0
1266,223,6,0
1267,224,2,0
1268,224,3,0
1269,224,4,0
1270,224,5,0
1271,224,6,0
1272,225,2,0
1273,225,3,0
1274,225,4,0
1275,225,5,0
1276,225,6,0
1277,226,2,0
1278,226,3,0
1279,226,4,0
1280,226,5,0
1281,226,6,0
1282,227,2,0
1283,227,3,0
1284,227,4,0
1285,227,5,0
1286,227,6,0
1287,228,2,0
1288,228,3,0
1289,228,4,0
1290,228,5,0
1291,228,6,0
1292,229,2,0
1293,229,3,0
1294,229,4,0
1295,229,5,0
1296,229,6,0
1297,230,2,0
1298,230,3,0
1299,230,4,0
1300,230,5,0
1301,230,6,0
1302,231,2,0
1303,231,3,0
1304,231,4,0
1305,231,5,0
1306,231,6,0
1307,232,2,0
1308,232,3,0
1309,232,4,0
1310,232,5,0
1311,232,6,0
1312,233,2,0
1313,233,3,0
1314,233,4,0
1315,233,5,0
1316,233,6,0
1317,234,2,0
1318,234,3,0
1319,234,4,0
1320,234,5,0
1321,234,6,0
1322,235,2,0
1323,235,3,0
1324,235,4,0
1325,235,5,0
1326,235,6,0
1327,236,2,0
1328,236,3,0
1329,236,4,0
1330,236,5,0
1331,236,6,0
1332,237,2,0
1333,237,3,0
1334,237,4,0
1335,237,5,0
1336,237,6,0
1337,238,2,0
1338,238,3,0
1339,238,4,0
1340,238,5,0
1341,238,6,0
1342,239,2,0
1343,239,3,0
1344,239,4,0
1345,239,5,0
1346,239,6,0
1347,240,2,0
1348,240,3,0
1349,240,4,0
1350,240,5,0
1351,240,6,0
1352,241,2,0
1353,241,3,0
1354,241,4,0
1355,241,5,0
1356,241,6,0
1357,242,2,0
1358,242,3,0
1359,242,4,0
1360,242,5,0
1361,242,6,0
1362,243,2,0
1363,243,3,0
1364,243,4,0
1365,243,5,0
1366,243,6,0
1367,244,2,0
1368,244,3,0
1369,244,4,0
1370,244,5,0
1371,244,6,0
1372,245,2,0
1373,245,3,0
1374,245,4,0
1375,245,5,0
1376,245,6,0
1377,246,2,0
1378,246,3,0
1379,246,4,0
1380,246,5,0
1381,246,6,0
1382,247,2,0
1383,247,3,0
1384,247,4,0
1385,247,5,0
1386,247,6,0
1387,248,2,0
1388,248,3,0
1389,248,4,0
1390,248,5,0
1391,248,6,0
1392,249,2,0
1393,249,3,0
1394,249,4,0
1395,249,5,0
1396,249,6,0
1397,250,2,0
1398,250,3,0
1399,250,4,0
1400,250,5,0
1401,250,6,0
1402,251,2,0
1403,251,3,0
1404,251,4,0
1405,251,5,0
1406,251,6,0
1407,252,3,0
1408,252,4,0
1409,252,5,0
1410,252,6,0
1411,253,3,0
1412,253,4,0
1413,253,5,0
1414,253,6,0
1415,254,3,0
1416,254,4,0
1417,254,5,0
1418,254,6,0
1419,255,3,0
1420,255,4,0
1421,255,5,0
1422,255,6,0
1423,256,3,0
1424,256,4,0
1425,256,5,0
1426,256,6,0
1427,257,3,0
1428,257,4,0
1429,257,5,0
1430,257,6,0
1431,258,3,0
1432,258,4,0
1433,258,5,0
1434,258,6,0
1435,259,3,0
1436,259,4,0
1437,259,5,0
1438,259,6,0
1439,260,3,0
1440,260,4,0
1441,260,5,0
1442,260,6,0
1443,261,3,0
1444,261,4,0
1445,261,5,0
1446,261,6,0
1447,262,3,0
1448,262,4,0
1449,262,5,0
1450,262,6,0
1451,263,3,0
1452,263,4,0
1453,263,5,0
1454,263,6,0
1455,264,3,0
1456,264,4,0
1457,264,5,0
1458,264,6,0
1459,265,3,0
1460,265,4,0
1461,265,5,0
1462,265,6,0
1463,266,3,0
1464,266,4,0
1465,266,5,0
1466,266,6,0
1467,267,3,0
1468,267,4,0
1469,267,5,0
1470,267,6,0
1471,268,3,0
1472,268,4,0
1473,268,5,0
1474,268,6,0
1475,269,3,0
1476,269,4,0
1477,269,5,0
1478,269,6,0
1479,270,3,0
1480,270,4,0
1481,270,5,0
1482,270,6,0
1483,271,3,0
1484,271,4,0
1485,271,5,0
1486,271,6,0
1487,272,3,0
1488,272,4,0
1489,272,5,0
1490,272,6,0
1491,273,3,0
1492,273,4,0
1493,273,5,0
1494,273,6,0
1495,274,3,0
1496,274,4,0
1497,274,5,0
1498,274,6,0
1499,275,3,0
1500,275,4,0
1501,275,5,0
1502,275,6,0
1503,276,3,0
1504,276,4,0
1505,276,5,0
1506,276,6,0
1507,277,3,0
1508,277,4,0
1509,277,5,0
1510,277,6,0
1511,278,3,0
1512,278,4,0
1513,278,5,0
1514,278,6,0
1515,279,3,0
1516,279,4,0
1517,279,5,0
1518,279,6,0
1519,280,3,0
1520,280,4,0
1521,280,5,0
1522,280,6,0
1523,281,3,0
1524,281,4,0
1525,281,5,0
1526,281,6,0
1527,282,3,0
1528,282,4,0
1529,282,5,0
1530,282,6,0
1531,283,3,0
1532,283,4,0
1533,283,5,0
1534,283,6,0
1535,284,3,0
1536,284,4,0
1537,284,5,0
1538,284,6,0
1539,285,3,0
1540,285,4,0
1541,285,5,0
1542,285,6,0
1543,286,3,0
1544,286,4,0
1545,286,5,0
1546,286,6,0
1547,287,3,0
1548,287,4,0
1549,287,5,0
1550,287,6,0
1551,288,3,0
1552,288,4,0
1553,288,5,0
1554,288,6,0
1555,289,3,0
1556,289,4,0
1557,289,5,0
1558,289,6,0
1559,290,3,0
1560,290,4,0
1561,290,5,0
1562,290,6,0
1563,291,3,0
1564,291,4,0
1565,291,5,0
1566,291,6,0
1567,292,3,0
1568,292,4,0
1569,292,5,0
1570,292,6,0
1571,293,3,0
1572,293,4,0
1573,293,5,0
1574,293,6,0
1575,294,3,0
1576,294,4,0
1577,294,5,0
1578,294,6,0
1579,295,3,0
1580,295,4,0
1581,295,5,0
1582,295,6,0
1583,296,3,0
1584,296,4,0
1585,296,5,0
1586,296,6,0
1587,297,3,0
1588,297,4,0
1589,297,5,0
1590,297,6,0
1591,298,3,0
1592,298,4,0
1593,298,5,0
1594,298,6,0
1595,299,3,0
1596,299,4,0
1597,299,5,0
1598,299,6,0
1599,300,3,0
1600,300,4,0
1601,300,5,0
1602,300,6,0
1603,301,3,0
1604,301,4,0
1605,301,5,0
1606,301,6,0
1607,302,3,0
1608,302,4,0
1609,302,5,0
1610,302,6,0
1611,303,3,0
1612,303,4,0
1613,303,5,0
1614,303,6,0
1615,304,3,0
1616,304,4,0
1617,304,5,0
1618,304,6,0
1619,305,3,0
1620,305,4,0
1621,305,5,0
1622,305,6,0
1623,306,3,0
1624,306,4,0
1625,306,5,0
1626,306,6,0
1627,307,3,0
1628,307,4,0
1629,307,5,0
1630,307,6,0
1631,308,3,0
1632,308,4,0
1633,308,5,0
1634,308,6,0
1635,309,3,0
1636,309,4,0
1637,309,5,0
1638,309,6,0
1639,310,3,0
1640,310,4,0
1641,310,5,0
1642,310,6,0
1643,311,3,0
1644,311,4,0
1645,311,5,0
1646,311,6,0
1647,312,3,0
1648,312,4,0
1649,312,5,0
1650,312,6,0
1651,313,3,0
1652,313,4,0
1653,313,5,0
1654,313,6,0
1655,314,3,0
1656,314,4,0
1657,314,5,0
1658,314,6,0
1659,315,3,0
1660,315,4,0
1661,315,5,0
1662,315,6,0
1663,316,3,0
1664,316,4,0
1665,316,5,0
1666,316,6,0
1667,317,3,0
1668,317,4,0
1669,317,5,0
1670,317,6,0
1671,318,3,0
1672,318,4,0
1673,318,5,0
1674,318,6,0
1675,319,3,0
1676,319,4,0
1677,319,5,0
1678,319,6,0
1679,320,3,0
1680,320,4,0
1681,320,5,0
1682,320,6,0
1683,321,3,0
1684,321,4,0
1685,321,5,0
1686,321,6,0
1687,322,3,0
1688,322,4,0
1689,322,5,0
1690,322,6,0
1691,323,3,0
1692,323,4,0
1693,323,5,0
1694,323,6,0
1695,324,3,0
1696,324,4,0
1697,324,5,0
1698,324,6,0
1699,325,3,0
1700,325,4,0
1701,325,5,0
1702,325,6,0
1703,326,3,0
1704,326,4,0
1705,326,5,0
1706,326,6,0
1707,327,3,0
1708,327,4,0
1709,327,5,0
1710,327,6,0
1711,328,3,0
1712,328,4,0
1713,328,5,0
1714,328,6,0
1715,329,3,0
1716,329,4,0
1717,329,5,0
1718,329,6,0
1719,330,3,0
1720,330,4,0
1721,330,5,0
1722,330,6,0
1723,331,3,0
1724,331,4,0
1725,331,5,0
1726,331,6,0
1727,332,3,0
1728,332,4,0
1729,332,5,0
1730,332,6,0
1731,333,3,0
1732,333,4,0
1733,333,5,0
1734,333,6,0
1735,334,3,0
1736,334,4,0
1737,334,5,0
1738,334,6,0
1739,335,3,0
1740,335,4,0
1741,335,5,0
1742,335,6,0
1743,336,3,0
1744,336,4,0
1745,336,5,0
1746,336,6,0
1747,337,3,0
1748,337,4,0
1749,337,5,0
1750,337,6,0
1751,338,3,0
1752,338,4,0
1753,338,5,0
1754,338,6,0
1755,339,3,0
1756,339,4,0
1757,339,5,0
1758,339,6,0
1759,340,3,0
1760,340,4,0
1761,340,5,0
1762,340,6,0
1763,341,3,0
1764,341,4,0
1765,341,5,0
1766,341,6,0
1767,342,3,0
1768,342,4,0
1769,342,5,0
1770,342,6,0
1771,343,3,0
1772,343,4,0
1773,343,5,0
1774,343,6,0
1775,344,3,0
1776,344,4,0
1777,344,5,0
1778,344,6,0
1779,345,3,0
1780,345,4,0
1781,345,5,0
1782,345,6,0
1783,346,3,0
1784,346,4,0
1785,346,5,0
1786,346,6,0
1787,347,3,0
1788,347,4,0
1789,347,5,0
1790,347,6,0
1791,348,3,0
1792,348,4,0
1793,348,5,0
1794,348,6,0
1795,349,3,0
1796,349,4,0
1797,349,5,0
1798,349,6,0
1799,350,3,0
1800,350,4,0
1801,350,5,0
1802,350,6,0
1803,351,3,0
1804,351,4,0
1805,351,5,0
1806,351,6,0
1807,352,3,0
1808,352,4,0
1809,352,5,0
1810,352,6,0
1811,353,3,0
1812,353,4,0
1813,353,5,0
1814,353,6,0
1815,354,3,0
1816,354,4,0
1817,354,5,0
1818,354,6,0
1819,355,3,0
1820,355,4,0
1821,355,5,0
1822,355,6,0
1823,356,3,0
1824,356,4,0
1825,356,5,0
1826,356,6,0
1827,357,3,0
1828,357,4,0
1829,357,5,0
1830,357,6,0
1831,358,3,0
1832,358,4,0
1833,358,5,0
1834,358,6,0
1835,359,3,0
1836,359,4,0
1837,359,5,0
1838,359,6,0
1839,360,3,0
1840,360,4,0
1841,360,5,0
1842,360,6,0
1843,361,3,0
1844,361,4,0
1845,361,5,0
1846,361,6,0
1847,362,3,0
1848,362,4,0
1849,362,5,0
1850,362,6,0
1851,363,3,0
1852,363,4,0
1853,363,5,0
1854,363,6,0
1855,364,3,0
1856,364,4,0
1857,364,5,0
1858,364,6,0
1859,365,3,0
1860,365,4,0
1861,365,5,0
1862,365,6,0
1863,366,3,0
1864,366,4,0
1865,366,5,0
1866,366,6,0
1867,367,3,0
1868,367,4,0
1869,367,5,0
1870,367,6,0
1871,368,3,0
1872,368,4,0
1873,368,5,0
1874,368,6,0
1875,369,3,0
1876,369,4,0
1877,369,5,0
1878,369,6,0
1879,370,3,0
1880,370,4,0
1881,370,5,0
1882,370,6,0
1883,371,3,0
1884,371,4,0
1885,371,5,0
1886,371,6,0
1887,372,3,0
1888,372,4,0
1889,372,5,0
1890,372,6,0
1891,373,3,0
1892,373,4,0
1893,373,5,0
1894,373,6,0
1895,374,3,0
1896,374,4,0
1897,374,5,0
1898,374,6,0
1899,375,3,0
1900,375,4,0
1901,375,5,0
1902,375,6,0
1903,376,3,0
1904,376,4,0
1905,376,5,0
1906,376,6,0
1907,377,3,0
1908,377,4,0
1909,377,5,0
1910,377,6,0
1911,378,3,0
1912,378,4,0
1913,378,5,0
1914,378,6,0
1915,379,3,0
1916,379,4,0
1917,379,5,0
1918,379,6,0
1919,380,3,0
1920,380,4,0
1921,380,5,0
1922,380,6,0
1923,381,3,0
1924,381,4,0
1925,381,5,0
1926,381,6,0
1927,382,3,0
1928,382,4,0
1929,382,5,0
1930,382,6,0
1931,383,3,0
1932,383,4,0
1933,383,5,0
1934,383,6,0
1935,384,3,0
1936,384,4,0
1937,384,5,0
1938,384,6,0
1939,385,3,0
1940,385,4,0
1941,385,5,0
1942,385,6,0
1943,386,3,0
1944,386,4,0
1945,386,5,0
1946,386,6,0
1947,387,4,0
1948,387,5,0
1949,387,6,0
1950,388,4,0
1951,388,5,0
1952,388,6,0
1953,389,4,0
1954,389,5,0
1955,389,6,0
1956,390,4,0
1957,390,5,0
1958,390,6,0
1959,391,4,0
1960,391,5,0
1961,391,6,0
1962,392,4,0
1963,392,5,0
1964,392,6,0
1965,393,4,0
1966,393,5,0
1967,393,6,0
1968,394,4,0
1969,394,5,0
1970,394,6,0
1971,395,4,0
1972,395,5,0
1973,395,6,0
1974,396,4,0
1975,396,5,0
1976,396,6,0
1977,397,4,0
1978,397,5,0
1979,397,6,0
1980,398,4,0
1981,398,5,0
1982,398,6,0
1983,399,4,0
1984,399,5,0
1985,399,6,0
1986,400,4,0
1987,400,5,0
1988,400,6,0
1989,401,4,0
1990,401,5,0
1991,401,6,0
1992,402,4,0
1993,402,5,0
1994,402,6,0
1995,403,4,0
1996,403,5,0
1997,403,6,0
1998,404,4,0
1999,404,5,0
2000,404,6,0
2001,405,4,0
2002,405,5,0
2003,405,6,0
2004,406,4,0
2005,406,5,0
2006,406,6,0
2007,407,4,0
2008,407,5,0
2009,407,6,0
2010,408,4,0
2011,408,5,0
2012,408,6,0
2013,409,4,0
2014,409,5,0
2015,409,6,0
2016,410,4,0
2017,410,5,0
2018,410,6,0
2019,411,4,0
2020,411,5,0
2021,411,6,0
2022,412,4,0
2023,412,5,0
2024,412,6,0
2025,413,4,0
2026,413,5,0
2027,413,6,0
2028,414,4,0
2029,414,5,0
2030,414,6,0
2031,415,4,0
2032,415,5,0
2033,415,6,0
2034,416,4,0
2035,416,5,0
2036,416,6,0
2037,417,4,0
2038,417,5,0
2039,417,6,0
2040,418,4,0
2041,418,5,0
2042,418,6,0
2043,419,4,0
2044,419,5,0
2045,419,6,0
2046,420,4,0
2047,420,5,0
2048,420,6,0
2049,421,4,0
2050,421,5,0
2051,421,6,0
2052,422,4,0
2053,422,5,0
2054,422,6,0
2055,423,4,0
2056,423,5,0
2057,423,6,0
2058,424,4,0
2059,424,5,0
2060,424,6,0
2061,425,4,0
2062,425,5,0
2063,425,6,0
2064,426,4,0
2065,426,5,0
2066,426,6,0
2067,427,4,0
2068,427,5,0
2069,427,6,0
2070,428,4,0
2071,428,5,0
2072,428,6,0
2073,429,4,0
2074,429,5,0
2075,429,6,0
2076,430,4,0
2077,430,5,0
2078,430,6,0
2079,431,4,0
2080,431,5,0
2081,431,6,0
2082,432,4,0
2083,432,5,0
2084,432,6,0
2085,433,4,0
2086,433,5,0
2087,433,6,0
2088,434,4,0
2089,434,5,0
2090,434,6,0
2091,435,4,0
2092,435,5,0
2093,435,6,0
2094,436,4,0
2095,436,5,0
2096,436,6,0
2097,437,4,0
2098,437,5,0
2099,437,6,0
2100,438,4,0
2101,438,5,0
2102,438,6,0
2103,439,4,0
2104,439,5,0
2105,439,6,0
2106,440,4,0
2107,440,5,0
2108,440,6,0
2109,441,4,0
2110,441,5,0
2111,441,6,0
2112,442,4,0
2113,442,5,0
2114,442,6,0
2115,443,4,0
2116,443,5,0
2117,443,6,0
2118,444,4,0
2119,444,5,0
2120,444,6,0
2121,445,4,0
2122,445,5,0
2123,445,6,0
2124,446,4,0
2125,446,5,0
2126,446,6,0
2127,447,4,0
2128,447,5,0
2129,447,6,0
2130,448,4,0
2131,448,5,0
2132,448,6,0
2133,449,4,0
2134,449,5,0
2135,449,6,0
2136,450,4,0
2137,450,5,0
2138,450,6,0
2139,451,4,0
2140,451,5,0
2141,451,6,0
2142,452,4,0
2143,452,5,0
2144,452,6,0
2145,453,4,0
2146,453,5,0
2147,453,6,0
2148,454,4,0
2149,454,5,0
2150,454,6,0
2151,455,4,0
2152,455,5,0
2153,455,6,0
2154,456,4,0
2155,456,5,0
2156,456,6,0
2157,457,4,0
2158,457,5,0
2159,457,6,0
2160,458,4,0
2161,458,5,0
2162,458,6,0
2163,459,4,0
2164,459,5,0
2165,459,6,0
2166,460,4,0
2167,460,5,0
2168,460,6,0
2169,461,4,0
2170,461,5,0
2171,461,6,0
2172,462,4,0
2173,462,5,0
2174,462,6,0
2175,463,4,0
2176,463,5,0
2177,463,6,0
2178,464,4,0
2179,464,5,0
2180,464,6,0
2181,465,4,0
2182,465,5,0
2183,465,6,0
2184,466,4,0
2185,466,5,0
2186,466,6,0
2187,467,4,0
2188,467,5,0
2189,467,6,0
2190,468,4,0
2191,468,5,0
2192,468,6,0
2193,469,4,0
2194,469,5,0
2195,469,6,0
2196,470,4,0
2197,470,5,0
2198,470,6,0
2199,471,4,0
2200,471,5,0
2201,471,6,0
2202,472,4,0
2203,472,5,0
2204,472,6,0
2205,473,4,0
2206,473,5,0
2207,473,6,0
2208,474,4,0
2209,474,5,0
2210,474,6,0
2211,475,4,0
2212,475,5,0
2213,475,6,0
2214,476,4,0
2215,476,5,0
2216,476,6,0
2217,477,4,0
2218,477,5,0
2219,477,6,0
2220,478,4,0
2221,478,5,0
2222,478,6,0
2223,479,4,0
2224,479,5,0
2225,479,6,0
2226,480,4,0
2227,480,5,0
2228,480,6,0
2229,481,4,0
2230,481,5,0
2231,481,6,0
2232,482,4,0
2233,482,5,0
2234,482,6,0
2235,483,4,0
2236,483,5,0
2237,483,6,0
2238,484,4,0
2239,484,5,0
2240,484,6,0
2241,485,4,0
2242,485,5,0
2243,485,6,0
2244,486,4,0
2245,486,5,0
2246,486,6,0
2247,487,4,0
2248,487,5,0
2249,487,6,0
2250,488,4,0
2251,488,5,0
2252,488,6,0
2253,489,4,0
2254,489,5,0
2255,489,6,0
2256,490,4,0
2257,490,5,0
2258,490,6,0
2259,491,4,0
2260,491,5,0
2261,491,6,0
2262,492,4,0
2263,492,5,0
2264,492,6,0
2265,493,4,0
2266,493,5,0
2267,493,6,0
2268,494,5,0
2269,494,6,0
2270,495,5,0
2271,495,6,0
2272,496,5,0
2273,496,6,0
2274,497,5,0
2275,497,6,0
2276,498,5,0
2277,498,6,0
2278,499,5,0
2279,499,6,0
2280,500,5,0
2281,500,6,0
2282,501,5,0
2283,501,6,0
2284,502,5,0
2285,502,6,0
2286,503,5,0
2287,503,6,0
2288,504,5,0
2289,504,6,0
2290,505,5,0
2291,505,6,0
2292,506,5,0
2293,506,6,0
2294,507,5,0
2295,507,6,0
2296,508,5,0
2297,508,6,0
2298,509,5,0
2299,509,6,0
2300,510,5,0
2301,510,6,0
2302,511,5,0
2303,511,6,0
2304,512,5,0
2305,512,6,0
2306,513,5,0
2307,513,6,0
2308,514,5,0
2309,514,6,0
2310,515,5,0
2311,515,6,0
2312,516,5,0
2313,516,6,0
2314,517,5,0
2315,517,6,0
2316,518,5,0
2317,518,6,0
2318,519,5,0
2319,519,6,0
2320,520,5,0
2321,520,6,0
2322,521,5,0
2323,521,6,0
2324,522,5,0
2325,522,6,0
2326,523,5,0
2327,523,6,0
2328,524,5,0
2329,524,6,0
2330,525,5,0
2331,525,6,0
2332,526,5,0
2333,526,6,0
2334,527,5,0
2335,527,6,0
2336,528,5,0
2337,528,6,0
2338,529,5,0
2339,529,6,0
2340,530,5,0
2341,530,6,0
2342,531,5,0
2343,531,6,0
2344,532,5,0
2345,532,6,0
2346,533,5,0
2347,533,6,0
2348,534,5,0
2349,534,6,0
2350,535,5,0
2351,535,6,0
2352,536,5,0
2353,536,6,0
2354,537,5,0
2355,537,6,0
2356,538,5,0
2357,538,6,0
2358,539,5,0
2359,539,6,0
2360,540,5,0
2361,540,6,0
2362,541,5,0
2363,541,6,0
2364,542,5,0
2365,542,6,0
2366,543,5,0
2367,543,6,0
2368,544,5,0
2369,544,6,0
2370,545,5,0
2371,545,6,0
2372,546,5,0
2373,546,6,0
2374,547,5,0
2375,547,6,0
2376,548,5,0
2377,548,6,0
2378,549,5,0
2379,549,6,0
2380,550,5,0
2381,550,6,0
2382,551,5,0
2383,551,6,0
2384,552,5,0
2385,552,6,0
2386,553,5,0
2387,553,6,0
2388,554,5,0
2389,554,6,0
2390,555,5,0
2391,555,6,0
2392,556,5,0
2393,556,6,0
2394,557,5,0
2395,557,6,0
2396,558,5,0
2397,558,6,0
2398,559,5,0
2399,559,6,0
2400,560,5,0
2401,560,6,0
2402,561,5,0
2403,561,6,0
2404,562,5,0
2405,562,6,0
2406,563,5,0
2407,563,6,0
2408,564,5,0
2409,564,6,0
2410,565,5,0
2411,565,6,0
2412,566,5,0
2413,566,6,0
2414,567,5,0
2415,567,6,0
2416,568,5,0
2417,568,6,0
2418,569,5,0
2419,569,6,0
2420,570,5,0
2421,570,6,0
2422,571,5,0
2423,571,6,0
2424,572,5,0
2425,572,6,0
2426,573,5,0
2427,573,6,0
2428,574,5,0
2429,574,6,0
2430,575,5,0
2431,575,6,0
2432,576,5,0
2433,576,6,0
2434,577,5,0
2435,577,6,0
2436,578,5,0
2437,578,6,0
2438,579,5,0
2439,579,6,0
2440,580,5,0
2441,580,6,0
2442,581,5,0
2443,581,6,0
2444,582,5,0
2445,582,6,0
2446,583,5,0
2447,583,6,0
2448,584,5,0
2449,584,6,0
2450,585,5,0
2451,585,6,0
2452,586,5,0
2453,586,6,0
2454,587,5,0
2455,587,6,0
2456,588,5,0
2457,588,6,0
2458,589,5,0
2459,589,6,0
2460,590,5,0
2461,590,6,0
2462,591,5,0
2463,591,6,0
2464,592,5,0
2465,592,6,0
2466,593,5,0
2467,593,6,0
2468,594,5,0
2469,594,6,0
2470,595,5,0
2471,595,6,0
2472,596,5,0
2473,596,6,0
2474,597,5,0
2475,597,6,0
2476,598,5,0
2477,598,6,0
2478,599,5,0
2479,599,6,0
2480,600,5,0
2481,600,6,0
2482,601,5,0
2483,601,6,0
2484,602,5,0
2485,602,6,0
2486,603,5,0
2487,603,6,0
2488,604,5,0
2489,604,6,0
2490,605,5,0
2491,605,6,0
2492,606,5,0
2493,606,6,0
2494,607,5,0
2495,607,6,0
2496,608,5,0
2497,608,6,0
2498,609,5,0
2499,609,6,0
2500,610,5,0
2501,610,6,0
2502,611,5,0
2503,611,6,0
2504,612,5,0
2505,612,6,0
2506,613,5,0
2507,613,6,0
2508,614,5,0
2509,614,6,0
2510,615,5,0
2511,615,6,0
2512,616,5,0
2513,616,6,0
2514,617,5,0
2515,617,6,0
2516,618,5,0
2517,618,6,0
2518,619,5,0
2519,619,6,0
2520,620,5,0
2521,620,6,0
2522,621,5,0
2523,621,6,0
2524,622,5,0
2525,622,6,0
2526,623,5,0
2527,623,6,0
2528,624,5,0
2529,624,6,0
2530,625,5,0
2531,625,6,0
2532,626,5,0
2533,626,6,0
2534,627,5,0
2535,627,6,0
2536,628,5,0
2537,628,6,0
2538,629,5,0
2539,629,6,0
2540,630,5,0
2541,630,6,0
2542,631,5,0
2543,631,6,0
2544,632,5,0
2545,632,6,0
2546,633,5,0
2547,633,6,0
2548,634,5,0
2549,634,6,0
2550,635,5,0
2551,635,6,0
2552,636,5,0
2553,636,6,0
2554,637,5,0
2555,637,6,0
2556,638,5,0
2557,638,6,0
2558,639,5,0
2559,639,6,0
2560,640,5,0
2561,640,6,0
2562,641,5,0
2563,641,6,0
2564,642,5,0
2565,642,6,0
2566,643,5,0
2567,643,6,0
2568,644,5,0
2569,644,6,0
2570,645,5,0
2571,645,6,0
2572,646,5,0
2573,646,6,0
2574,647,5,0
2575,647,6,0
2576,648,5,0
2577,648,6,0
2578,649,5,0
2579,649,6,0
2580,650,6,0
2581,651,6,0
2582,652,6,0
2583,653,6,0
2584,654,6,0
2585,655,6,0
2586,656,6,0
2587,657,6,0
2588,658,6,0
2589,659,6,0
2590,660,6,0
2591,661,6,0
2592,662,6,0
2593,663,6,0
2594,664,6,0
2595,665,6,0
2596,666,6,0
2597,667,6,0
2598,668,6,0
2599,669,6,0
2600,670,6,0
2601,671,6,0
2602,672,6,0
2603,673,6,0
2604,674,6,0
2605,675,6,0
2606,676,6,0
2607,677,6,0
2608,678,6,0
2609,679,6,0
2610,680,6,0
2611,681,6,0
2612,682,6,0
2613,683,6,0
2614,684,6,0
2615,685,6,0
2616,686,6,0
2617,687,6,0
2618,688,6,0
2619,689,6,0
2620,690,6,0
2621,691,6,0
2622,692,6,0
2623,693,6,0
2624,694,6,0
2625,695,6,0
2626,696,6,0
2627,697,6,0
2628,698,6,0
2629,699,6,0
2630,700,6,0
2631,701,6,0
2632,702,6,0
2633,703,6,0
2634,704,6,0
2635,705,6,0
2636,706,6,0
2637,707,6,0
2638,708,6,0
2639,709,6,0
2640,710,6,0
2641,711,6,0
2642,712,6,0
2643,713,6,0
2644,714,6,0
2645,715,6,0
2646,716,6,0
2647,717,6,0
2648,718,6,0
2649,10001,2,1
2650,10001,3,1
2651,10001,4,1
2652,10001,5,1
2653,10001,6,0
2654,10002,2,2
2655,10002,3,2
2656,10002,4,2
2657,10002,5,2
2658,10002,6,0
2659,10003,2,3
2660,10003,3,3
2661,10003,4,3
2662,10003,5,3
2663,10003,6,0
2664,10004,2,4
2665,10004,3,4
2666,10004,4,4
2667,10004,5,4
2668,10004,6,0
2669,10005,2,5
2670,10005,3,5
2671,10005,4,5
2672,10005,5,5
2673,10005,6,0
2674,10006,2,6
2675,10006,3,6
2676,10006,4,6
2677,10006,5,6
2678,10006,6,0
2679,10007,2,7
2680,10007,3,7
2681,10007,4,7
2682,10007,5,7
2683,10007,6,0
2684,10008,2,8
2685,10008,3,8
2686,10008,4,8
2687,10008,5,8
2688,10008,6,0
2689,10009,2,9
2690,10009,3,9
2691,10009,4,9
2692,10009,5,9
2693,10009,6,0
2694,10010,2,10
2695,10010,3,10
2696,10010,4,10
2697,10010,5,10
2698,10010,6,0
2699,10011,2,11
2700,10011,3,11
2701,10011,4,11
2702,10011,5,11
2703,10011,6,0
2704,10012,2,12
2705,10012,3,12
2706,10012,4,12
2707,10012,5,12
2708,10012,6,0
2709,10013,2,13
2710,10013,3,13
2711,10013,4,13
2712,10013,5,13
2713,10013,6,0
2714,10014,2,14
2715,10014,3,14
2716,10014,4,14
2717,10014,5,14
2718,10014,6,0
2719,10015,2,15
2720,10015,3,15
2721,10015,4,15
2722,10015,5,15
2723,10015,6,0
2724,10016,2,16
2725,10016,3,16
2726,10016,4,16
2727,10016,5,16
2728,10016,6,0
2729,10017,2,17
2730,10017,3,17
2731,10017,4,17
2732,10017,5,17
2733,10017,6,0
2734,10018,2,18
2735,10018,3,18
2736,10018,4,18
2737,10018,5,18
2738,10018,6,0
2739,10019,2,19
2740,10019,3,19
2741,10019,4,19
2742,10019,5,19
2743,10019,6,0
2744,10020,2,20
2745,10020,3,20
2746,10020,4,20
2747,10020,5,20
2748,10020,6,0
2749,10021,2,21
2750,10021,3,21
2751,10021,4,21
2752,10021,5,21
2753,10021,6,0
2754,10022,2,22
2755,10022,3,22
2756,10022,4,22
2757,10022,5,22
2758,10022,6,0
2759,10023,2,23
2760,10023,3,23
2761,10023,4,23
2762,10023,5,23
2763,10023,6,0
2764,10024,2,24
2765,10024,3,24
2766,10024,4,24
2767,10024,5,24
2768,10024,6,0
2769,10025,2,25
2770,10025,3,25
2771,10025,4,25
2772,10025,5,25
2773,10025,6,0
2774,10026,3,26
2775,10026,4,26
2776,10026,5,26
2777,10026,6,0
2778,10027,3,27
2779,10027,4,27
2780,10027,5,27
2781,10027,6,0
2782,10028,3,1
2783,10028,4,1
2784,10028,5,1
2785,10028,6,0
2786,10029,3,2
2787,10029,4,2
2788,10029,5,2
2789,10029,6,0
2790,10030,3,3
2791,10030,4,3
2792,10030,5,3
2793,10030,6,0
2794,10031,3,0
2795,10031,4,1
2796,10031,5,1
2797,10031,6,0
2798,10032,3,0
2799,10032,4,2
2800,10032,5,2
2801,10032,6,0
2802,10033,3,0
2803,10033,4,3
2804,10033,5,3
2805,10033,6,0
2806,10034,4,1
2807,10034,5,1
2808,10034,6,0
2809,10035,4,2
2810,10035,5,2
2811,10035,6,0
2812,10036,4,1
2813,10036,5,1
2814,10036,6,0
2815,10037,4,2
2816,10037,5,2
2817,10037,6,0
2818,10038,4,1
2819,10038,5,1
2820,10038,6,0
2821,10039,4,1
2822,10039,5,1
2823,10039,6,0
2824,10040,4,1
2825,10040,5,1
2826,10040,6,0
2827,10041,4,6
2828,10041,5,6
2829,10041,6,0
2830,10042,4,17
2831,10042,5,16
2832,10042,6,0
2833,10043,4,16
2834,10043,5,15
2835,10043,6,0
2836,10044,4,13
2837,10044,5,12
2838,10044,6,0
2839,10045,4,1
2840,10045,5,1
2841,10045,6,0
2842,10046,4,10
2843,10046,5,9
2844,10046,6,0
2845,10047,4,2
2846,10047,5,2
2847,10047,6,0
2848,10048,4,7
2849,10048,5,7
2850,10048,6,0
2851,10049,4,12
2852,10049,5,11
2853,10049,6,0
2854,10050,4,4
2855,10050,5,4
2856,10050,6,0
2857,10051,4,15
2858,10051,5,14
2859,10051,6,0
2860,10052,4,3
2861,10052,5,3
2862,10052,6,0
2863,10053,4,14
2864,10053,5,13
2865,10053,6,0
2866,10054,4,5
2867,10054,5,5
2868,10054,6,0
2869,10055,4,8
2870,10055,5,8
2871,10055,6,0
2872,10056,4,11
2873,10056,5,10
2874,10056,6,0
2875,10057,4,9
2876,10058,4,1
2877,10058,5,1
2878,10058,6,0
2879,10059,4,2
2880,10059,5,2
2881,10059,6,0
2882,10060,4,3
2883,10060,5,3
2884,10060,6,0
2885,10061,4,4
2886,10061,5,4
2887,10061,6,0
2888,10062,4,5
2889,10062,5,5
2890,10062,6,0
2891,10063,4,1
2892,10063,5,1
2893,10063,6,0
2894,10064,4,1
2895,10064,5,1
2896,10064,6,0
2897,10065,4,1
2898,10066,5,1
2899,10066,6,0
2900,10067,5,1
2901,10067,6,0
2902,10068,5,1
2903,10068,6,0
2904,10069,5,2
2905,10069,6,0
2906,10070,5,3
2907,10070,6,0
2908,10071,5,1
2909,10071,6,0
2910,10072,5,2
2911,10072,6,0
2912,10073,5,3
2913,10073,6,0
2914,10074,5,1
2915,10074,6,0
2916,10075,5,1
2917,10075,6,0
2918,10076,5,2
2919,10076,6,0
2920,10077,5,3
2921,10077,6,0
2922,10078,5,4
2923,10078,6,0
2924,10079,5,1
2925,10079,6,0
2926,10080,5,1
2927,10080,6,0
2928,10081,5,1
2929,10081,6,0
2930,10082,5,2
2931,10082,6,0
2932,10083,5,1
2933,10083,6,0
2934,10084,5,1
2935,10084,6,0
2936,10085,6,0
2937,10086,6,0
2938,10087,6,0
2939,10088,6,0
2940,10089,6,0
2941,10090,6,0
2942,10091,6,0
2943,10092,6,0
2944,10093,6,0
2945,10094,6,0
2946,10095,6,0
2947,10096,6,0
2948,10097,6,0
2949,10098,6,0
2950,10099,6,0
2951,10100,6,0
2952,10101,6,0
2953,10102,6,0
2954,10103,6,0
2955,10104,6,0
2956,10105,6,0
2957,10106,6,0
2958,10107,6,0
2959,10108,6,0
2960,10109,6,0
2961,10110,6,0
2962,10111,6,0
2963,10112,6,0
2964,10113,6,0
2965,10114,6,0
2966,10115,6,0
2967,10116,6,0
2968,10117,6,0
2969,10118,6,0
2970,10119,6,0
2971,10120,6,0
2972,10121,6,0
2973,10122,6,0
2974,10123,6,0
2975,10124,6,0
2976,10125,6,0
2977,10126,6,0
2978,10127,6,0
2979,10128,6,0
2980,10129,6,0
2981,10130,6,0
2982,10131,6,0
2983,10132,6,0
2984,10133,6,0
2985,10134,6,0
2986,10135,6,0
2987,10136,6,0
2988,10137,6,0
2989,10138,6,0
2990,10139,6,0
2991,10140,6,0
2992,10141,6,0
2993,10142,6,0
2994,10143,6,0
2995,10144,6,0
2996,10145,6,0
2997,10146,6,0
2998,10147,6,0
2999,10148,6,0
3000,10149,6,0
3001,10150,6,0
3002,10151,6,0
3003,10152,6,0
3004,10153,6,0
3005,10154,6,0
3006,10155,6,0
3007,10156,6,0
3008,10157,6,0
3009,10158,6,0
3010,10159,6,0
3011,10160,6,0
3012,10166,6,1
3013,10167,6,1
3014,10168,6,1
3015,10169,6,1
3016,10170,6,1
3017,10171,6,1
3018,10172,6,1
3019,10173,6,1
3020,10174,6,1
3021,10175,6,1
3022,10176,6,1
3023,10177,6,1
3024,10178,6,1
3025,10179,6,1
3026,10180,6,1
3027,10181,6,1
3028,10182,6,1
3029,10183,6,2
3030,10184,6,3
3031,10185,6,4
3032,10186,6,5
3033,10187,6,6
3034,10188,6,1
3035,10189,6,1
3036,10190,6,1
3037,10191,6,1
3038,10192,6,1
