id,pokemon_id,stat_id,base_stat,effort
1,1,1,45,0
2,1,2,49,0
3,1,3,49,0
4,1,4,65,1
5,1,5,65,0
6,1,6,45,0
7,2,1,60,0
8,2,2,62,0
9,2,3,63,0
10,2,4,80,1
11,2,5,80,1
12,2,6,60,0
13,3,1,80,0
14,3,2,82,0
15,3,3,83,0
16,3,4,100,2
17,3,5,100,1
18,3,6,80,0
19,4,1,39,0
20,4,2,52,0
21,4,3,43,0
22,4,4,60,0
23,4,5,50,0
24,4,6,65,1
25,5,1,58,0
26,5,2,64,0
27,5,3,58,0
28,5,4,80,1
29,5,5,65,0
30,5,6,80,1
31,6,1,78,0
32,6,2,84,0
33,6,3,78,0
34,6,4,109,3
35,6,5,85,0
36,6,6,100,0
37,7,1,44,0
38,7,2,48,0
39,7,3,65,1
40,7,4,50,0
41,7,5,64,0
42,7,6,43,0
43,8,1,59,0
44,8,2,63,0
45,8,3,80,1
46,8,4,65,0
47,8,5,80,1
48,8,6,58,0
49,9,1,79,0
50,9,2,83,0
51,9,3,100,0
52,9,4,85,0
53,9,5,105,3
54,9,6,78,0
55,10,1,45,1
56,10,2,30,0
57,10,3,35,0
58,10,4,20,0
59,10,5,20,0
60,10,6,45,0
61,11,1,50,0
62,11,2,20,0
63,11,3,55,2
64,11,4,25,0
65,11,5,25,0
66,11,6,30,0
67,12,1,60,0
68,12,2,45,0
69,12,3,50,0
70,12,4,90,2
71,12,5,80,1
72,12,6,70,0
73,13,1,40,0
74,13,2,35,0
75,13,3,30,0
76,13,4,20,0
77,13,5,20,0
78,13,6,50,1
79,14,1,45,0
80,14,2,25,0
81,14,3,50,2
82,14,4,25,0
83,14,5,25,0
84,14,6,35,0
85,15,1,65,0
86,15,2,90,2
87,15,3,40,0
88,15,4,45,0
89,15,5,80,1
90,15,6,75,0
91,16,1,40,0
92,16,2,45,0
93,16,3,40,0
94,16,4,35,0
95,16,5,35,0
96,16,6,56,1
97,17,1,63,0
98,17,2,60,0
99,17,3,55,0
100,17,4,50,0
101,17,5,50,0
102,17,6,71,2
103,18,1,83,0
104,18,2,80,0
105,18,3,75,0
106,18,4,70,0
107,18,5,70,0
108,18,6,101,3
109,19,1,30,0
110,19,2,56,0
111,19,3,35,0
112,19,4,25,0
113,19,5,35,0
114,19,6,72,1
115,20,1,55,0
116,20,2,81,0
117,20,3,60,0
118,20,4,50,0
119,20,5,70,0
120,20,6,97,2
121,21,1,40,0
122,21,2,60,0
123,21,3,30,0
124,21,4,31,0
125,21,5,31,0
126,21,6,70,1
127,22,1,65,0
128,22,2,90,0
129,22,3,65,0
130,22,4,61,0
131,22,5,61,0
132,22,6,100,2
133,23,1,35,0
134,23,2,60,1
135,23,3,44,0
136,23,4,40,0
137,23,5,54,0
138,23,6,55,0
139,24,1,60,0
140,24,2,85,2
141,24,3,69,0
142,24,4,65,0
143,24,5,79,0
144,24,6,80,0
145,25,1,35,0
146,25,2,55,0
147,25,3,40,0
148,25,4,50,0
149,25,5,50,0
150,25,6,90,2
151,26,1,60,0
152,26,2,90,0
153,26,3,55,0
154,26,4,90,0
155,26,5,80,0
156,26,6,110,3
157,27,1,50,0
158,27,2,75,0
159,27,3,85,1
160,27,4,20,0
161,27,5,30,0
162,27,6,40,0
163,28,1,75,0
164,28,2,100,0
165,28,3,110,2
166,28,4,45,0
167,28,5,55,0
168,28,6,65,0
169,29,1,55,1
170,29,2,47,0
171,29,3,52,0
172,29,4,40,0
173,29,5,40,0
174,29,6,41,0
175,30,1,70,2
176,30,2,62,0
177,30,3,67,0
178,30,4,55,0
179,30,5,55,0
180,30,6,56,0
181,31,1,90,3
182,31,2,92,0
183,31,3,87,0
184,31,4,75,0
185,31,5,85,0
186,31,6,76,0
187,32,1,46,0
188,32,2,57,1
189,32,3,40,0
190,32,4,40,0
191,32,5,40,0
192,32,6,50,0
193,33,1,61,0
194,33,2,72,2
195,33,3,57,0
196,33,4,55,0
197,33,5,55,0
198,33,6,65,0
199,34,1,81,0
200,34,2,102,3
201,34,3,77,0
202,34,4,85,0
203,34,5,75,0
204,34,6,85,0
205,35,1,70,2
206,35,2,45,0
207,35,3,48,0
208,35,4,60,0
209,35,5,65,0
210,35,6,35,0
211,36,1,95,3
212,36,2,70,0
213,36,3,73,0
214,36,4,95,0
215,36,5,90,0
216,36,6,60,0
217,37,1,38,0
218,37,2,41,0
219,37,3,40,0
220,37,4,50,0
221,37,5,65,0
222,37,6,65,1
223,38,1,73,0
224,38,2,76,0
225,38,3,75,0
226,38,4,81,0
227,38,5,100,1
228,38,6,100,1
229,39,1,115,2
230,39,2,45,0
231,39,3,20,0
232,39,4,45,0
233,39,5,25,0
234,39,6,20,0
235,40,1,140,3
236,40,2,70,0
237,40,3,45,0
238,40,4,85,0
239,40,5,50,0
240,40,6,45,0
241,41,1,40,0
242,41,2,45,0
243,41,3,35,0
244,41,4,30,0
245,41,5,40,0
246,41,6,55,1
247,42,1,75,0
248,42,2,80,0
249,42,3,70,0
250,42,4,65,0
251,42,5,75,0
252,42,6,90,2
253,43,1,45,0
254,43,2,50,0
255,43,3,55,0
256,43,4,75,1
257,43,5,65,0
258,43,6,30,0
259,44,1,60,0
260,44,2,65,0
261,44,3,70,0
262,44,4,85,2
263,44,5,75,0
264,44,6,40,0
265,45,1,75,0
266,45,2,80,0
267,45,3,85,0
268,45,4,110,3
269,45,5,90,0
270,45,6,50,0
271,46,1,35,0
272,46,2,70,1
273,46,3,55,0
274,46,4,45,0
275,46,5,55,0
276,46,6,25,0
277,47,1,60,0
278,47,2,95,2
279,47,3,80,1
280,47,4,60,0
281,47,5,80,0
282,47,6,30,0
283,48,1,60,0
284,48,2,55,0
285,48,3,50,0
286,48,4,40,0
287,48,5,55,1
288,48,6,45,0
289,49,1,70,0
290,49,2,65,0
291,49,3,60,0
292,49,4,90,1
293,49,5,75,0
294,49,6,90,1
295,50,1,10,0
296,50,2,55,0
297,50,3,25,0
298,50,4,35,0
299,50,5,45,0
300,50,6,95,1
301,51,1,35,0
302,51,2,80,0
303,51,3,50,0
304,51,4,50,0
305,51,5,70,0
306,51,6,120,2
307,52,1,40,0
308,52,2,45,0
309,52,3,35,0
310,52,4,40,0
311,52,5,40,0
312,52,6,90,1
313,53,1,65,0
314,53,2,70,0
315,53,3,60,0
316,53,4,65,0
317,53,5,65,0
318,53,6,115,2
319,54,1,50,0
320,54,2,52,0
321,54,3,48,0
322,54,4,65,1
323,54,5,50,0
324,54,6,55,0
325,55,1,80,0
326,55,2,82,0
327,55,3,78,0
328,55,4,95,2
329,55,5,80,0
330,55,6,85,0
331,56,1,40,0
332,56,2,80,1
333,56,3,35,0
334,56,4,35,0
335,56,5,45,0
336,56,6,70,0
337,57,1,65,0
338,57,2,105,2
339,57,3,60,0
340,57,4,60,0
341,57,5,70,0
342,57,6,95,0
343,58,1,55,0
344,58,2,70,1
345,58,3,45,0
346,58,4,70,0
347,58,5,50,0
348,58,6,60,0
349,59,1,90,0
350,59,2,110,2
351,59,3,80,0
352,59,4,100,0
353,59,5,80,0
354,59,6,95,0
355,60,1,40,0
356,60,2,50,0
357,60,3,40,0
358,60,4,40,0
359,60,5,40,0
360,60,6,90,1
361,61,1,65,0
362,61,2,65,0
363,61,3,65,0
364,61,4,50,0
365,61,5,50,0
366,61,6,90,2
367,62,1,90,0
368,62,2,95,0
369,62,3,95,3
370,62,4,70,0
371,62,5,90,0
372,62,6,70,0
373,63,1,25,0
374,63,2,20,0
375,63,3,15,0
376,63,4,105,1
377,63,5,55,0
378,63,6,90,0
379,64,1,40,0
380,64,2,35,0
381,64,3,30,0
382,64,4,120,2
383,64,5,70,0
384,64,6,105,0
385,65,1,55,0
386,65,2,50,0
387,65,3,45,0
388,65,4,135,3
389,65,5,95,0
390,65,6,120,0
391,66,1,70,0
392,66,2,80,1
393,66,3,50,0
394,66,4,35,0
395,66,5,35,0
396,66,6,35,0
397,67,1,80,0
398,67,2,100,2
399,67,3,70,0
400,67,4,50,0
401,67,5,60,0
402,67,6,45,0
403,68,1,90,0
404,68,2,130,3
405,68,3,80,0
406,68,4,65,0
407,68,5,85,0
408,68,6,55,0
409,69,1,50,0
410,69,2,75,1
411,69,3,35,0
412,69,4,70,0
413,69,5,30,0
414,69,6,40,0
415,70,1,65,0
416,70,2,90,2
417,70,3,50,0
418,70,4,85,0
419,70,5,45,0
420,70,6,55,0
421,71,1,80,0
422,71,2,105,3
423,71,3,65,0
424,71,4,100,0
425,71,5,70,0
426,71,6,70,0
427,72,1,40,0
428,72,2,40,0
429,72,3,35,0
430,72,4,50,0
431,72,5,100,1
432,72,6,70,0
433,73,1,80,0
434,73,2,70,0
435,73,3,65,0
436,73,4,80,0
437,73,5,120,2
438,73,6,100,0
439,74,1,40,0
440,74,2,80,0
441,74,3,100,1
442,74,4,30,0
443,74,5,30,0
444,74,6,20,0
445,75,1,55,0
446,75,2,95,0
447,75,3,115,2
448,75,4,45,0
449,75,5,45,0
450,75,6,35,0
451,76,1,80,0
452,76,2,120,0
453,76,3,130,3
454,76,4,55,0
455,76,5,65,0
456,76,6,45,0
457,77,1,50,0
458,77,2,85,0
459,77,3,55,0
460,77,4,65,0
461,77,5,65,0
462,77,6,90,1
463,78,1,65,0
464,78,2,100,0
465,78,3,70,0
466,78,4,80,0
467,78,5,80,0
468,78,6,105,2
469,79,1,90,1
470,79,2,65,0
471,79,3,65,0
472,79,4,40,0
473,79,5,40,0
474,79,6,15,0
475,80,1,95,0
476,80,2,75,0
477,80,3,110,2
478,80,4,100,0
479,80,5,80,0
480,80,6,30,0
481,81,1,25,0
482,81,2,35,0
483,81,3,70,0
484,81,4,95,1
485,81,5,55,0
486,81,6,45,0
487,82,1,50,0
488,82,2,60,0
489,82,3,95,0
490,82,4,120,2
491,82,5,70,0
492,82,6,70,0
493,83,1,52,0
494,83,2,65,1
495,83,3,55,0
496,83,4,58,0
497,83,5,62,0
498,83,6,60,0
499,84,1,35,0
500,84,2,85,1
501,84,3,45,0
502,84,4,35,0
503,84,5,35,0
504,84,6,75,0
505,85,1,60,0
506,85,2,110,2
507,85,3,70,0
508,85,4,60,0
509,85,5,60,0
510,85,6,100,0
511,86,1,65,0
512,86,2,45,0
513,86,3,55,0
514,86,4,45,0
515,86,5,70,1
516,86,6,45,0
517,87,1,90,0
518,87,2,70,0
519,87,3,80,0
520,87,4,70,0
521,87,5,95,2
522,87,6,70,0
523,88,1,80,1
524,88,2,80,0
525,88,3,50,0
526,88,4,40,0
527,88,5,50,0
528,88,6,25,0
529,89,1,105,1
530,89,2,105,1
531,89,3,75,0
532,89,4,65,0
533,89,5,100,0
534,89,6,50,0
535,90,1,30,0
536,90,2,65,0
537,90,3,100,1
538,90,4,45,0
539,90,5,25,0
540,90,6,40,0
541,91,1,50,0
542,91,2,95,0
543,91,3,180,2
544,91,4,85,0
545,91,5,45,0
546,91,6,70,0
547,92,1,30,0
548,92,2,35,0
549,92,3,30,0
550,92,4,100,1
551,92,5,35,0
552,92,6,80,0
553,93,1,45,0
554,93,2,50,0
555,93,3,45,0
556,93,4,115,2
557,93,5,55,0
558,93,6,95,0
559,94,1,60,0
560,94,2,65,0
561,94,3,60,0
562,94,4,130,3
563,94,5,75,0
564,94,6,110,0
565,95,1,35,0
566,95,2,45,0
567,95,3,160,1
568,95,4,30,0
569,95,5,45,0
570,95,6,70,0
571,96,1,60,0
572,96,2,48,0
573,96,3,45,0
574,96,4,43,0
575,96,5,90,1
576,96,6,42,0
577,97,1,85,0
578,97,2,73,0
579,97,3,70,0
580,97,4,73,0
581,97,5,115,2
582,97,6,67,0
583,98,1,30,0
584,98,2,105,1
585,98,3,90,0
586,98,4,25,0
587,98,5,25,0
588,98,6,50,0
589,99,1,55,0
590,99,2,130,2
591,99,3,115,0
592,99,4,50,0
593,99,5,50,0
594,99,6,75,0
595,100,1,40,0
596,100,2,30,0
597,100,3,50,0
598,100,4,55,0
599,100,5,55,0
600,100,6,100,1
601,101,1,60,0
602,101,2,50,0
603,101,3,70,0
604,101,4,80,0
605,101,5,80,0
606,101,6,140,2
607,102,1,60,0
608,102,2,40,0
609,102,3,80,1
610,102,4,60,0
611,102,5,45,0
612,102,6,40,0
613,103,1,95,0
614,103,2,95,0
615,103,3,85,0
616,103,4,125,2
617,103,5,65,0
618,103,6,55,0
619,104,1,50,0
620,104,2,50,0
621,104,3,95,1
622,104,4,40,0
623,104,5,50,0
624,104,6,35,0
625,105,1,60,0
626,105,2,80,0
627,105,3,110,2
628,105,4,50,0
629,105,5,80,0
630,105,6,45,0
631,106,1,50,0
632,106,2,120,2
633,106,3,53,0
634,106,4,35,0
635,106,5,110,0
636,106,6,87,0
637,107,1,50,0
638,107,2,105,0
639,107,3,79,0
640,107,4,35,0
641,107,5,110,2
642,107,6,76,0
643,108,1,90,2
644,108,2,55,0
645,108,3,75,0
646,108,4,60,0
647,108,5,75,0
648,108,6,30,0
649,109,1,40,0
650,109,2,65,0
651,109,3,95,1
652,109,4,60,0
653,109,5,45,0
654,109,6,35,0
655,110,1,65,0
656,110,2,90,0
657,110,3,120,2
658,110,4,85,0
659,110,5,70,0
660,110,6,60,0
661,111,1,80,0
662,111,2,85,0
663,111,3,95,1
664,111,4,30,0
665,111,5,30,0
666,111,6,25,0
667,112,1,105,0
668,112,2,130,2
669,112,3,120,0
670,112,4,45,0
671,112,5,45,0
672,112,6,40,0
673,113,1,250,2
674,113,2,5,0
675,113,3,5,0
676,113,4,35,0
677,113,5,105,0
678,113,6,50,0
679,114,1,65,0
680,114,2,55,0
681,114,3,115,1
682,114,4,100,0
683,114,5,40,0
684,114,6,60,0
685,115,1,105,2
686,115,2,95,0
687,115,3,80,0
688,115,4,40,0
689,115,5,80,0
690,115,6,90,0
691,116,1,30,0
692,116,2,40,0
693,116,3,70,0
694,116,4,70,1
695,116,5,25,0
696,116,6,60,0
697,117,1,55,0
698,117,2,65,0
699,117,3,95,1
700,117,4,95,1
701,117,5,45,0
702,117,6,85,0
703,118,1,45,0
704,118,2,67,1
705,118,3,60,0
706,118,4,35,0
707,118,5,50,0
708,118,6,63,0
709,119,1,80,0
710,119,2,92,2
711,119,3,65,0
712,119,4,65,0
713,119,5,80,0
714,119,6,68,0
715,120,1,30,0
716,120,2,45,0
717,120,3,55,0
718,120,4,70,0
719,120,5,55,0
720,120,6,85,1
721,121,1,60,0
722,121,2,75,0
723,121,3,85,0
724,121,4,100,0
725,121,5,85,0
726,121,6,115,2
727,122,1,40,0
728,122,2,45,0
729,122,3,65,0
730,122,4,100,0
731,122,5,120,2
732,122,6,90,0
733,123,1,70,0
734,123,2,110,1
735,123,3,80,0
736,123,4,55,0
737,123,5,80,0
738,123,6,105,0
739,124,1,65,0
740,124,2,50,0
741,124,3,35,0
742,124,4,115,2
743,124,5,95,0
744,124,6,95,0
745,125,1,65,0
746,125,2,83,0
747,125,3,57,0
748,125,4,95,0
749,125,5,85,0
750,125,6,105,2
751,126,1,65,0
752,126,2,95,0
753,126,3,57,0
754,126,4,100,2
755,126,5,85,0
756,126,6,93,0
757,127,1,65,0
758,127,2,125,2
759,127,3,100,0
760,127,4,55,0
761,127,5,70,0
762,127,6,85,0
763,128,1,75,0
764,128,2,100,1
765,128,3,95,0
766,128,4,40,0
767,128,5,70,0
768,128,6,110,1
769,129,1,20,0
770,129,2,10,0
771,129,3,55,0
772,129,4,15,0
773,129,5,20,0
774,129,6,80,1
775,130,1,95,0
776,130,2,125,2
777,130,3,79,0
778,130,4,60,0
779,130,5,100,0
780,130,6,81,0
781,131,1,130,2
782,131,2,85,0
783,131,3,80,0
784,131,4,85,0
785,131,5,95,0
786,131,6,60,0
787,132,1,48,1
788,132,2,48,0
789,132,3,48,0
790,132,4,48,0
791,132,5,48,0
792,132,6,48,0
793,133,1,55,0
794,133,2,55,0
795,133,3,50,0
796,133,4,45,0
797,133,5,65,1
798,133,6,55,0
799,134,1,130,2
800,134,2,65,0
801,134,3,60,0
802,134,4,110,0
803,134,5,95,0
804,134,6,65,0
805,135,1,65,0
806,135,2,65,0
807,135,3,60,0
808,135,4,110,0
809,135,5,95,0
810,135,6,130,2
811,136,1,65,0
812,136,2,130,2
813,136,3,60,0
814,136,4,95,0
815,136,5,110,0
816,136,6,65,0
817,137,1,65,0
818,137,2,60,0
819,137,3,70,0
820,137,4,85,1
821,137,5,75,0
822,137,6,40,0
823,138,1,35,0
824,138,2,40,0
825,138,3,100,1
826,138,4,90,0
827,138,5,55,0
828,138,6,35,0
829,139,1,70,0
830,139,2,60,0
831,139,3,125,2
832,139,4,115,0
833,139,5,70,0
834,139,6,55,0
835,140,1,30,0
836,140,2,80,0
837,140,3,90,1
838,140,4,55,0
839,140,5,45,0
840,140,6,55,0
841,141,1,60,0
842,141,2,115,2
843,141,3,105,0
844,141,4,65,0
845,141,5,70,0
846,141,6,80,0
847,142,1,80,0
848,142,2,105,0
849,142,3,65,0
850,142,4,60,0
851,142,5,75,0
852,142,6,130,2
853,143,1,160,2
854,143,2,110,0
855,143,3,65,0
856,143,4,65,0
857,143,5,110,0
858,143,6,30,0
859,144,1,90,0
860,144,2,85,0
861,144,3,100,0
862,144,4,95,0
863,144,5,125,3
864,144,6,85,0
865,145,1,90,0
866,145,2,90,0
867,145,3,85,0
868,145,4,125,3
869,145,5,90,0
870,145,6,100,0
871,146,1,90,0
872,146,2,100,0
873,146,3,90,0
874,146,4,125,3
875,146,5,85,0
876,146,6,90,0
877,147,1,41,0
878,147,2,64,1
879,147,3,45,0
880,147,4,50,0
881,147,5,50,0
882,147,6,50,0
883,148,1,61,0
884,148,2,84,2
885,148,3,65,0
886,148,4,70,0
887,148,5,70,0
888,148,6,70,0
889,149,1,91,0
890,149,2,134,3
891,149,3,95,0
892,149,4,100,0
893,149,5,100,0
894,149,6,80,0
895,150,1,106,0
896,150,2,110,0
897,150,3,90,0
898,150,4,154,3
899,150,5,90,0
900,150,6,130,0
901,151,1,100,3
902,151,2,100,0
903,151,3,100,0
904,151,4,100,0
905,151,5,100,0
906,151,6,100,0
907,152,1,45,0
908,152,2,49,0
909,152,3,65,0
910,152,4,49,0
911,152,5,65,1
912,152,6,45,0
913,153,1,60,0
914,153,2,62,0
915,153,3,80,1
916,153,4,63,0
917,153,5,80,1
918,153,6,60,0
919,154,1,80,0
920,154,2,82,0
921,154,3,100,1
922,154,4,83,0
923,154,5,100,2
924,154,6,80,0
925,155,1,39,0
926,155,2,52,0
927,155,3,43,0
928,155,4,60,0
929,155,5,50,0
930,155,6,65,1
931,156,1,58,0
932,156,2,64,0
933,156,3,58,0
934,156,4,80,1
935,156,5,65,0
936,156,6,80,1
937,157,1,78,0
938,157,2,84,0
939,157,3,78,0
940,157,4,109,3
941,157,5,85,0
942,157,6,100,0
943,158,1,50,0
944,158,2,65,1
945,158,3,64,0
946,158,4,44,0
947,158,5,48,0
948,158,6,43,0
949,159,1,65,0
950,159,2,80,1
951,159,3,80,1
952,159,4,59,0
953,159,5,63,0
954,159,6,58,0
955,160,1,85,0
956,160,2,105,2
957,160,3,100,1
958,160,4,79,0
959,160,5,83,0
960,160,6,78,0
961,161,1,35,0
962,161,2,46,1
963,161,3,34,0
964,161,4,35,0
965,161,5,45,0
966,161,6,20,0
967,162,1,85,0
968,162,2,76,0
969,162,3,64,0
970,162,4,45,0
971,162,5,55,0
972,162,6,90,2
973,163,1,60,1
974,163,2,30,0
975,163,3,30,0
976,163,4,36,0
977,163,5,56,0
978,163,6,50,0
979,164,1,100,2
980,164,2,50,0
981,164,3,50,0
982,164,4,76,0
983,164,5,96,0
984,164,6,70,0
985,165,1,40,0
986,165,2,20,0
987,165,3,30,0
988,165,4,40,0
989,165,5,80,1
990,165,6,55,0
991,166,1,55,0
992,166,2,35,0
993,166,3,50,0
994,166,4,55,0
995,166,5,110,2
996,166,6,85,0
997,167,1,40,0
998,167,2,60,1
999,167,3,40,0
1000,167,4,40,0
1001,167,5,40,0
1002,167,6,30,0
1003,168,1,70,0
1004,168,2,90,2
1005,168,3,70,0
1006,168,4,60,0
1007,168,5,60,0
1008,168,6,40,0
1009,169,1,85,0
1010,169,2,90,0
1011,169,3,80,0
1012,169,4,70,0
1013,169,5,80,0
1014,169,6,130,3
1015,170,1,75,1
1016,170,2,38,0
1017,170,3,38,0
1018,170,4,56,0
1019,170,5,56,0
1020,170,6,67,0
1021,171,1,125,2
1022,171,2,58,0
1023,171,3,58,0
1024,171,4,76,0
1025,171,5,76,0
1026,171,6,67,0
1027,172,1,20,0
1028,172,2,40,0
1029,172,3,15,0
1030,172,4,35,0
1031,172,5,35,0
1032,172,6,60,1
1033,173,1,50,0
1034,173,2,25,0
1035,173,3,28,0
1036,173,4,45,0
1037,173,5,55,1
1038,173,6,15,0
1039,174,1,90,1
1040,174,2,30,0
1041,174,3,15,0
1042,174,4,40,0
1043,174,5,20,0
1044,174,6,15,0
1045,175,1,35,0
1046,175,2,20,0
1047,175,3,65,0
1048,175,4,40,0
1049,175,5,65,1
1050,175,6,20,0
1051,176,1,55,0
1052,176,2,40,0
1053,176,3,85,0
1054,176,4,80,0
1055,176,5,105,2
1056,176,6,40,0
1057,177,1,40,0
1058,177,2,50,0
1059,177,3,45,0
1060,177,4,70,1
1061,177,5,45,0
1062,177,6,70,0
1063,178,1,65,0
1064,178,2,75,0
1065,178,3,70,0
1066,178,4,95,1
1067,178,5,70,0
1068,178,6,95,1
1069,179,1,55,0
1070,179,2,40,0
1071,179,3,40,0
1072,179,4,65,1
1073,179,5,45,0
1074,179,6,35,0
1075,180,1,70,0
1076,180,2,55,0
1077,180,3,55,0
1078,180,4,80,2
1079,180,5,60,0
1080,180,6,45,0
1081,181,1,90,0
1082,181,2,75,0
1083,181,3,85,0
1084,181,4,115,3
1085,181,5,90,0
1086,181,6,55,0
1087,182,1,75,0
1088,182,2,80,0
1089,182,3,95,0
1090,182,4,90,0
1091,182,5,100,3
1092,182,6,50,0
1093,183,1,70,2
1094,183,2,20,0
1095,183,3,50,0
1096,183,4,20,0
1097,183,5,50,0
1098,183,6,40,0
1099,184,1,100,3
1100,184,2,50,0
1101,184,3,80,0
1102,184,4,60,0
1103,184,5,80,0
1104,184,6,50,0
1105,185,1,70,0
1106,185,2,100,0
1107,185,3,115,2
1108,185,4,30,0
1109,185,5,65,0
1110,185,6,30,0
1111,186,1,90,0
1112,186,2,75,0
1113,186,3,75,0
1114,186,4,90,0
1115,186,5,100,3
1116,186,6,70,0
1117,187,1,35,0
1118,187,2,35,0
1119,187,3,40,0
1120,187,4,35,0
1121,187,5,55,1
1122,187,6,50,0
1123,188,1,55,0
1124,188,2,45,0
1125,188,3,50,0
1126,188,4,45,0
1127,188,5,65,0
1128,188,6,80,2
1129,189,1,75,0
1130,189,2,55,0
1131,189,3,70,0
1132,189,4,55,0
1133,189,5,95,0
1134,189,6,110,3
1135,190,1,55,0
1136,190,2,70,0
1137,190,3,55,0
1138,190,4,40,0
1139,190,5,55,0
1140,190,6,85,1
1141,191,1,30,0
1142,191,2,30,0
1143,191,3,30,0
1144,191,4,30,1
1145,191,5,30,0
1146,191,6,30,0
1147,192,1,75,0
1148,192,2,75,0
1149,192,3,55,0
1150,192,4,105,2
1151,192,5,85,0
1152,192,6,30,0
1153,193,1,65,0
1154,193,2,65,0
1155,193,3,45,0
1156,193,4,75,0
1157,193,5,45,0
1158,193,6,95,1
1159,194,1,55,1
1160,194,2,45,0
1161,194,3,45,0
1162,194,4,25,0
1163,194,5,25,0
1164,194,6,15,0
1165,195,1,95,2
1166,195,2,85,0
1167,195,3,85,0
1168,195,4,65,0
1169,195,5,65,0
1170,195,6,35,0
1171,196,1,65,0
1172,196,2,65,0
1173,196,3,60,0
1174,196,4,130,2
1175,196,5,95,0
1176,196,6,110,0
1177,197,1,95,0
1178,197,2,65,0
1179,197,3,110,0
1180,197,4,60,0
1181,197,5,130,2
1182,197,6,65,0
1183,198,1,60,0
1184,198,2,85,0
1185,198,3,42,0
1186,198,4,85,0
1187,198,5,42,0
1188,198,6,91,1
1189,199,1,95,0
1190,199,2,75,0
1191,199,3,80,0
1192,199,4,100,0
1193,199,5,110,3
1194,199,6,30,0
1195,200,1,60,0
1196,200,2,60,0
1197,200,3,60,0
1198,200,4,85,0
1199,200,5,85,1
1200,200,6,85,0
1201,201,1,48,0
1202,201,2,72,1
1203,201,3,48,0
1204,201,4,72,1
1205,201,5,48,0
1206,201,6,48,0
1207,202,1,190,2
1208,202,2,33,0
1209,202,3,58,0
1210,202,4,33,0
1211,202,5,58,0
1212,202,6,33,0
1213,203,1,70,0
1214,203,2,80,0
1215,203,3,65,0
1216,203,4,90,2
1217,203,5,65,0
1218,203,6,85,0
1219,204,1,50,0
1220,204,2,65,0
1221,204,3,90,1
1222,204,4,35,0
1223,204,5,35,0
1224,204,6,15,0
1225,205,1,75,0
1226,205,2,90,0
1227,205,3,140,2
1228,205,4,60,0
1229,205,5,60,0
1230,205,6,40,0
1231,206,1,100,1
1232,206,2,70,0
1233,206,3,70,0
1234,206,4,65,0
1235,206,5,65,0
1236,206,6,45,0
1237,207,1,65,0
1238,207,2,75,0
1239,207,3,105,1
1240,207,4,35,0
1241,207,5,65,0
1242,207,6,85,0
1243,208,1,75,0
1244,208,2,85,0
1245,208,3,200,2
1246,208,4,55,0
1247,208,5,65,0
1248,208,6,30,0
1249,209,1,60,0
1250,209,2,80,1
1251,209,3,50,0
1252,209,4,40,0
1253,209,5,40,0
1254,209,6,30,0
1255,210,1,90,0
1256,210,2,120,2
1257,210,3,75,0
1258,210,4,60,0
1259,210,5,60,0
1260,210,6,45,0
1261,211,1,65,0
1262,211,2,95,1
1263,211,3,75,0
1264,211,4,55,0
1265,211,5,55,0
1266,211,6,85,0
1267,212,1,70,0
1268,212,2,130,2
1269,212,3,100,0
1270,212,4,55,0
1271,212,5,80,0
1272,212,6,65,0
1273,213,1,20,0
1274,213,2,10,0
1275,213,3,230,1
1276,213,4,10,0
1277,213,5,230,1
1278,213,6,5,0
1279,214,1,80,0
1280,214,2,125,2
1281,214,3,75,0
1282,214,4,40,0
1283,214,5,95,0
1284,214,6,85,0
1285,215,1,55,0
1286,215,2,95,0
1287,215,3,55,0
1288,215,4,35,0
1289,215,5,75,0
1290,215,6,115,1
1291,216,1,60,0
1292,216,2,80,1
1293,216,3,50,0
1294,216,4,50,0
1295,216,5,50,0
1296,216,6,40,0
1297,217,1,90,0
1298,217,2,130,2
1299,217,3,75,0
1300,217,4,75,0
1301,217,5,75,0
1302,217,6,55,0
1303,218,1,40,0
1304,218,2,40,0
1305,218,3,40,0
1306,218,4,70,1
1307,218,5,40,0
1308,218,6,20,0
1309,219,1,50,0
1310,219,2,50,0
1311,219,3,120,2
1312,219,4,80,0
1313,219,5,80,0
1314,219,6,30,0
1315,220,1,50,0
1316,220,2,50,1
1317,220,3,40,0
1318,220,4,30,0
1319,220,5,30,0
1320,220,6,50,0
1321,221,1,100,1
1322,221,2,100,1
1323,221,3,80,0
1324,221,4,60,0
1325,221,5,60,0
1326,221,6,50,0
1327,222,1,55,0
1328,222,2,55,0
1329,222,3,85,1
1330,222,4,65,0
1331,222,5,85,1
1332,222,6,35,0
1333,223,1,35,0
1334,223,2,65,0
1335,223,3,35,0
1336,223,4,65,1
1337,223,5,35,0
1338,223,6,65,0
1339,224,1,75,0
1340,224,2,105,1
1341,224,3,75,0
1342,224,4,105,1
1343,224,5,75,0
1344,224,6,45,0
1345,225,1,45,0
1346,225,2,55,0
1347,225,3,45,0
1348,225,4,65,0
1349,225,5,45,0
1350,225,6,75,1
1351,226,1,65,0
1352,226,2,40,0
1353,226,3,70,0
1354,226,4,80,0
1355,226,5,140,2
1356,226,6,70,0
1357,227,1,65,0
1358,227,2,80,0
1359,227,3,140,2
1360,227,4,40,0
1361,227,5,70,0
1362,227,6,70,0
1363,228,1,45,0
1364,228,2,60,0
1365,228,3,30,0
1366,228,4,80,1
1367,228,5,50,0
1368,228,6,65,0
1369,229,1,75,0
1370,229,2,90,0
1371,229,3,50,0
1372,229,4,110,2
1373,229,5,80,0
1374,229,6,95,0
1375,230,1,75,0
1376,230,2,95,1
1377,230,3,95,0
1378,230,4,95,1
1379,230,5,95,1
1380,230,6,85,0
1381,231,1,90,1
1382,231,2,60,0
1383,231,3,60,0
1384,231,4,40,0
1385,231,5,40,0
1386,231,6,40,0
1387,232,1,90,0
1388,232,2,120,1
1389,232,3,120,1
1390,232,4,60,0
1391,232,5,60,0
1392,232,6,50,0
1393,233,1,85,0
1394,233,2,80,0
1395,233,3,90,0
1396,233,4,105,2
1397,233,5,95,0
1398,233,6,60,0
1399,234,1,73,0
1400,234,2,95,1
1401,234,3,62,0
1402,234,4,85,0
1403,234,5,65,0
1404,234,6,85,0
1405,235,1,55,0
1406,235,2,20,0
1407,235,3,35,0
1408,235,4,20,0
1409,235,5,45,0
1410,235,6,75,1
1411,236,1,35,0
1412,236,2,35,1
1413,236,3,35,0
1414,236,4,35,0
1415,236,5,35,0
1416,236,6,35,0
1417,237,1,50,0
1418,237,2,95,0
1419,237,3,95,0
1420,237,4,35,0
1421,237,5,110,2
1422,237,6,70,0
1423,238,1,45,0
1424,238,2,30,0
1425,238,3,15,0
1426,238,4,85,1
1427,238,5,65,0
1428,238,6,65,0
1429,239,1,45,0
1430,239,2,63,0
1431,239,3,37,0
1432,239,4,65,0
1433,239,5,55,0
1434,239,6,95,1
1435,240,1,45,0
1436,240,2,75,0
1437,240,3,37,0
1438,240,4,70,0
1439,240,5,55,0
1440,240,6,83,1
1441,241,1,95,0
1442,241,2,80,0
1443,241,3,105,2
1444,241,4,40,0
1445,241,5,70,0
1446,241,6,100,0
1447,242,1,255,3
1448,242,2,10,0
1449,242,3,10,0
1450,242,4,75,0
1451,242,5,135,0
1452,242,6,55,0
1453,243,1,90,0
1454,243,2,85,0
1455,243,3,75,0
1456,243,4,115,1
1457,243,5,100,0
1458,243,6,115,2
1459,244,1,115,1
1460,244,2,115,2
1461,244,3,85,0
1462,244,4,90,0
1463,244,5,75,0
1464,244,6,100,0
1465,245,1,100,0
1466,245,2,75,0
1467,245,3,115,1
1468,245,4,90,0
1469,245,5,115,2
1470,245,6,85,0
1471,246,1,50,0
1472,246,2,64,1
1473,246,3,50,0
1474,246,4,45,0
1475,246,5,50,0
1476,246,6,41,0
1477,247,1,70,0
1478,247,2,84,2
1479,247,3,70,0
1480,247,4,65,0
1481,247,5,70,0
1482,247,6,51,0
1483,248,1,100,0
1484,248,2,134,3
1485,248,3,110,0
1486,248,4,95,0
1487,248,5,100,0
1488,248,6,61,0
1489,249,1,106,0
1490,249,2,90,0
1491,249,3,130,0
1492,249,4,90,0
1493,249,5,154,3
1494,249,6,110,0
1495,250,1,106,0
1496,250,2,130,0
1497,250,3,90,0
1498,250,4,110,0
1499,250,5,154,3
1500,250,6,90,0
1501,251,1,100,3
1502,251,2,100,0
1503,251,3,100,0
1504,251,4,100,0
1505,251,5,100,0
1506,251,6,100,0
1507,252,1,40,0
1508,252,2,45,0
1509,252,3,35,0
1510,252,4,65,0
1511,252,5,55,0
1512,252,6,70,1
1513,253,1,50,0
1514,253,2,65,0
1515,253,3,45,0
1516,253,4,85,0
1517,253,5,65,0
1518,253,6,95,2
1519,254,1,70,0
1520,254,2,85,0
1521,254,3,65,0
1522,254,4,105,0
1523,254,5,85,0
1524,254,6,120,3
1525,255,1,45,0
1526,255,2,60,0
1527,255,3,40,0
1528,255,4,70,1
1529,255,5,50,0
1530,255,6,45,0
1531,256,1,60,0
1532,256,2,85,1
1533,256,3,60,0
1534,256,4,85,1
1535,256,5,60,0
1536,256,6,55,0
1537,257,1,80,0
1538,257,2,120,3
1539,257,3,70,0
1540,257,4,110,0
1541,257,5,70,0
1542,257,6,80,0
1543,258,1,50,0
1544,258,2,70,1
1545,258,3,50,0
1546,258,4,50,0
1547,258,5,50,0
1548,258,6,40,0
1549,259,1,70,0
1550,259,2,85,2
1551,259,3,70,0
1552,259,4,60,0
1553,259,5,70,0
1554,259,6,50,0
1555,260,1,100,0
1556,260,2,110,3
1557,260,3,90,0
1558,260,4,85,0
1559,260,5,90,0
1560,260,6,60,0
1561,261,1,35,0
1562,261,2,55,1
1563,261,3,35,0
1564,261,4,30,0
1565,261,5,30,0
1566,261,6,35,0
1567,262,1,70,0
1568,262,2,90,2
1569,262,3,70,0
1570,262,4,60,0
1571,262,5,60,0
1572,262,6,70,0
1573,263,1,38,0
1574,263,2,30,0
1575,263,3,41,0
1576,263,4,30,0
1577,263,5,41,0
1578,263,6,60,1
1579,264,1,78,0
1580,264,2,70,0
1581,264,3,61,0
1582,264,4,50,0
1583,264,5,61,0
1584,264,6,100,2
1585,265,1,45,1
1586,265,2,45,0
1587,265,3,35,0
1588,265,4,20,0
1589,265,5,30,0
1590,265,6,20,0
1591,266,1,50,0
1592,266,2,35,0
1593,266,3,55,2
1594,266,4,25,0
1595,266,5,25,0
1596,266,6,15,0
1597,267,1,60,0
1598,267,2,70,0
1599,267,3,50,0
1600,267,4,100,3
1601,267,5,50,0
1602,267,6,65,0
1603,268,1,50,0
1604,268,2,35,0
1605,268,3,55,2
1606,268,4,25,0
1607,268,5,25,0
1608,268,6,15,0
1609,269,1,60,0
1610,269,2,50,0
1611,269,3,70,0
1612,269,4,50,0
1613,269,5,90,3
1614,269,6,65,0
1615,270,1,40,0
1616,270,2,30,0
1617,270,3,30,0
1618,270,4,40,0
1619,270,5,50,1
1620,270,6,30,0
1621,271,1,60,0
1622,271,2,50,0
1623,271,3,50,0
1624,271,4,60,0
1625,271,5,70,2
1626,271,6,50,0
1627,272,1,80,0
1628,272,2,70,0
1629,272,3,70,0
1630,272,4,90,0
1631,272,5,100,3
1632,272,6,70,0
1633,273,1,40,0
1634,273,2,40,0
1635,273,3,50,1
1636,273,4,30,0
1637,273,5,30,0
1638,273,6,30,0
1639,274,1,70,0
1640,274,2,70,2
1641,274,3,40,0
1642,274,4,60,0
1643,274,5,40,0
1644,274,6,60,0
1645,275,1,90,0
1646,275,2,100,3
1647,275,3,60,0
1648,275,4,90,0
1649,275,5,60,0
1650,275,6,80,0
1651,276,1,40,0
1652,276,2,55,0
1653,276,3,30,0
1654,276,4,30,0
1655,276,5,30,0
1656,276,6,85,1
1657,277,1,60,0
1658,277,2,85,0
1659,277,3,60,0
1660,277,4,50,0
1661,277,5,50,0
1662,277,6,125,2
1663,278,1,40,0
1664,278,2,30,0
1665,278,3,30,0
1666,278,4,55,0
1667,278,5,30,0
1668,278,6,85,1
1669,279,1,60,0
1670,279,2,50,0
1671,279,3,100,2
1672,279,4,85,0
1673,279,5,70,0
1674,279,6,65,0
1675,280,1,28,0
1676,280,2,25,0
1677,280,3,25,0
1678,280,4,45,1
1679,280,5,35,0
1680,280,6,40,0
1681,281,1,38,0
1682,281,2,35,0
1683,281,3,35,0
1684,281,4,65,2
1685,281,5,55,0
1686,281,6,50,0
1687,282,1,68,0
1688,282,2,65,0
1689,282,3,65,0
1690,282,4,125,3
1691,282,5,115,0
1692,282,6,80,0
1693,283,1,40,0
1694,283,2,30,0
1695,283,3,32,0
1696,283,4,50,0
1697,283,5,52,0
1698,283,6,65,1
1699,284,1,70,0
1700,284,2,60,0
1701,284,3,62,0
1702,284,4,80,1
1703,284,5,82,1
1704,284,6,60,0
1705,285,1,60,1
1706,285,2,40,0
1707,285,3,60,0
1708,285,4,40,0
1709,285,5,60,0
1710,285,6,35,0
1711,286,1,60,0
1712,286,2,130,2
1713,286,3,80,0
1714,286,4,60,0
1715,286,5,60,0
1716,286,6,70,0
1717,287,1,60,1
1718,287,2,60,0
1719,287,3,60,0
1720,287,4,35,0
1721,287,5,35,0
1722,287,6,30,0
1723,288,1,80,0
1724,288,2,80,0
1725,288,3,80,0
1726,288,4,55,0
1727,288,5,55,0
1728,288,6,90,2
1729,289,1,150,3
1730,289,2,160,0
1731,289,3,100,0
1732,289,4,95,0
1733,289,5,65,0
1734,289,6,100,0
1735,290,1,31,0
1736,290,2,45,0
1737,290,3,90,1
1738,290,4,30,0
1739,290,5,30,0
1740,290,6,40,0
1741,291,1,61,0
1742,291,2,90,0
1743,291,3,45,0
1744,291,4,50,0
1745,291,5,50,0
1746,291,6,160,2
1747,292,1,1,2
1748,292,2,90,0
1749,292,3,45,0
1750,292,4,30,0
1751,292,5,30,0
1752,292,6,40,0
1753,293,1,64,1
1754,293,2,51,0
1755,293,3,23,0
1756,293,4,51,0
1757,293,5,23,0
1758,293,6,28,0
1759,294,1,84,2
1760,294,2,71,0
1761,294,3,43,0
1762,294,4,71,0
1763,294,5,43,0
1764,294,6,48,0
1765,295,1,104,3
1766,295,2,91,0
1767,295,3,63,0
1768,295,4,91,0
1769,295,5,73,0
1770,295,6,68,0
1771,296,1,72,1
1772,296,2,60,0
1773,296,3,30,0
1774,296,4,20,0
1775,296,5,30,0
1776,296,6,25,0
1777,297,1,144,2
1778,297,2,120,0
1779,297,3,60,0
1780,297,4,40,0
1781,297,5,60,0
1782,297,6,50,0
1783,298,1,50,1
1784,298,2,20,0
1785,298,3,40,0
1786,298,4,20,0
1787,298,5,40,0
1788,298,6,20,0
1789,299,1,30,0
1790,299,2,45,0
1791,299,3,135,1
1792,299,4,45,0
1793,299,5,90,0
1794,299,6,30,0
1795,300,1,50,0
1796,300,2,45,0
1797,300,3,45,0
1798,300,4,35,0
1799,300,5,35,0
1800,300,6,50,1
1801,301,1,70,1
1802,301,2,65,0
1803,301,3,65,0
1804,301,4,55,0
1805,301,5,55,0
1806,301,6,70,1
1807,302,1,50,0
1808,302,2,75,1
1809,302,3,75,1
1810,302,4,65,0
1811,302,5,65,0
1812,302,6,50,0
1813,303,1,50,0
1814,303,2,85,1
1815,303,3,85,1
1816,303,4,55,0
1817,303,5,55,0
1818,303,6,50,0
1819,304,1,50,0
1820,304,2,70,0
1821,304,3,100,1
1822,304,4,40,0
1823,304,5,40,0
1824,304,6,30,0
1825,305,1,60,0
1826,305,2,90,0
1827,305,3,140,2
1828,305,4,50,0
1829,305,5,50,0
1830,305,6,40,0
1831,306,1,70,0
1832,306,2,110,0
1833,306,3,180,3
1834,306,4,60,0
1835,306,5,60,0
1836,306,6,50,0
1837,307,1,30,0
1838,307,2,40,0
1839,307,3,55,0
1840,307,4,40,0
1841,307,5,55,0
1842,307,6,60,1
1843,308,1,60,0
1844,308,2,60,0
1845,308,3,75,0
1846,308,4,60,0
1847,308,5,75,0
1848,308,6,80,2
1849,309,1,40,0
1850,309,2,45,0
1851,309,3,40,0
1852,309,4,65,0
1853,309,5,40,0
1854,309,6,65,1
1855,310,1,70,0
1856,310,2,75,0
1857,310,3,60,0
1858,310,4,105,0
1859,310,5,60,0
1860,310,6,105,2
1861,311,1,60,0
1862,311,2,50,0
1863,311,3,40,0
1864,311,4,85,0
1865,311,5,75,0
1866,311,6,95,1
1867,312,1,60,0
1868,312,2,40,0
1869,312,3,50,0
1870,312,4,75,0
1871,312,5,85,0
1872,312,6,95,1
1873,313,1,65,0
1874,313,2,73,0
1875,313,3,55,0
1876,313,4,47,0
1877,313,5,75,0
1878,313,6,85,1
1879,314,1,65,0
1880,314,2,47,0
1881,314,3,55,0
1882,314,4,73,0
1883,314,5,75,0
1884,314,6,85,1
1885,315,1,50,0
1886,315,2,60,0
1887,315,3,45,0
1888,315,4,100,2
1889,315,5,80,0
1890,315,6,65,0
1891,316,1,70,1
1892,316,2,43,0
1893,316,3,53,0
1894,316,4,43,0
1895,316,5,53,0
1896,316,6,40,0
1897,317,1,100,2
1898,317,2,73,0
1899,317,3,83,0
1900,317,4,73,0
1901,317,5,83,0
1902,317,6,55,0
1903,318,1,45,0
1904,318,2,90,1
1905,318,3,20,0
1906,318,4,65,0
1907,318,5,20,0
1908,318,6,65,0
1909,319,1,70,0
1910,319,2,120,2
1911,319,3,40,0
1912,319,4,95,0
1913,319,5,40,0
1914,319,6,95,0
1915,320,1,130,1
1916,320,2,70,0
1917,320,3,35,0
1918,320,4,70,0
1919,320,5,35,0
1920,320,6,60,0
1921,321,1,170,2
1922,321,2,90,0
1923,321,3,45,0
1924,321,4,90,0
1925,321,5,45,0
1926,321,6,60,0
1927,322,1,60,0
1928,322,2,60,0
1929,322,3,40,0
1930,322,4,65,1
1931,322,5,45,0
1932,322,6,35,0
1933,323,1,70,0
1934,323,2,100,1
1935,323,3,70,0
1936,323,4,105,1
1937,323,5,75,0
1938,323,6,40,0
1939,324,1,70,0
1940,324,2,85,0
1941,324,3,140,2
1942,324,4,85,0
1943,324,5,70,0
1944,324,6,20,0
1945,325,1,60,0
1946,325,2,25,0
1947,325,3,35,0
1948,325,4,70,0
1949,325,5,80,1
1950,325,6,60,0
1951,326,1,80,0
1952,326,2,45,0
1953,326,3,65,0
1954,326,4,90,0
1955,326,5,110,2
1956,326,6,80,0
1957,327,1,60,0
1958,327,2,60,0
1959,327,3,60,0
1960,327,4,60,1
1961,327,5,60,0
1962,327,6,60,0
1963,328,1,45,0
1964,328,2,100,1
1965,328,3,45,0
1966,328,4,45,0
1967,328,5,45,0
1968,328,6,10,0
1969,329,1,50,0
1970,329,2,70,1
1971,329,3,50,0
1972,329,4,50,0
1973,329,5,50,0
1974,329,6,70,1
1975,330,1,80,0
1976,330,2,100,1
1977,330,3,80,0
1978,330,4,80,0
1979,330,5,80,0
1980,330,6,100,2
1981,331,1,50,0
1982,331,2,85,0
1983,331,3,40,0
1984,331,4,85,1
1985,331,5,40,0
1986,331,6,35,0
1987,332,1,70,0
1988,332,2,115,1
1989,332,3,60,0
1990,332,4,115,1
1991,332,5,60,0
1992,332,6,55,0
1993,333,1,45,0
1994,333,2,40,0
1995,333,3,60,0
1996,333,4,40,0
1997,333,5,75,1
1998,333,6,50,0
1999,334,1,75,0
2000,334,2,70,0
2001,334,3,90,0
2002,334,4,70,0
2003,334,5,105,2
2004,334,6,80,0
2005,335,1,73,0
2006,335,2,115,2
2007,335,3,60,0
2008,335,4,60,0
2009,335,5,60,0
2010,335,6,90,0
2011,336,1,73,0
2012,336,2,100,1
2013,336,3,60,0
2014,336,4,100,1
2015,336,5,60,0
2016,336,6,65,0
2017,337,1,70,0
2018,337,2,55,0
2019,337,3,65,0
2020,337,4,95,2
2021,337,5,85,0
2022,337,6,70,0
2023,338,1,70,0
2024,338,2,95,2
2025,338,3,85,0
2026,338,4,55,0
2027,338,5,65,0
2028,338,6,70,0
2029,339,1,50,1
2030,339,2,48,0
2031,339,3,43,0
2032,339,4,46,0
2033,339,5,41,0
2034,339,6,60,0
2035,340,1,110,2
2036,340,2,78,0
2037,340,3,73,0
2038,340,4,76,0
2039,340,5,71,0
2040,340,6,60,0
2041,341,1,43,0
2042,341,2,80,1
2043,341,3,65,0
2044,341,4,50,0
2045,341,5,35,0
2046,341,6,35,0
2047,342,1,63,0
2048,342,2,120,2
2049,342,3,85,0
2050,342,4,90,0
2051,342,5,55,0
2052,342,6,55,0
2053,343,1,40,0
2054,343,2,40,0
2055,343,3,55,0
2056,343,4,40,0
2057,343,5,70,1
2058,343,6,55,0
2059,344,1,60,0
2060,344,2,70,0
2061,344,3,105,0
2062,344,4,70,0
2063,344,5,120,2
2064,344,6,75,0
2065,345,1,66,0
2066,345,2,41,0
2067,345,3,77,0
2068,345,4,61,0
2069,345,5,87,1
2070,345,6,23,0
2071,346,1,86,0
2072,346,2,81,0
2073,346,3,97,0
2074,346,4,81,0
2075,346,5,107,2
2076,346,6,43,0
2077,347,1,45,0
2078,347,2,95,1
2079,347,3,50,0
2080,347,4,40,0
2081,347,5,50,0
2082,347,6,75,0
2083,348,1,75,0
2084,348,2,125,2
2085,348,3,100,0
2086,348,4,70,0
2087,348,5,80,0
2088,348,6,45,0
2089,349,1,20,0
2090,349,2,15,0
2091,349,3,20,0
2092,349,4,10,0
2093,349,5,55,0
2094,349,6,80,1
2095,350,1,95,0
2096,350,2,60,0
2097,350,3,79,0
2098,350,4,100,0
2099,350,5,125,2
2100,350,6,81,0
2101,351,1,70,1
2102,351,2,70,0
2103,351,3,70,0
2104,351,4,70,0
2105,351,5,70,0
2106,351,6,70,0
2107,352,1,60,0
2108,352,2,90,0
2109,352,3,70,0
2110,352,4,60,0
2111,352,5,120,1
2112,352,6,40,0
2113,353,1,44,0
2114,353,2,75,1
2115,353,3,35,0
2116,353,4,63,0
2117,353,5,33,0
2118,353,6,45,0
2119,354,1,64,0
2120,354,2,115,2
2121,354,3,65,0
2122,354,4,83,0
2123,354,5,63,0
2124,354,6,65,0
2125,355,1,20,0
2126,355,2,40,0
2127,355,3,90,0
2128,355,4,30,0
2129,355,5,90,1
2130,355,6,25,0
2131,356,1,40,0
2132,356,2,70,0
2133,356,3,130,1
2134,356,4,60,0
2135,356,5,130,1
2136,356,6,25,0
2137,357,1,99,2
2138,357,2,68,0
2139,357,3,83,0
2140,357,4,72,0
2141,357,5,87,0
2142,357,6,51,0
2143,358,1,65,0
2144,358,2,50,0
2145,358,3,70,0
2146,358,4,95,1
2147,358,5,80,1
2148,358,6,65,0
2149,359,1,65,0
2150,359,2,130,2
2151,359,3,60,0
2152,359,4,75,0
2153,359,5,60,0
2154,359,6,75,0
2155,360,1,95,1
2156,360,2,23,0
2157,360,3,48,0
2158,360,4,23,0
2159,360,5,48,0
2160,360,6,23,0
2161,361,1,50,1
2162,361,2,50,0
2163,361,3,50,0
2164,361,4,50,0
2165,361,5,50,0
2166,361,6,50,0
2167,362,1,80,2
2168,362,2,80,0
2169,362,3,80,0
2170,362,4,80,0
2171,362,5,80,0
2172,362,6,80,0
2173,363,1,70,1
2174,363,2,40,0
2175,363,3,50,0
2176,363,4,55,0
2177,363,5,50,0
2178,363,6,25,0
2179,364,1,90,2
2180,364,2,60,0
2181,364,3,70,0
2182,364,4,75,0
2183,364,5,70,0
2184,364,6,45,0
2185,365,1,110,3
2186,365,2,80,0
2187,365,3,90,0
2188,365,4,95,0
2189,365,5,90,0
2190,365,6,65,0
2191,366,1,35,0
2192,366,2,64,0
2193,366,3,85,1
2194,366,4,74,0
2195,366,5,55,0
2196,366,6,32,0
2197,367,1,55,0
2198,367,2,104,1
2199,367,3,105,1
2200,367,4,94,0
2201,367,5,75,0
2202,367,6,52,0
2203,368,1,55,0
2204,368,2,84,0
2205,368,3,105,0
2206,368,4,114,2
2207,368,5,75,0
2208,368,6,52,0
2209,369,1,100,1
2210,369,2,90,0
2211,369,3,130,1
2212,369,4,45,0
2213,369,5,65,0
2214,369,6,55,0
2215,370,1,43,0
2216,370,2,30,0
2217,370,3,55,0
2218,370,4,40,0
2219,370,5,65,0
2220,370,6,97,1
2221,371,1,45,0
2222,371,2,75,1
2223,371,3,60,0
2224,371,4,40,0
2225,371,5,30,0
2226,371,6,50,0
2227,372,1,65,0
2228,372,2,95,0
2229,372,3,100,2
2230,372,4,60,0
2231,372,5,50,0
2232,372,6,50,0
2233,373,1,95,0
2234,373,2,135,3
2235,373,3,80,0
2236,373,4,110,0
2237,373,5,80,0
2238,373,6,100,0
2239,374,1,40,0
2240,374,2,55,0
2241,374,3,80,1
2242,374,4,35,0
2243,374,5,60,0
2244,374,6,30,0
2245,375,1,60,0
2246,375,2,75,0
2247,375,3,100,2
2248,375,4,55,0
2249,375,5,80,0
2250,375,6,50,0
2251,376,1,80,0
2252,376,2,135,0
2253,376,3,130,3
2254,376,4,95,0
2255,376,5,90,0
2256,376,6,70,0
2257,377,1,80,0
2258,377,2,100,0
2259,377,3,200,3
2260,377,4,50,0
2261,377,5,100,0
2262,377,6,50,0
2263,378,1,80,0
2264,378,2,50,0
2265,378,3,100,0
2266,378,4,100,0
2267,378,5,200,3
2268,378,6,50,0
2269,379,1,80,0
2270,379,2,75,0
2271,379,3,150,2
2272,379,4,75,0
2273,379,5,150,1
2274,379,6,50,0
2275,380,1,80,0
2276,380,2,80,0
2277,380,3,90,0
2278,380,4,110,0
2279,380,5,130,3
2280,380,6,110,0
2281,381,1,80,0
2282,381,2,90,0
2283,381,3,80,0
2284,381,4,130,3
2285,381,5,110,0
2286,381,6,110,0
2287,382,1,100,0
2288,382,2,100,0
2289,382,3,90,0
2290,382,4,150,3
2291,382,5,140,0
2292,382,6,90,0
2293,383,1,100,0
2294,383,2,150,3
2295,383,3,140,0
2296,383,4,100,0
2297,383,5,90,0
2298,383,6,90,0
2299,384,1,105,0
2300,384,2,150,2
2301,384,3,90,0
2302,384,4,150,1
2303,384,5,90,0
2304,384,6,95,0
2305,385,1,100,3
2306,385,2,100,0
2307,385,3,100,0
2308,385,4,100,0
2309,385,5,100,0
2310,385,6,100,0
2311,386,1,50,0
2312,386,2,150,1
2313,386,3,50,0
2314,386,4,150,1
2315,386,5,50,0
2316,386,6,150,1
2317,387,1,55,0
2318,387,2,68,1
2319,387,3,64,0
2320,387,4,45,0
2321,387,5,55,0
2322,387,6,31,0
2323,388,1,75,0
2324,388,2,89,1
2325,388,3,85,1
2326,388,4,55,0
2327,388,5,65,0
2328,388,6,36,0
2329,389,1,95,0
2330,389,2,109,2
2331,389,3,105,1
2332,389,4,75,0
2333,389,5,85,0
2334,389,6,56,0
2335,390,1,44,0
2336,390,2,58,0
2337,390,3,44,0
2338,390,4,58,0
2339,390,5,44,0
2340,390,6,61,1
2341,391,1,64,0
2342,391,2,78,0
2343,391,3,52,0
2344,391,4,78,1
2345,391,5,52,0
2346,391,6,81,1
2347,392,1,76,0
2348,392,2,104,1
2349,392,3,71,0
2350,392,4,104,1
2351,392,5,71,0
2352,392,6,108,1
2353,393,1,53,0
2354,393,2,51,0
2355,393,3,53,0
2356,393,4,61,1
2357,393,5,56,0
2358,393,6,40,0
2359,394,1,64,0
2360,394,2,66,0
2361,394,3,68,0
2362,394,4,81,2
2363,394,5,76,0
2364,394,6,50,0
2365,395,1,84,0
2366,395,2,86,0
2367,395,3,88,0
2368,395,4,111,3
2369,395,5,101,0
2370,395,6,60,0
2371,396,1,40,0
2372,396,2,55,0
2373,396,3,30,0
2374,396,4,30,0
2375,396,5,30,0
2376,396,6,60,1
2377,397,1,55,0
2378,397,2,75,0
2379,397,3,50,0
2380,397,4,40,0
2381,397,5,40,0
2382,397,6,80,2
2383,398,1,85,0
2384,398,2,120,3
2385,398,3,70,0
2386,398,4,50,0
2387,398,5,60,0
2388,398,6,100,0
2389,399,1,59,1
2390,399,2,45,0
2391,399,3,40,0
2392,399,4,35,0
2393,399,5,40,0
2394,399,6,31,0
2395,400,1,79,0
2396,400,2,85,2
2397,400,3,60,0
2398,400,4,55,0
2399,400,5,60,0
2400,400,6,71,0
2401,401,1,37,0
2402,401,2,25,0
2403,401,3,41,1
2404,401,4,25,0
2405,401,5,41,0
2406,401,6,25,0
2407,402,1,77,0
2408,402,2,85,2
2409,402,3,51,0
2410,402,4,55,0
2411,402,5,51,0
2412,402,6,65,0
2413,403,1,45,0
2414,403,2,65,1
2415,403,3,34,0
2416,403,4,40,0
2417,403,5,34,0
2418,403,6,45,0
2419,404,1,60,0
2420,404,2,85,2
2421,404,3,49,0
2422,404,4,60,0
2423,404,5,49,0
2424,404,6,60,0
2425,405,1,80,0
2426,405,2,120,3
2427,405,3,79,0
2428,405,4,95,0
2429,405,5,79,0
2430,405,6,70,0
2431,406,1,40,0
2432,406,2,30,0
2433,406,3,35,0
2434,406,4,50,1
2435,406,5,70,0
2436,406,6,55,0
2437,407,1,60,0
2438,407,2,70,0
2439,407,3,65,0
2440,407,4,125,3
2441,407,5,105,0
2442,407,6,90,0
2443,408,1,67,0
2444,408,2,125,1
2445,408,3,40,0
2446,408,4,30,0
2447,408,5,30,0
2448,408,6,58,0
2449,409,1,97,0
2450,409,2,165,2
2451,409,3,60,0
2452,409,4,65,0
2453,409,5,50,0
2454,409,6,58,0
2455,410,1,30,0
2456,410,2,42,0
2457,410,3,118,1
2458,410,4,42,0
2459,410,5,88,0
2460,410,6,30,0
2461,411,1,60,0
2462,411,2,52,0
2463,411,3,168,2
2464,411,4,47,0
2465,411,5,138,0
2466,411,6,30,0
2467,412,1,40,0
2468,412,2,29,0
2469,412,3,45,0
2470,412,4,29,0
2471,412,5,45,1
2472,412,6,36,0
2473,413,1,60,0
2474,413,2,59,0
2475,413,3,85,0
2476,413,4,79,0
2477,413,5,105,2
2478,413,6,36,0
2479,414,1,70,0
2480,414,2,94,1
2481,414,3,50,0
2482,414,4,94,1
2483,414,5,50,0
2484,414,6,66,0
2485,415,1,30,0
2486,415,2,30,0
2487,415,3,42,0
2488,415,4,30,0
2489,415,5,42,0
2490,415,6,70,1
2491,416,1,70,0
2492,416,2,80,0
2493,416,3,102,1
2494,416,4,80,0
2495,416,5,102,1
2496,416,6,40,0
2497,417,1,60,0
2498,417,2,45,0
2499,417,3,70,0
2500,417,4,45,0
2501,417,5,90,0
2502,417,6,95,1
2503,418,1,55,0
2504,418,2,65,0
2505,418,3,35,0
2506,418,4,60,0
2507,418,5,30,0
2508,418,6,85,1
2509,419,1,85,0
2510,419,2,105,0
2511,419,3,55,0
2512,419,4,85,0
2513,419,5,50,0
2514,419,6,115,2
2515,420,1,45,0
2516,420,2,35,0
2517,420,3,45,0
2518,420,4,62,1
2519,420,5,53,0
2520,420,6,35,0
2521,421,1,70,0
2522,421,2,60,0
2523,421,3,70,0
2524,421,4,87,2
2525,421,5,78,0
2526,421,6,85,0
2527,422,1,76,1
2528,422,2,48,0
2529,422,3,48,0
2530,422,4,57,0
2531,422,5,62,0
2532,422,6,34,0
2533,423,1,111,2
2534,423,2,83,0
2535,423,3,68,0
2536,423,4,92,0
2537,423,5,82,0
2538,423,6,39,0
2539,424,1,75,0
2540,424,2,100,0
2541,424,3,66,0
2542,424,4,60,0
2543,424,5,66,0
2544,424,6,115,2
2545,425,1,90,1
2546,425,2,50,0
2547,425,3,34,0
2548,425,4,60,0
2549,425,5,44,0
2550,425,6,70,0
2551,426,1,150,2
2552,426,2,80,0
2553,426,3,44,0
2554,426,4,90,0
2555,426,5,54,0
2556,426,6,80,0
2557,427,1,55,0
2558,427,2,66,0
2559,427,3,44,0
2560,427,4,44,0
2561,427,5,56,0
2562,427,6,85,1
2563,428,1,65,0
2564,428,2,76,0
2565,428,3,84,0
2566,428,4,54,0
2567,428,5,96,0
2568,428,6,105,2
2569,429,1,60,0
2570,429,2,60,0
2571,429,3,60,0
2572,429,4,105,1
2573,429,5,105,1
2574,429,6,105,0
2575,430,1,100,0
2576,430,2,125,2
2577,430,3,52,0
2578,430,4,105,0
2579,430,5,52,0
2580,430,6,71,0
2581,431,1,49,0
2582,431,2,55,0
2583,431,3,42,0
2584,431,4,42,0
2585,431,5,37,0
2586,431,6,85,1
2587,432,1,71,0
2588,432,2,82,0
2589,432,3,64,0
2590,432,4,64,0
2591,432,5,59,0
2592,432,6,112,2
2593,433,1,45,0
2594,433,2,30,0
2595,433,3,50,0
2596,433,4,65,1
2597,433,5,50,0
2598,433,6,45,0
2599,434,1,63,0
2600,434,2,63,0
2601,434,3,47,0
2602,434,4,41,0
2603,434,5,41,0
2604,434,6,74,1
2605,435,1,103,2
2606,435,2,93,0
2607,435,3,67,0
2608,435,4,71,0
2609,435,5,61,0
2610,435,6,84,0
2611,436,1,57,0
2612,436,2,24,0
2613,436,3,86,1
2614,436,4,24,0
2615,436,5,86,0
2616,436,6,23,0
2617,437,1,67,0
2618,437,2,89,0
2619,437,3,116,1
2620,437,4,79,0
2621,437,5,116,1
2622,437,6,33,0
2623,438,1,50,0
2624,438,2,80,0
2625,438,3,95,1
2626,438,4,10,0
2627,438,5,45,0
2628,438,6,10,0
2629,439,1,20,0
2630,439,2,25,0
2631,439,3,45,0
2632,439,4,70,0
2633,439,5,90,1
2634,439,6,60,0
2635,440,1,100,1
2636,440,2,5,0
2637,440,3,5,0
2638,440,4,15,0
2639,440,5,65,0
2640,440,6,30,0
2641,441,1,76,0
2642,441,2,65,1
2643,441,3,45,0
2644,441,4,92,0
2645,441,5,42,0
2646,441,6,91,0
2647,442,1,50,0
2648,442,2,92,0
2649,442,3,108,1
2650,442,4,92,0
2651,442,5,108,1
2652,442,6,35,0
2653,443,1,58,0
2654,443,2,70,1
2655,443,3,45,0
2656,443,4,40,0
2657,443,5,45,0
2658,443,6,42,0
2659,444,1,68,0
2660,444,2,90,2
2661,444,3,65,0
2662,444,4,50,0
2663,444,5,55,0
2664,444,6,82,0
2665,445,1,108,0
2666,445,2,130,3
2667,445,3,95,0
2668,445,4,80,0
2669,445,5,85,0
2670,445,6,102,0
2671,446,1,135,1
2672,446,2,85,0
2673,446,3,40,0
2674,446,4,40,0
2675,446,5,85,0
2676,446,6,5,0
2677,447,1,40,0
2678,447,2,70,1
2679,447,3,40,0
2680,447,4,35,0
2681,447,5,40,0
2682,447,6,60,0
2683,448,1,70,0
2684,448,2,110,1
2685,448,3,70,0
2686,448,4,115,1
2687,448,5,70,0
2688,448,6,90,0
2689,449,1,68,0
2690,449,2,72,0
2691,449,3,78,1
2692,449,4,38,0
2693,449,5,42,0
2694,449,6,32,0
2695,450,1,108,0
2696,450,2,112,0
2697,450,3,118,2
2698,450,4,68,0
2699,450,5,72,0
2700,450,6,47,0
2701,451,1,40,0
2702,451,2,50,0
2703,451,3,90,1
2704,451,4,30,0
2705,451,5,55,0
2706,451,6,65,0
2707,452,1,70,0
2708,452,2,90,0
2709,452,3,110,2
2710,452,4,60,0
2711,452,5,75,0
2712,452,6,95,0
2713,453,1,48,0
2714,453,2,61,1
2715,453,3,40,0
2716,453,4,61,0
2717,453,5,40,0
2718,453,6,50,0
2719,454,1,83,0
2720,454,2,106,2
2721,454,3,65,0
2722,454,4,86,0
2723,454,5,65,0
2724,454,6,85,0
2725,455,1,74,0
2726,455,2,100,2
2727,455,3,72,0
2728,455,4,90,0
2729,455,5,72,0
2730,455,6,46,0
2731,456,1,49,0
2732,456,2,49,0
2733,456,3,56,0
2734,456,4,49,0
2735,456,5,61,0
2736,456,6,66,1
2737,457,1,69,0
2738,457,2,69,0
2739,457,3,76,0
2740,457,4,69,0
2741,457,5,86,0
2742,457,6,91,2
2743,458,1,45,0
2744,458,2,20,0
2745,458,3,50,0
2746,458,4,60,0
2747,458,5,120,1
2748,458,6,50,0
2749,459,1,60,0
2750,459,2,62,1
2751,459,3,50,0
2752,459,4,62,0
2753,459,5,60,0
2754,459,6,40,0
2755,460,1,90,0
2756,460,2,92,1
2757,460,3,75,0
2758,460,4,92,1
2759,460,5,85,0
2760,460,6,60,0
2761,461,1,70,0
2762,461,2,120,1
2763,461,3,65,0
2764,461,4,45,0
2765,461,5,85,0
2766,461,6,125,1
2767,462,1,70,0
2768,462,2,70,0
2769,462,3,115,0
2770,462,4,130,3
2771,462,5,90,0
2772,462,6,60,0
2773,463,1,110,3
2774,463,2,85,0
2775,463,3,95,0
2776,463,4,80,0
2777,463,5,95,0
2778,463,6,50,0
2779,464,1,115,0
2780,464,2,140,3
2781,464,3,130,0
2782,464,4,55,0
2783,464,5,55,0
2784,464,6,40,0
2785,465,1,100,0
2786,465,2,100,0
2787,465,3,125,2
2788,465,4,110,0
2789,465,5,50,0
2790,465,6,50,0
2791,466,1,75,0
2792,466,2,123,3
2793,466,3,67,0
2794,466,4,95,0
2795,466,5,85,0
2796,466,6,95,0
2797,467,1,75,0
2798,467,2,95,0
2799,467,3,67,0
2800,467,4,125,3
2801,467,5,95,0
2802,467,6,83,0
2803,468,1,85,0
2804,468,2,50,0
2805,468,3,95,0
2806,468,4,120,2
2807,468,5,115,1
2808,468,6,80,0
2809,469,1,86,0
2810,469,2,76,2
2811,469,3,86,0
2812,469,4,116,0
2813,469,5,56,0
2814,469,6,95,0
2815,470,1,65,0
2816,470,2,110,0
2817,470,3,130,2
2818,470,4,60,0
2819,470,5,65,0
2820,470,6,95,0
2821,471,1,65,0
2822,471,2,60,0
2823,471,3,110,0
2824,471,4,130,2
2825,471,5,95,0
2826,471,6,65,0
2827,472,1,75,0
2828,472,2,95,0
2829,472,3,125,2
2830,472,4,45,0
2831,472,5,75,0
2832,472,6,95,0
2833,473,1,110,0
2834,473,2,130,3
2835,473,3,80,0
2836,473,4,70,0
2837,473,5,60,0
2838,473,6,80,0
2839,474,1,85,0
2840,474,2,80,0
2841,474,3,70,0
2842,474,4,135,3
2843,474,5,75,0
2844,474,6,90,0
2845,475,1,68,0
2846,475,2,125,3
2847,475,3,65,0
2848,475,4,65,0
2849,475,5,115,0
2850,475,6,80,0
2851,476,1,60,0
2852,476,2,55,0
2853,476,3,145,1
2854,476,4,75,0
2855,476,5,150,2
2856,476,6,40,0
2857,477,1,45,0
2858,477,2,100,0
2859,477,3,135,1
2860,477,4,65,0
2861,477,5,135,2
2862,477,6,45,0
2863,478,1,70,0
2864,478,2,80,0
2865,478,3,70,0
2866,478,4,80,0
2867,478,5,70,0
2868,478,6,110,2
2869,479,1,50,0
2870,479,2,50,0
2871,479,3,77,0
2872,479,4,95,1
2873,479,5,77,0
2874,479,6,91,1
2875,480,1,75,0
2876,480,2,75,0
2877,480,3,130,2
2878,480,4,75,0
2879,480,5,130,1
2880,480,6,95,0
2881,481,1,80,0
2882,481,2,105,1
2883,481,3,105,0
2884,481,4,105,1
2885,481,5,105,1
2886,481,6,80,0
2887,482,1,75,0
2888,482,2,125,2
2889,482,3,70,0
2890,482,4,125,1
2891,482,5,70,0
2892,482,6,115,0
2893,483,1,100,0
2894,483,2,120,0
2895,483,3,120,0
2896,483,4,150,3
2897,483,5,100,0
2898,483,6,90,0
2899,484,1,90,0
2900,484,2,120,0
2901,484,3,100,0
2902,484,4,150,3
2903,484,5,120,0
2904,484,6,100,0
2905,485,1,91,0
2906,485,2,90,0
2907,485,3,106,0
2908,485,4,130,3
2909,485,5,106,0
2910,485,6,77,0
2911,486,1,110,0
2912,486,2,160,3
2913,486,3,110,0
2914,486,4,80,0
2915,486,5,110,0
2916,486,6,100,0
2917,487,1,150,3
2918,487,2,100,0
2919,487,3,120,0
2920,487,4,100,0
2921,487,5,120,0
2922,487,6,90,0
2923,488,1,120,0
2924,488,2,70,0
2925,488,3,120,0
2926,488,4,75,0
2927,488,5,130,3
2928,488,6,85,0
2929,489,1,80,1
2930,489,2,80,0
2931,489,3,80,0
2932,489,4,80,0
2933,489,5,80,0
2934,489,6,80,0
2935,490,1,100,3
2936,490,2,100,0
2937,490,3,100,0
2938,490,4,100,0
2939,490,5,100,0
2940,490,6,100,0
2941,491,1,70,0
2942,491,2,90,0
2943,491,3,90,0
2944,491,4,135,2
2945,491,5,90,0
2946,491,6,125,1
2947,492,1,100,3
2948,492,2,100,0
2949,492,3,100,0
2950,492,4,100,0
2951,492,5,100,0
2952,492,6,100,0
2953,493,1,120,3
2954,493,2,120,0
2955,493,3,120,0
2956,493,4,120,0
2957,493,5,120,0
2958,493,6,120,0
2959,494,1,100,3
2960,494,2,100,0
2961,494,3,100,0
2962,494,4,100,0
2963,494,5,100,0
2964,494,6,100,0
2965,495,1,45,0
2966,495,2,45,0
2967,495,3,55,0
2968,495,4,45,0
2969,495,5,55,0
2970,495,6,63,1
2971,496,1,60,0
2972,496,2,60,0
2973,496,3,75,0
2974,496,4,60,0
2975,496,5,75,0
2976,496,6,83,2
2977,497,1,75,0
2978,497,2,75,0
2979,497,3,95,0
2980,497,4,75,0
2981,497,5,95,0
2982,497,6,113,3
2983,498,1,65,1
2984,498,2,63,0
2985,498,3,45,0
2986,498,4,45,0
2987,498,5,45,0
2988,498,6,45,0
2989,499,1,90,0
2990,499,2,93,2
2991,499,3,55,0
2992,499,4,70,0
2993,499,5,55,0
2994,499,6,55,0
2995,500,1,110,0
2996,500,2,123,3
2997,500,3,65,0
2998,500,4,100,0
2999,500,5,65,0
3000,500,6,65,0
3001,501,1,55,0
3002,501,2,55,0
3003,501,3,45,0
3004,501,4,63,1
3005,501,5,45,0
3006,501,6,45,0
3007,502,1,75,0
3008,502,2,75,0
3009,502,3,60,0
3010,502,4,83,2
3011,502,5,60,0
3012,502,6,60,0
3013,503,1,95,0
3014,503,2,100,0
3015,503,3,85,0
3016,503,4,108,3
3017,503,5,70,0
3018,503,6,70,0
3019,504,1,45,0
3020,504,2,55,1
3021,504,3,39,0
3022,504,4,35,0
3023,504,5,39,0
3024,504,6,42,0
3025,505,1,60,0
3026,505,2,85,2
3027,505,3,69,0
3028,505,4,60,0
3029,505,5,69,0
3030,505,6,77,0
3031,506,1,45,0
3032,506,2,60,1
3033,506,3,45,0
3034,506,4,25,0
3035,506,5,45,0
3036,506,6,55,0
3037,507,1,65,0
3038,507,2,80,2
3039,507,3,65,0
3040,507,4,35,0
3041,507,5,65,0
3042,507,6,60,0
3043,508,1,85,0
3044,508,2,110,3
3045,508,3,90,0
3046,508,4,45,0
3047,508,5,90,0
3048,508,6,80,0
3049,509,1,41,0
3050,509,2,50,0
3051,509,3,37,0
3052,509,4,50,0
3053,509,5,37,0
3054,509,6,66,1
3055,510,1,64,0
3056,510,2,88,0
3057,510,3,50,0
3058,510,4,88,0
3059,510,5,50,0
3060,510,6,106,2
3061,511,1,50,0
3062,511,2,53,0
3063,511,3,48,0
3064,511,4,53,0
3065,511,5,48,0
3066,511,6,64,1
3067,512,1,75,0
3068,512,2,98,0
3069,512,3,63,0
3070,512,4,98,0
3071,512,5,63,0
3072,512,6,101,2
3073,513,1,50,0
3074,513,2,53,0
3075,513,3,48,0
3076,513,4,53,0
3077,513,5,48,0
3078,513,6,64,1
3079,514,1,75,0
3080,514,2,98,0
3081,514,3,63,0
3082,514,4,98,0
3083,514,5,63,0
3084,514,6,101,2
3085,515,1,50,0
3086,515,2,53,0
3087,515,3,48,0
3088,515,4,53,0
3089,515,5,48,0
3090,515,6,64,1
3091,516,1,75,0
3092,516,2,98,0
3093,516,3,63,0
3094,516,4,98,0
3095,516,5,63,0
3096,516,6,101,2
3097,517,1,76,1
3098,517,2,25,0
3099,517,3,45,0
3100,517,4,67,0
3101,517,5,55,0
3102,517,6,24,0
3103,518,1,116,2
3104,518,2,55,0
3105,518,3,85,0
3106,518,4,107,0
3107,518,5,95,0
3108,518,6,29,0
3109,519,1,50,0
3110,519,2,55,1
3111,519,3,50,0
3112,519,4,36,0
3113,519,5,30,0
3114,519,6,43,0
3115,520,1,62,0
3116,520,2,77,2
3117,520,3,62,0
3118,520,4,50,0
3119,520,5,42,0
3120,520,6,65,0
3121,521,1,80,0
3122,521,2,115,3
3123,521,3,80,0
3124,521,4,65,0
3125,521,5,55,0
3126,521,6,93,0
3127,522,1,45,0
3128,522,2,60,0
3129,522,3,32,0
3130,522,4,50,0
3131,522,5,32,0
3132,522,6,76,1
3133,523,1,75,0
3134,523,2,100,0
3135,523,3,63,0
3136,523,4,80,0
3137,523,5,63,0
3138,523,6,116,2
3139,524,1,55,0
3140,524,2,75,0
3141,524,3,85,1
3142,524,4,25,0
3143,524,5,25,0
3144,524,6,15,0
3145,525,1,70,0
3146,525,2,105,1
3147,525,3,105,1
3148,525,4,50,0
3149,525,5,40,0
3150,525,6,20,0
3151,526,1,85,0
3152,526,2,135,3
3153,526,3,130,0
3154,526,4,60,0
3155,526,5,80,0
3156,526,6,25,0
3157,527,1,55,0
3158,527,2,45,0
3159,527,3,43,0
3160,527,4,55,0
3161,527,5,43,0
3162,527,6,72,1
3163,528,1,67,0
3164,528,2,57,0
3165,528,3,55,0
3166,528,4,77,0
3167,528,5,55,0
3168,528,6,114,2
3169,529,1,60,0
3170,529,2,85,1
3171,529,3,40,0
3172,529,4,30,0
3173,529,5,45,0
3174,529,6,68,0
3175,530,1,110,0
3176,530,2,135,2
3177,530,3,60,0
3178,530,4,50,0
3179,530,5,65,0
3180,530,6,88,0
3181,531,1,103,2
3182,531,2,60,0
3183,531,3,86,0
3184,531,4,60,0
3185,531,5,86,0
3186,531,6,50,0
3187,532,1,75,0
3188,532,2,80,1
3189,532,3,55,0
3190,532,4,25,0
3191,532,5,35,0
3192,532,6,35,0
3193,533,1,85,0
3194,533,2,105,2
3195,533,3,85,0
3196,533,4,40,0
3197,533,5,50,0
3198,533,6,40,0
3199,534,1,105,0
3200,534,2,140,3
3201,534,3,95,0
3202,534,4,55,0
3203,534,5,65,0
3204,534,6,45,0
3205,535,1,50,0
3206,535,2,50,0
3207,535,3,40,0
3208,535,4,50,0
3209,535,5,40,0
3210,535,6,64,1
3211,536,1,75,2
3212,536,2,65,0
3213,536,3,55,0
3214,536,4,65,0
3215,536,5,55,0
3216,536,6,69,0
3217,537,1,105,3
3218,537,2,95,0
3219,537,3,75,0
3220,537,4,85,0
3221,537,5,75,0
3222,537,6,74,0
3223,538,1,120,2
3224,538,2,100,0
3225,538,3,85,0
3226,538,4,30,0
3227,538,5,85,0
3228,538,6,45,0
3229,539,1,75,0
3230,539,2,125,2
3231,539,3,75,0
3232,539,4,30,0
3233,539,5,75,0
3234,539,6,85,0
3235,540,1,45,0
3236,540,2,53,0
3237,540,3,70,1
3238,540,4,40,0
3239,540,5,60,0
3240,540,6,42,0
3241,541,1,55,0
3242,541,2,63,0
3243,541,3,90,2
3244,541,4,50,0
3245,541,5,80,0
3246,541,6,42,0
3247,542,1,75,0
3248,542,2,103,3
3249,542,3,80,0
3250,542,4,70,0
3251,542,5,80,0
3252,542,6,92,0
3253,543,1,30,0
3254,543,2,45,0
3255,543,3,59,1
3256,543,4,30,0
3257,543,5,39,0
3258,543,6,57,0
3259,544,1,40,0
3260,544,2,55,0
3261,544,3,99,2
3262,544,4,40,0
3263,544,5,79,0
3264,544,6,47,0
3265,545,1,60,0
3266,545,2,100,0
3267,545,3,89,0
3268,545,4,55,0
3269,545,5,69,0
3270,545,6,112,3
3271,546,1,40,0
3272,546,2,27,0
3273,546,3,60,0
3274,546,4,37,0
3275,546,5,50,0
3276,546,6,66,1
3277,547,1,60,0
3278,547,2,67,0
3279,547,3,85,0
3280,547,4,77,0
3281,547,5,75,0
3282,547,6,116,2
3283,548,1,45,0
3284,548,2,35,0
3285,548,3,50,0
3286,548,4,70,1
3287,548,5,50,0
3288,548,6,30,0
3289,549,1,70,0
3290,549,2,60,0
3291,549,3,75,0
3292,549,4,110,2
3293,549,5,75,0
3294,549,6,90,0
3295,550,1,70,0
3296,550,2,92,0
3297,550,3,65,0
3298,550,4,80,0
3299,550,5,55,0
3300,550,6,98,2
3301,551,1,50,0
3302,551,2,72,1
3303,551,3,35,0
3304,551,4,35,0
3305,551,5,35,0
3306,551,6,65,0
3307,552,1,60,0
3308,552,2,82,2
3309,552,3,45,0
3310,552,4,45,0
3311,552,5,45,0
3312,552,6,74,0
3313,553,1,95,0
3314,553,2,117,3
3315,553,3,80,0
3316,553,4,65,0
3317,553,5,70,0
3318,553,6,92,0
3319,554,1,70,0
3320,554,2,90,1
3321,554,3,45,0
3322,554,4,15,0
3323,554,5,45,0
3324,554,6,50,0
3325,555,1,105,0
3326,555,2,140,2
3327,555,3,55,0
3328,555,4,30,0
3329,555,5,55,0
3330,555,6,95,0
3331,556,1,75,0
3332,556,2,86,0
3333,556,3,67,0
3334,556,4,106,2
3335,556,5,67,0
3336,556,6,60,0
3337,557,1,50,0
3338,557,2,65,0
3339,557,3,85,1
3340,557,4,35,0
3341,557,5,35,0
3342,557,6,55,0
3343,558,1,70,0
3344,558,2,95,0
3345,558,3,125,2
3346,558,4,65,0
3347,558,5,75,0
3348,558,6,45,0
3349,559,1,50,0
3350,559,2,75,1
3351,559,3,70,0
3352,559,4,35,0
3353,559,5,70,0
3354,559,6,48,0
3355,560,1,65,0
3356,560,2,90,0
3357,560,3,115,1
3358,560,4,45,0
3359,560,5,115,1
3360,560,6,58,0
3361,561,1,72,0
3362,561,2,58,0
3363,561,3,80,0
3364,561,4,103,2
3365,561,5,80,0
3366,561,6,97,0
3367,562,1,38,0
3368,562,2,30,0
3369,562,3,85,1
3370,562,4,55,0
3371,562,5,65,0
3372,562,6,30,0
3373,563,1,58,0
3374,563,2,50,0
3375,563,3,145,2
3376,563,4,95,0
3377,563,5,105,0
3378,563,6,30,0
3379,564,1,54,0
3380,564,2,78,0
3381,564,3,103,1
3382,564,4,53,0
3383,564,5,45,0
3384,564,6,22,0
3385,565,1,74,0
3386,565,2,108,0
3387,565,3,133,2
3388,565,4,83,0
3389,565,5,65,0
3390,565,6,32,0
3391,566,1,55,0
3392,566,2,112,1
3393,566,3,45,0
3394,566,4,74,0
3395,566,5,45,0
3396,566,6,70,0
3397,567,1,75,0
3398,567,2,140,2
3399,567,3,65,0
3400,567,4,112,0
3401,567,5,65,0
3402,567,6,110,0
3403,568,1,50,0
3404,568,2,50,0
3405,568,3,62,0
3406,568,4,40,0
3407,568,5,62,0
3408,568,6,65,1
3409,569,1,80,0
3410,569,2,95,2
3411,569,3,82,0
3412,569,4,60,0
3413,569,5,82,0
3414,569,6,75,0
3415,570,1,40,0
3416,570,2,65,0
3417,570,3,40,0
3418,570,4,80,1
3419,570,5,40,0
3420,570,6,65,0
3421,571,1,60,0
3422,571,2,105,0
3423,571,3,60,0
3424,571,4,120,2
3425,571,5,60,0
3426,571,6,105,0
3427,572,1,55,0
3428,572,2,50,0
3429,572,3,40,0
3430,572,4,40,0
3431,572,5,40,0
3432,572,6,75,1
3433,573,1,75,0
3434,573,2,95,0
3435,573,3,60,0
3436,573,4,65,0
3437,573,5,60,0
3438,573,6,115,2
3439,574,1,45,0
3440,574,2,30,0
3441,574,3,50,0
3442,574,4,55,0
3443,574,5,65,1
3444,574,6,45,0
3445,575,1,60,0
3446,575,2,45,0
3447,575,3,70,0
3448,575,4,75,0
3449,575,5,85,2
3450,575,6,55,0
3451,576,1,70,0
3452,576,2,55,0
3453,576,3,95,0
3454,576,4,95,0
3455,576,5,110,3
3456,576,6,65,0
3457,577,1,45,0
3458,577,2,30,0
3459,577,3,40,0
3460,577,4,105,1
3461,577,5,50,0
3462,577,6,20,0
3463,578,1,65,0
3464,578,2,40,0
3465,578,3,50,0
3466,578,4,125,2
3467,578,5,60,0
3468,578,6,30,0
3469,579,1,110,0
3470,579,2,65,0
3471,579,3,75,0
3472,579,4,125,3
3473,579,5,85,0
3474,579,6,30,0
3475,580,1,62,1
3476,580,2,44,0
3477,580,3,50,0
3478,580,4,44,0
3479,580,5,50,0
3480,580,6,55,0
3481,581,1,75,0
3482,581,2,87,0
3483,581,3,63,0
3484,581,4,87,0
3485,581,5,63,0
3486,581,6,98,2
3487,582,1,36,0
3488,582,2,50,0
3489,582,3,50,0
3490,582,4,65,1
3491,582,5,60,0
3492,582,6,44,0
3493,583,1,51,0
3494,583,2,65,0
3495,583,3,65,0
3496,583,4,80,2
3497,583,5,75,0
3498,583,6,59,0
3499,584,1,71,0
3500,584,2,95,0
3501,584,3,85,0
3502,584,4,110,3
3503,584,5,95,0
3504,584,6,79,0
3505,585,1,60,0
3506,585,2,60,0
3507,585,3,50,0
3508,585,4,40,0
3509,585,5,50,0
3510,585,6,75,1
3511,586,1,80,0
3512,586,2,100,2
3513,586,3,70,0
3514,586,4,60,0
3515,586,5,70,0
3516,586,6,95,0
3517,587,1,55,0
3518,587,2,75,0
3519,587,3,60,0
3520,587,4,75,0
3521,587,5,60,0
3522,587,6,103,2
3523,588,1,50,0
3524,588,2,75,1
3525,588,3,45,0
3526,588,4,40,0
3527,588,5,45,0
3528,588,6,60,0
3529,589,1,70,0
3530,589,2,135,2
3531,589,3,105,0
3532,589,4,60,0
3533,589,5,105,0
3534,589,6,20,0
3535,590,1,69,1
3536,590,2,55,0
3537,590,3,45,0
3538,590,4,55,0
3539,590,5,55,0
3540,590,6,15,0
3541,591,1,114,2
3542,591,2,85,0
3543,591,3,70,0
3544,591,4,85,0
3545,591,5,80,0
3546,591,6,30,0
3547,592,1,55,0
3548,592,2,40,0
3549,592,3,50,0
3550,592,4,65,0
3551,592,5,85,1
3552,592,6,40,0
3553,593,1,100,0
3554,593,2,60,0
3555,593,3,70,0
3556,593,4,85,0
3557,593,5,105,2
3558,593,6,60,0
3559,594,1,165,2
3560,594,2,75,0
3561,594,3,80,0
3562,594,4,40,0
3563,594,5,45,0
3564,594,6,65,0
3565,595,1,50,0
3566,595,2,47,0
3567,595,3,50,0
3568,595,4,57,0
3569,595,5,50,0
3570,595,6,65,1
3571,596,1,70,0
3572,596,2,77,0
3573,596,3,60,0
3574,596,4,97,0
3575,596,5,60,0
3576,596,6,108,2
3577,597,1,44,0
3578,597,2,50,0
3579,597,3,91,1
3580,597,4,24,0
3581,597,5,86,0
3582,597,6,10,0
3583,598,1,74,0
3584,598,2,94,0
3585,598,3,131,2
3586,598,4,54,0
3587,598,5,116,0
3588,598,6,20,0
3589,599,1,40,0
3590,599,2,55,0
3591,599,3,70,1
3592,599,4,45,0
3593,599,5,60,0
3594,599,6,30,0
3595,600,1,60,0
3596,600,2,80,0
3597,600,3,95,2
3598,600,4,70,0
3599,600,5,85,0
3600,600,6,50,0
3601,601,1,60,0
3602,601,2,100,0
3603,601,3,115,3
3604,601,4,70,0
3605,601,5,85,0
3606,601,6,90,0
3607,602,1,35,0
3608,602,2,55,0
3609,602,3,40,0
3610,602,4,45,0
3611,602,5,40,0
3612,602,6,60,1
3613,603,1,65,0
3614,603,2,85,2
3615,603,3,70,0
3616,603,4,75,0
3617,603,5,70,0
3618,603,6,40,0
3619,604,1,85,0
3620,604,2,115,3
3621,604,3,80,0
3622,604,4,105,0
3623,604,5,80,0
3624,604,6,50,0
3625,605,1,55,0
3626,605,2,55,0
3627,605,3,55,0
3628,605,4,85,1
3629,605,5,55,0
3630,605,6,30,0
3631,606,1,75,0
3632,606,2,75,0
3633,606,3,75,0
3634,606,4,125,2
3635,606,5,95,0
3636,606,6,40,0
3637,607,1,50,0
3638,607,2,30,0
3639,607,3,55,0
3640,607,4,65,1
3641,607,5,55,0
3642,607,6,20,0
3643,608,1,60,0
3644,608,2,40,0
3645,608,3,60,0
3646,608,4,95,2
3647,608,5,60,0
3648,608,6,55,0
3649,609,1,60,0
3650,609,2,55,0
3651,609,3,90,0
3652,609,4,145,3
3653,609,5,90,0
3654,609,6,80,0
3655,610,1,46,0
3656,610,2,87,1
3657,610,3,60,0
3658,610,4,30,0
3659,610,5,40,0
3660,610,6,57,0
3661,611,1,66,0
3662,611,2,117,2
3663,611,3,70,0
3664,611,4,40,0
3665,611,5,50,0
3666,611,6,67,0
3667,612,1,76,0
3668,612,2,147,3
3669,612,3,90,0
3670,612,4,60,0
3671,612,5,70,0
3672,612,6,97,0
3673,613,1,55,0
3674,613,2,70,1
3675,613,3,40,0
3676,613,4,60,0
3677,613,5,40,0
3678,613,6,40,0
3679,614,1,95,0
3680,614,2,110,2
3681,614,3,80,0
3682,614,4,70,0
3683,614,5,80,0
3684,614,6,50,0
3685,615,1,70,0
3686,615,2,50,0
3687,615,3,30,0
3688,615,4,95,0
3689,615,5,135,2
3690,615,6,105,0
3691,616,1,50,0
3692,616,2,40,0
3693,616,3,85,1
3694,616,4,40,0
3695,616,5,65,0
3696,616,6,25,0
3697,617,1,80,0
3698,617,2,70,0
3699,617,3,40,0
3700,617,4,100,0
3701,617,5,60,0
3702,617,6,145,2
3703,618,1,109,2
3704,618,2,66,0
3705,618,3,84,0
3706,618,4,81,0
3707,618,5,99,0
3708,618,6,32,0
3709,619,1,45,0
3710,619,2,85,1
3711,619,3,50,0
3712,619,4,55,0
3713,619,5,50,0
3714,619,6,65,0
3715,620,1,65,0
3716,620,2,125,2
3717,620,3,60,0
3718,620,4,95,0
3719,620,5,60,0
3720,620,6,105,0
3721,621,1,77,0
3722,621,2,120,2
3723,621,3,90,0
3724,621,4,60,0
3725,621,5,90,0
3726,621,6,48,0
3727,622,1,59,0
3728,622,2,74,1
3729,622,3,50,0
3730,622,4,35,0
3731,622,5,50,0
3732,622,6,35,0
3733,623,1,89,0
3734,623,2,124,2
3735,623,3,80,0
3736,623,4,55,0
3737,623,5,80,0
3738,623,6,55,0
3739,624,1,45,0
3740,624,2,85,1
3741,624,3,70,0
3742,624,4,40,0
3743,624,5,40,0
3744,624,6,60,0
3745,625,1,65,0
3746,625,2,125,2
3747,625,3,100,0
3748,625,4,60,0
3749,625,5,70,0
3750,625,6,70,0
3751,626,1,95,0
3752,626,2,110,2
3753,626,3,95,0
3754,626,4,40,0
3755,626,5,95,0
3756,626,6,55,0
3757,627,1,70,0
3758,627,2,83,1
3759,627,3,50,0
3760,627,4,37,0
3761,627,5,50,0
3762,627,6,60,0
3763,628,1,100,0
3764,628,2,123,2
3765,628,3,75,0
3766,628,4,57,0
3767,628,5,75,0
3768,628,6,80,0
3769,629,1,70,0
3770,629,2,55,0
3771,629,3,75,1
3772,629,4,45,0
3773,629,5,65,0
3774,629,6,60,0
3775,630,1,110,0
3776,630,2,65,0
3777,630,3,105,0
3778,630,4,55,2
3779,630,5,95,0
3780,630,6,80,0
3781,631,1,85,0
3782,631,2,97,0
3783,631,3,66,0
3784,631,4,105,2
3785,631,5,66,0
3786,631,6,65,0
3787,632,1,58,0
3788,632,2,109,0
3789,632,3,112,2
3790,632,4,48,0
3791,632,5,48,0
3792,632,6,109,0
3793,633,1,52,0
3794,633,2,65,1
3795,633,3,50,0
3796,633,4,45,0
3797,633,5,50,0
3798,633,6,38,0
3799,634,1,72,0
3800,634,2,85,2
3801,634,3,70,0
3802,634,4,65,0
3803,634,5,70,0
3804,634,6,58,0
3805,635,1,92,0
3806,635,2,105,0
3807,635,3,90,0
3808,635,4,125,3
3809,635,5,90,0
3810,635,6,98,0
3811,636,1,55,0
3812,636,2,85,1
3813,636,3,55,0
3814,636,4,50,0
3815,636,5,55,0
3816,636,6,60,0
3817,637,1,85,0
3818,637,2,60,0
3819,637,3,65,0
3820,637,4,135,3
3821,637,5,105,0
3822,637,6,100,0
3823,638,1,91,0
3824,638,2,90,0
3825,638,3,129,3
3826,638,4,90,0
3827,638,5,72,0
3828,638,6,108,0
3829,639,1,91,0
3830,639,2,129,3
3831,639,3,90,0
3832,639,4,72,0
3833,639,5,90,0
3834,639,6,108,0
3835,640,1,91,0
3836,640,2,90,0
3837,640,3,72,0
3838,640,4,90,0
3839,640,5,129,3
3840,640,6,108,0
3841,641,1,79,0
3842,641,2,115,3
3843,641,3,70,0
3844,641,4,125,0
3845,641,5,80,0
3846,641,6,111,0
3847,642,1,79,0
3848,642,2,115,3
3849,642,3,70,0
3850,642,4,125,0
3851,642,5,80,0
3852,642,6,111,0
3853,643,1,100,0
3854,643,2,120,0
3855,643,3,100,0
3856,643,4,150,3
3857,643,5,120,0
3858,643,6,90,0
3859,644,1,100,0
3860,644,2,150,3
3861,644,3,120,0
3862,644,4,120,0
3863,644,5,100,0
3864,644,6,90,0
3865,645,1,89,0
3866,645,2,125,0
3867,645,3,90,0
3868,645,4,115,3
3869,645,5,80,0
3870,645,6,101,0
3871,646,1,125,1
3872,646,2,130,1
3873,646,3,90,0
3874,646,4,130,1
3875,646,5,90,0
3876,646,6,95,0
3877,647,1,91,0
3878,647,2,72,0
3879,647,3,90,0
3880,647,4,129,3
3881,647,5,90,0
3882,647,6,108,0
3883,648,1,100,0
3884,648,2,77,0
3885,648,3,77,0
3886,648,4,128,1
3887,648,5,128,1
3888,648,6,90,1
3889,649,1,71,0
3890,649,2,120,1
3891,649,3,95,0
3892,649,4,120,1
3893,649,5,95,0
3894,649,6,99,1
3895,650,1,56,0
3896,650,2,61,0
3897,650,3,65,1
3898,650,4,48,0
3899,650,5,45,0
3900,650,6,38,0
3901,651,1,61,0
3902,651,2,78,0
3903,651,3,95,2
3904,651,4,56,0
3905,651,5,58,0
3906,651,6,57,0
3907,652,1,88,0
3908,652,2,107,0
3909,652,3,122,3
3910,652,4,74,0
3911,652,5,75,0
3912,652,6,64,0
3913,653,1,40,0
3914,653,2,45,0
3915,653,3,40,0
3916,653,4,62,1
3917,653,5,60,0
3918,653,6,60,0
3919,654,1,59,0
3920,654,2,59,0
3921,654,3,58,0
3922,654,4,90,2
3923,654,5,70,0
3924,654,6,73,0
3925,655,1,75,0
3926,655,2,69,0
3927,655,3,72,0
3928,655,4,114,3
3929,655,5,100,0
3930,655,6,104,0
3931,656,1,41,0
3932,656,2,56,0
3933,656,3,40,0
3934,656,4,62,0
3935,656,5,44,0
3936,656,6,71,1
3937,657,1,54,0
3938,657,2,63,0
3939,657,3,52,0
3940,657,4,83,0
3941,657,5,56,0
3942,657,6,97,2
3943,658,1,72,0
3944,658,2,95,0
3945,658,3,67,0
3946,658,4,103,0
3947,658,5,71,0
3948,658,6,122,3
3949,659,1,38,0
3950,659,2,36,0
3951,659,3,38,0
3952,659,4,32,0
3953,659,5,36,0
3954,659,6,57,1
3955,660,1,85,2
3956,660,2,56,0
3957,660,3,77,0
3958,660,4,50,0
3959,660,5,77,0
3960,660,6,78,0
3961,661,1,45,0
3962,661,2,50,0
3963,661,3,43,0
3964,661,4,40,0
3965,661,5,38,0
3966,661,6,62,1
3967,662,1,62,0
3968,662,2,73,0
3969,662,3,55,0
3970,662,4,56,0
3971,662,5,52,0
3972,662,6,84,2
3973,663,1,78,0
3974,663,2,81,0
3975,663,3,71,0
3976,663,4,74,0
3977,663,5,69,0
3978,663,6,126,3
3979,664,1,38,0
3980,664,2,35,0
3981,664,3,40,1
3982,664,4,27,0
3983,664,5,25,0
3984,664,6,35,0
3985,665,1,45,0
3986,665,2,22,0
3987,665,3,60,2
3988,665,4,27,0
3989,665,5,30,0
3990,665,6,29,0
3991,666,1,80,1
3992,666,2,52,0
3993,666,3,50,0
3994,666,4,90,1
3995,666,5,50,0
3996,666,6,89,1
3997,667,1,62,0
3998,667,2,50,0
3999,667,3,58,0
4000,667,4,73,1
4001,667,5,54,0
4002,667,6,72,0
4003,668,1,86,0
4004,668,2,68,0
4005,668,3,72,0
4006,668,4,109,2
4007,668,5,66,0
4008,668,6,106,0
4009,669,1,44,0
4010,669,2,38,0
4011,669,3,39,0
4012,669,4,61,0
4013,669,5,79,1
4014,669,6,42,0
4015,670,1,54,0
4016,670,2,45,0
4017,670,3,47,0
4018,670,4,75,0
4019,670,5,98,2
4020,670,6,52,0
4021,671,1,78,0
4022,671,2,65,0
4023,671,3,68,0
4024,671,4,112,0
4025,671,5,154,3
4026,671,6,75,0
4027,672,1,66,1
4028,672,2,65,0
4029,672,3,48,0
4030,672,4,62,0
4031,672,5,57,0
4032,672,6,52,0
4033,673,1,123,2
4034,673,2,100,0
4035,673,3,62,0
4036,673,4,97,0
4037,673,5,81,0
4038,673,6,68,0
4039,674,1,67,0
4040,674,2,82,1
4041,674,3,62,0
4042,674,4,46,0
4043,674,5,48,0
4044,674,6,43,0
4045,675,1,95,0
4046,675,2,124,2
4047,675,3,78,0
4048,675,4,69,0
4049,675,5,71,0
4050,675,6,58,0
4051,676,1,75,0
4052,676,2,80,0
4053,676,3,60,0
4054,676,4,65,0
4055,676,5,90,0
4056,676,6,102,1
4057,677,1,62,0
4058,677,2,48,0
4059,677,3,54,0
4060,677,4,63,0
4061,677,5,60,0
4062,677,6,68,1
4063,678,1,74,0
4064,678,2,48,0
4065,678,3,76,0
4066,678,4,83,0
4067,678,5,81,0
4068,678,6,104,2
4069,679,1,45,0
4070,679,2,80,0
4071,679,3,100,1
4072,679,4,35,0
4073,679,5,37,0
4074,679,6,28,0
4075,680,1,59,0
4076,680,2,110,0
4077,680,3,150,2
4078,680,4,45,0
4079,680,5,49,0
4080,680,6,35,0
4081,681,1,60,0
4082,681,2,50,0
4083,681,3,150,2
4084,681,4,50,0
4085,681,5,150,1
4086,681,6,60,0
4087,682,1,78,1
4088,682,2,52,0
4089,682,3,60,0
4090,682,4,63,0
4091,682,5,65,0
4092,682,6,23,0
4093,683,1,101,2
4094,683,2,72,0
4095,683,3,72,0
4096,683,4,99,0
4097,683,5,89,0
4098,683,6,29,0
4099,684,1,62,0
4100,684,2,48,0
4101,684,3,66,1
4102,684,4,59,0
4103,684,5,57,0
4104,684,6,49,0
4105,685,1,82,0
4106,685,2,80,0
4107,685,3,86,2
4108,685,4,85,0
4109,685,5,75,0
4110,685,6,72,0
4111,686,1,53,0
4112,686,2,54,1
4113,686,3,53,0
4114,686,4,37,0
4115,686,5,46,0
4116,686,6,45,0
4117,687,1,86,0
4118,687,2,92,2
4119,687,3,88,0
4120,687,4,68,0
4121,687,5,75,0
4122,687,6,73,0
4123,688,1,42,0
4124,688,2,52,1
4125,688,3,67,0
4126,688,4,39,0
4127,688,5,56,0
4128,688,6,50,0
4129,689,1,72,0
4130,689,2,105,2
4131,689,3,115,0
4132,689,4,54,0
4133,689,5,86,0
4134,689,6,68,0
4135,690,1,50,0
4136,690,2,60,0
4137,690,3,60,0
4138,690,4,60,0
4139,690,5,60,1
4140,690,6,30,0
4141,691,1,65,0
4142,691,2,75,0
4143,691,3,90,0
4144,691,4,97,0
4145,691,5,123,2
4146,691,6,44,0
4147,692,1,50,0
4148,692,2,53,0
4149,692,3,62,0
4150,692,4,58,1
4151,692,5,63,0
4152,692,6,44,0
4153,693,1,71,0
4154,693,2,73,0
4155,693,3,88,0
4156,693,4,120,2
4157,693,5,89,0
4158,693,6,59,0
4159,694,1,44,0
4160,694,2,38,0
4161,694,3,33,0
4162,694,4,61,0
4163,694,5,43,0
4164,694,6,70,1
4165,695,1,62,0
4166,695,2,55,0
4167,695,3,52,0
4168,695,4,109,1
4169,695,5,94,0
4170,695,6,109,1
4171,696,1,58,0
4172,696,2,89,1
4173,696,3,77,0
4174,696,4,45,0
4175,696,5,45,0
4176,696,6,48,0
4177,697,1,82,0
4178,697,2,121,2
4179,697,3,119,0
4180,697,4,69,0
4181,697,5,59,0
4182,697,6,71,0
4183,698,1,77,1
4184,698,2,59,0
4185,698,3,50,0
4186,698,4,67,0
4187,698,5,63,0
4188,698,6,46,0
4189,699,1,123,2
4190,699,2,77,0
4191,699,3,72,0
4192,699,4,99,0
4193,699,5,92,0
4194,699,6,58,0
4195,700,1,95,0
4196,700,2,65,0
4197,700,3,65,0
4198,700,4,110,0
4199,700,5,130,2
4200,700,6,60,0
4201,701,1,78,0
4202,701,2,92,2
4203,701,3,75,0
4204,701,4,74,0
4205,701,5,63,0
4206,701,6,118,0
4207,702,1,67,0
4208,702,2,58,0
4209,702,3,57,0
4210,702,4,81,0
4211,702,5,67,0
4212,702,6,101,2
4213,703,1,50,0
4214,703,2,50,0
4215,703,3,150,1
4216,703,4,50,0
4217,703,5,150,1
4218,703,6,50,0
4219,704,1,45,0
4220,704,2,50,0
4221,704,3,35,0
4222,704,4,55,0
4223,704,5,75,1
4224,704,6,40,0
4225,705,1,68,0
4226,705,2,75,0
4227,705,3,53,0
4228,705,4,83,0
4229,705,5,113,2
4230,705,6,60,0
4231,706,1,90,0
4232,706,2,100,0
4233,706,3,70,0
4234,706,4,110,0
4235,706,5,150,3
4236,706,6,80,0
4237,707,1,57,0
4238,707,2,80,0
4239,707,3,91,1
4240,707,4,80,0
4241,707,5,87,0
4242,707,6,75,0
4243,708,1,43,0
4244,708,2,70,1
4245,708,3,48,0
4246,708,4,50,0
4247,708,5,60,0
4248,708,6,38,0
4249,709,1,85,0
4250,709,2,110,2
4251,709,3,76,0
4252,709,4,65,0
4253,709,5,82,0
4254,709,6,56,0
4255,710,1,49,0
4256,710,2,66,0
4257,710,3,70,1
4258,710,4,44,0
4259,710,5,55,0
4260,710,6,51,0
4261,711,1,65,0
4262,711,2,90,0
4263,711,3,122,2
4264,711,4,58,0
4265,711,5,75,0
4266,711,6,84,0
4267,712,1,55,0
4268,712,2,69,0
4269,712,3,85,1
4270,712,4,32,0
4271,712,5,35,0
4272,712,6,28,0
4273,713,1,95,0
4274,713,2,117,0
4275,713,3,184,2
4276,713,4,44,0
4277,713,5,46,0
4278,713,6,28,0
4279,714,1,40,0
4280,714,2,30,0
4281,714,3,35,0
4282,714,4,45,0
4283,714,5,40,0
4284,714,6,55,1
4285,715,1,85,0
4286,715,2,70,0
4287,715,3,80,0
4288,715,4,97,0
4289,715,5,80,0
4290,715,6,123,2
4291,716,1,126,3
4292,716,2,131,0
4293,716,3,95,0
4294,716,4,131,0
4295,716,5,98,0
4296,716,6,99,0
4297,717,1,126,3
4298,717,2,131,0
4299,717,3,95,0
4300,717,4,131,0
4301,717,5,98,0
4302,717,6,99,0
4303,718,1,108,3
4304,718,2,100,0
4305,718,3,121,0
4306,718,4,81,0
4307,718,5,95,0
4308,718,6,95,0
4309,719,1,50,0
4310,719,2,100,0
4311,719,3,150,1
4312,719,4,100,0
4313,719,5,150,2
4314,719,6,50,0
4315,720,1,80,0
4316,720,2,110,0
4317,720,3,60,0
4318,720,4,150,3
4319,720,5,130,0
4320,720,6,70,0
4321,721,1,80,0
4322,721,2,110,0
4323,721,3,120,0
4324,721,4,130,3
4325,721,5,90,0
4326,721,6,70,0
4327,10001,1,50,0
4328,10001,2,180,2
4329,10001,3,20,0
4330,10001,4,180,1
4331,10001,5,20,0
4332,10001,6,150,0
4333,10002,1,50,0
4334,10002,2,70,0
4335,10002,3,160,2
4336,10002,4,70,0
4337,10002,5,160,1
4338,10002,6,90,0
4339,10003,1,50,0
4340,10003,2,95,0
4341,10003,3,90,0
4342,10003,4,95,0
4343,10003,5,90,0
4344,10003,6,180,3
4345,10004,1,60,0
4346,10004,2,79,0
4347,10004,3,105,2
4348,10004,4,59,0
4349,10004,5,85,0
4350,10004,6,36,0
4351,10005,1,60,0
4352,10005,2,69,0
4353,10005,3,95,1
4354,10005,4,69,0
4355,10005,5,95,1
4356,10005,6,36,0
4357,10006,1,100,0
4358,10006,2,103,0
4359,10006,3,75,0
4360,10006,4,120,0
4361,10006,5,75,0
4362,10006,6,127,3
4363,10007,1,150,3
4364,10007,2,120,0
4365,10007,3,100,0
4366,10007,4,120,0
4367,10007,5,100,0
4368,10007,6,90,0
4369,10008,1,50,0
4370,10008,2,65,0
4371,10008,3,107,0
4372,10008,4,105,1
4373,10008,5,107,0
4374,10008,6,86,1
4375,10009,1,50,0
4376,10009,2,65,0
4377,10009,3,107,0
4378,10009,4,105,1
4379,10009,5,107,0
4380,10009,6,86,1
4381,10010,1,50,0
4382,10010,2,65,0
4383,10010,3,107,0
4384,10010,4,105,1
4385,10010,5,107,0
4386,10010,6,86,1
4387,10011,1,50,0
4388,10011,2,65,0
4389,10011,3,107,0
4390,10011,4,105,1
4391,10011,5,107,0
4392,10011,6,86,1
4393,10012,1,50,0
4394,10012,2,65,0
4395,10012,3,107,0
4396,10012,4,105,1
4397,10012,5,107,0
4398,10012,6,86,1
4399,10013,1,70,1
4400,10013,2,70,0
4401,10013,3,70,0
4402,10013,4,70,0
4403,10013,5,70,0
4404,10013,6,70,0
4405,10014,1,70,1
4406,10014,2,70,0
4407,10014,3,70,0
4408,10014,4,70,0
4409,10014,5,70,0
4410,10014,6,70,0
4411,10015,1,70,1
4412,10015,2,70,0
4413,10015,3,70,0
4414,10015,4,70,0
4415,10015,5,70,0
4416,10015,6,70,0
4417,10016,1,70,0
4418,10016,2,92,0
4419,10016,3,65,0
4420,10016,4,80,0
4421,10016,5,55,0
4422,10016,6,98,2
4423,10017,1,105,0
4424,10017,2,30,0
4425,10017,3,105,0
4426,10017,4,140,2
4427,10017,5,105,0
4428,10017,6,55,0
4429,10018,1,100,0
4430,10018,2,128,1
4431,10018,3,90,1
4432,10018,4,77,0
4433,10018,5,77,0
4434,10018,6,128,1
4435,10019,1,79,0
4436,10019,2,100,0
4437,10019,3,80,0
4438,10019,4,110,0
4439,10019,5,90,0
4440,10019,6,121,3
4441,10020,1,79,0
4442,10020,2,105,0
4443,10020,3,70,0
4444,10020,4,145,3
4445,10020,5,80,0
4446,10020,6,101,0
4447,10021,1,89,0
4448,10021,2,145,3
4449,10021,3,90,0
4450,10021,4,105,0
4451,10021,5,80,0
4452,10021,6,91,0
4453,10022,1,125,0
4454,10022,2,170,3
4455,10022,3,100,0
4456,10022,4,120,0
4457,10022,5,90,0
4458,10022,6,95,0
4459,10023,1,125,0
4460,10023,2,120,0
4461,10023,3,90,0
4462,10023,4,170,3
4463,10023,5,100,0
4464,10023,6,95,0
4465,10024,1,91,0
4466,10024,2,72,0
4467,10024,3,90,0
4468,10024,4,129,3
4469,10024,5,90,0
4470,10024,6,108,0
4471,10025,1,74,0
4472,10025,2,48,0
4473,10025,3,76,0
4474,10025,4,83,0
4475,10025,5,81,0
4476,10025,6,104,2
4477,10026,1,60,0
4478,10026,2,150,2
4479,10026,3,50,0
4480,10026,4,150,1
4481,10026,5,50,0
4482,10026,6,60,0
4483,10027,1,44,0
4484,10027,2,66,0
4485,10027,3,70,1
4486,10027,4,44,0
4487,10027,5,55,0
4488,10027,6,56,0
4489,10028,1,54,0
4490,10028,2,66,0
4491,10028,3,70,1
4492,10028,4,44,0
4493,10028,5,55,0
4494,10028,6,46,0
4495,10029,1,59,0
4496,10029,2,66,0
4497,10029,3,70,1
4498,10029,4,44,0
4499,10029,5,55,0
4500,10029,6,41,0
4501,10030,1,55,0
4502,10030,2,85,0
4503,10030,3,122,2
4504,10030,4,58,0
4505,10030,5,75,0
4506,10030,6,99,0
4507,10031,1,75,0
4508,10031,2,95,0
4509,10031,3,122,2
4510,10031,4,58,0
4511,10031,5,75,0
4512,10031,6,69,0
4513,10032,1,85,0
4514,10032,2,100,0
4515,10032,3,122,2
4516,10032,4,58,0
4517,10032,5,75,0
4518,10032,6,54,0
4519,10033,1,80,0
4520,10033,2,100,0
4521,10033,3,123,0
4522,10033,4,122,2
4523,10033,5,120,1
4524,10033,6,80,0
4525,10034,1,78,0
4526,10034,2,130,0
4527,10034,3,111,0
4528,10034,4,130,3
4529,10034,5,85,0
4530,10034,6,100,0
4531,10035,1,78,0
4532,10035,2,104,0
4533,10035,3,78,0
4534,10035,4,159,3
4535,10035,5,115,0
4536,10035,6,100,0
4537,10036,1,79,0
4538,10036,2,103,0
4539,10036,3,120,0
4540,10036,4,135,0
4541,10036,5,115,3
4542,10036,6,78,0
4543,10037,1,55,0
4544,10037,2,50,0
4545,10037,3,65,0
4546,10037,4,175,3
4547,10037,5,95,0
4548,10037,6,150,0
4549,10038,1,60,0
4550,10038,2,65,0
4551,10038,3,80,0
4552,10038,4,170,3
4553,10038,5,95,0
4554,10038,6,130,0
4555,10039,1,105,2
4556,10039,2,125,0
4557,10039,3,100,0
4558,10039,4,60,0
4559,10039,5,100,0
4560,10039,6,100,0
4561,10040,1,65,0
4562,10040,2,155,2
4563,10040,3,120,0
4564,10040,4,65,0
4565,10040,5,90,0
4566,10040,6,105,0
4567,10041,1,95,0
4568,10041,2,155,2
4569,10041,3,109,0
4570,10041,4,70,0
4571,10041,5,130,0
4572,10041,6,81,0
4573,10042,1,80,0
4574,10042,2,135,0
4575,10042,3,85,0
4576,10042,4,70,0
4577,10042,5,95,0
4578,10042,6,150,2
4579,10043,1,106,0
4580,10043,2,190,0
4581,10043,3,100,0
4582,10043,4,154,3
4583,10043,5,100,0
4584,10043,6,130,0
4585,10044,1,106,0
4586,10044,2,150,0
4587,10044,3,70,0
4588,10044,4,194,3
4589,10044,5,120,0
4590,10044,6,140,0
4591,10045,1,90,0
4592,10045,2,95,0
4593,10045,3,105,0
4594,10045,4,165,3
4595,10045,5,110,0
4596,10045,6,45,0
4597,10046,1,70,0
4598,10046,2,150,2
4599,10046,3,140,0
4600,10046,4,65,0
4601,10046,5,100,0
4602,10046,6,75,0
4603,10047,1,80,0
4604,10047,2,185,2
4605,10047,3,115,0
4606,10047,4,40,0
4607,10047,5,105,0
4608,10047,6,75,0
4609,10048,1,75,0
4610,10048,2,90,0
4611,10048,3,90,0
4612,10048,4,140,2
4613,10048,5,90,0
4614,10048,6,115,0
4615,10049,1,100,0
4616,10049,2,164,3
4617,10049,3,150,0
4618,10049,4,95,0
4619,10049,5,120,0
4620,10049,6,71,0
4621,10050,1,80,0
4622,10050,2,160,3
4623,10050,3,80,0
4624,10050,4,130,0
4625,10050,5,80,0
4626,10050,6,100,0
4627,10051,1,68,0
4628,10051,2,85,0
4629,10051,3,65,0
4630,10051,4,165,3
4631,10051,5,135,0
4632,10051,6,100,0
4633,10052,1,50,0
4634,10052,2,105,1
4635,10052,3,125,1
4636,10052,4,55,0
4637,10052,5,95,0
4638,10052,6,50,0
4639,10053,1,70,0
4640,10053,2,140,0
4641,10053,3,230,3
4642,10053,4,60,0
4643,10053,5,80,0
4644,10053,6,50,0
4645,10054,1,60,0
4646,10054,2,100,0
4647,10054,3,85,0
4648,10054,4,80,0
4649,10054,5,85,0
4650,10054,6,100,2
4651,10055,1,70,0
4652,10055,2,75,0
4653,10055,3,80,0
4654,10055,4,135,0
4655,10055,5,80,0
4656,10055,6,135,2
4657,10056,1,64,0
4658,10056,2,165,2
4659,10056,3,75,0
4660,10056,4,93,0
4661,10056,5,83,0
4662,10056,6,75,0
4663,10057,1,65,0
4664,10057,2,150,2
4665,10057,3,60,0
4666,10057,4,115,0
4667,10057,5,60,0
4668,10057,6,115,0
4669,10058,1,108,0
4670,10058,2,170,3
4671,10058,3,115,0
4672,10058,4,120,0
4673,10058,5,95,0
4674,10058,6,92,0
4675,10059,1,70,0
4676,10059,2,145,1
4677,10059,3,88,0
4678,10059,4,140,1
4679,10059,5,70,0
4680,10059,6,112,0
4681,10060,1,90,0
4682,10060,2,132,1
4683,10060,3,105,0
4684,10060,4,132,1
4685,10060,5,105,0
4686,10060,6,30,0
4687,10061,1,74,0
4688,10061,2,65,0
4689,10061,3,67,0
4690,10061,4,125,0
4691,10061,5,128,2
4692,10061,6,92,0
4693,10062,1,80,0
4694,10062,2,100,0
4695,10062,3,120,0
4696,10062,4,140,0
4697,10062,5,150,3
4698,10062,6,110,0
4699,10063,1,80,0
4700,10063,2,130,0
4701,10063,3,100,0
4702,10063,4,160,3
4703,10063,5,120,0
4704,10063,6,110,0
4705,10064,1,100,0
4706,10064,2,150,3
4707,10064,3,110,0
4708,10064,4,95,0
4709,10064,5,110,0
4710,10064,6,70,0
4711,10065,1,70,0
4712,10065,2,110,0
4713,10065,3,75,0
4714,10065,4,145,0
4715,10065,5,85,0
4716,10065,6,145,3
4717,10066,1,50,0
4718,10066,2,85,1
4719,10066,3,125,1
4720,10066,4,85,0
4721,10066,5,115,0
4722,10066,6,20,0
4723,10067,1,75,0
4724,10067,2,110,0
4725,10067,3,110,0
4726,10067,4,110,0
4727,10067,5,105,2
4728,10067,6,80,0
4729,10068,1,68,0
4730,10068,2,165,3
4731,10068,3,95,0
4732,10068,4,65,0
4733,10068,5,115,0
4734,10068,6,110,0
4735,10069,1,103,2
4736,10069,2,60,0
4737,10069,3,126,0
4738,10069,4,80,0
4739,10069,5,126,0
4740,10069,6,50,0
4741,10070,1,70,0
4742,10070,2,140,2
4743,10070,3,70,0
4744,10070,4,110,0
4745,10070,5,65,0
4746,10070,6,105,0
4747,10071,1,95,0
4748,10071,2,75,0
4749,10071,3,180,2
4750,10071,4,130,0
4751,10071,5,80,0
4752,10071,6,30,0
4753,10072,1,75,0
4754,10072,2,125,0
4755,10072,3,230,2
4756,10072,4,55,0
4757,10072,5,95,0
4758,10072,6,30,0
4759,10073,1,83,0
4760,10073,2,80,0
4761,10073,3,80,0
4762,10073,4,135,0
4763,10073,5,80,0
4764,10073,6,121,3
4765,10074,1,80,2
4766,10074,2,120,0
4767,10074,3,80,0
4768,10074,4,120,0
4769,10074,5,80,0
4770,10074,6,100,0
4771,10075,1,50,0
4772,10075,2,160,0
4773,10075,3,110,1
4774,10075,4,160,0
4775,10075,5,110,2
4776,10075,6,110,0
4777,10076,1,80,0
4778,10076,2,145,0
4779,10076,3,150,3
4780,10076,4,105,0
4781,10076,5,110,0
4782,10076,6,110,0
4783,10077,1,100,0
4784,10077,2,150,0
4785,10077,3,90,0
4786,10077,4,180,3
4787,10077,5,160,0
4788,10077,6,90,0
4789,10078,1,100,0
4790,10078,2,180,3
4791,10078,3,160,0
4792,10078,4,150,0
4793,10078,5,90,0
4794,10078,6,90,0
4795,10079,1,105,0
4796,10079,2,180,2
4797,10079,3,100,0
4798,10079,4,180,1
4799,10079,5,100,0
4800,10079,6,115,0
4801,10080,1,35,0
4802,10080,2,55,0
4803,10080,3,40,0
4804,10080,4,50,0
4805,10080,5,50,0
4806,10080,6,90,2
4807,10081,1,35,0
4808,10081,2,55,0
4809,10081,3,40,0
4810,10081,4,50,0
4811,10081,5,50,0
4812,10081,6,90,2
4813,10082,1,35,0
4814,10082,2,55,0
4815,10082,3,40,0
4816,10082,4,50,0
4817,10082,5,50,0
4818,10082,6,90,2
4819,10083,1,35,0
4820,10083,2,55,0
4821,10083,3,40,0
4822,10083,4,50,0
4823,10083,5,50,0
4824,10083,6,90,2
4825,10084,1,35,0
4826,10084,2,55,0
4827,10084,3,40,0
4828,10084,4,50,0
4829,10084,5,50,0
4830,10084,6,90,2
4831,10085,1,35,0
4832,10085,2,55,0
4833,10085,3,40,0
4834,10085,4,50,0
4835,10085,5,50,0
4836,10085,6,90,2
4837,10086,1,80,0
4838,10086,2,160,0
4839,10086,3,60,0
4840,10086,4,170,3
4841,10086,5,130,0
4842,10086,6,80,0
4843,10087,1,70,0
4844,10087,2,120,1
4845,10087,3,100,0
4846,10087,4,145,1
4847,10087,5,105,0
4848,10087,6,20,0
4849,10088,1,65,0
4850,10088,2,136,0
4851,10088,3,94,0
4852,10088,4,54,0
4853,10088,5,96,0
4854,10088,6,135,2
4855,10089,1,95,0
4856,10089,2,145,3
4857,10089,3,130,0
4858,10089,4,120,0
4859,10089,5,90,0
4860,10089,6,120,0
4861,10090,1,65,0
4862,10090,2,150,2
4863,10090,3,40,0
4864,10090,4,15,0
4865,10090,5,80,1
4866,10090,6,145,0
