id,pokemon_form_id,pokeathlon_stat_id,minimum_stat,base_stat,maximum_stat
1,1,1,2,2,3
2,1,2,2,2,3
3,1,3,1,3,4
4,1,4,1,3,4
5,1,5,3,3,3
6,2,1,2,2,2
7,2,2,1,2,3
8,2,3,2,4,5
9,2,4,2,4,5
10,2,5,3,3,3
11,3,1,1,1,2
12,3,2,1,4,5
13,3,3,1,3,3
14,3,4,1,5,5
15,3,5,2,2,2
16,4,1,3,3,3
17,4,2,1,1,5
18,4,3,1,3,4
19,4,4,1,1,3
20,4,5,2,3,3
21,5,1,3,3,3
22,5,2,2,2,4
23,5,3,1,3,4
24,5,4,1,2,2
25,5,5,2,3,3
26,6,1,2,3,3
27,6,2,1,3,3
28,6,3,1,2,2
29,6,4,3,4,5
30,6,5,4,5,5
31,7,1,1,3,3
32,7,2,1,1,3
33,7,3,2,3,4
34,7,4,2,4,4
35,7,5,2,2,2
36,8,1,1,2,4
37,8,2,2,2,3
38,8,3,3,4,5
39,8,4,1,3,4
40,8,5,2,3,3
41,9,1,3,3,3
42,9,2,2,4,5
43,9,3,1,2,3
44,9,4,3,4,5
45,9,5,2,2,3
46,10,1,1,2,3
47,10,2,1,1,3
48,10,3,1,4,4
49,10,4,1,2,3
50,10,5,2,2,2
51,11,1,1,1,3
52,11,2,1,1,3
53,11,3,1,1,1
54,11,4,3,4,5
55,11,5,2,2,3
56,12,1,1,2,4
57,12,2,1,2,3
58,12,3,1,2,3
59,12,4,1,2,3
60,12,5,4,5,5
61,13,1,1,1,3
62,13,2,1,2,4
63,13,3,1,3,4
64,13,4,1,1,3
65,13,5,2,2,2
66,14,1,1,1,3
67,14,2,1,1,3
68,14,3,1,1,1
69,14,4,3,4,5
70,14,5,2,2,3
71,15,1,2,3,4
72,15,2,1,1,4
73,15,3,2,3,4
74,15,4,1,2,2
75,15,5,4,5,5
76,16,1,2,3,5
77,16,2,1,2,3
78,16,3,1,3,4
79,16,4,1,2,3
80,16,5,3,3,5
81,17,1,1,3,4
82,17,2,1,2,3
83,17,3,1,2,3
84,17,4,2,2,4
85,17,5,4,5,5
86,18,1,1,3,4
87,18,2,2,3,5
88,18,3,1,2,3
89,18,4,2,3,4
90,18,5,4,5,5
91,19,1,3,5,5
92,19,2,1,1,3
93,19,3,1,3,3
94,19,4,1,1,3
95,19,5,2,2,3
96,20,1,2,4,5
97,20,2,2,3,4
98,20,3,1,3,3
99,20,4,1,2,3
100,20,5,2,3,3
101,21,1,2,3,5
102,21,2,1,2,4
103,21,3,1,1,3
104,21,4,1,1,3
105,21,5,3,3,5
106,22,1,2,4,4
107,22,2,3,4,5
108,22,3,1,1,3
109,22,4,1,2,3
110,22,5,4,5,5
111,23,1,2,3,5
112,23,2,1,3,4
113,23,3,1,3,3
114,23,4,1,2,3
115,23,5,2,2,3
116,24,1,1,3,4
117,24,2,3,4,5
118,24,3,1,3,3
119,24,4,1,2,4
120,24,5,2,2,3
121,25,1,1,3,4
122,25,2,1,3,4
123,25,3,2,3,4
124,25,4,1,3,4
125,25,5,2,3,4
126,26,1,1,2,3
127,26,2,2,4,5
128,26,3,1,4,5
129,26,4,1,4,5
130,26,5,2,2,3
131,27,1,1,3,4
132,27,2,1,3,3
133,27,3,2,3,5
134,27,4,1,2,3
135,27,5,2,2,3
136,28,1,1,2,3
137,28,2,2,3,4
138,28,3,3,4,5
139,28,4,1,3,3
140,28,5,2,2,2
141,29,1,2,4,5
142,29,2,1,2,3
143,29,3,1,2,3
144,29,4,1,3,3
145,29,5,2,2,3
146,30,1,1,3,4
147,30,2,2,3,4
148,30,3,1,2,3
149,30,4,2,3,4
150,30,5,2,2,3
151,31,1,1,2,3
152,31,2,2,4,5
153,31,3,1,3,3
154,31,4,3,5,5
155,31,5,2,2,2
156,32,1,2,4,5
157,32,2,1,2,4
158,32,3,1,2,3
159,32,4,1,1,2
160,32,5,2,2,3
161,33,1,1,3,4
162,33,2,2,3,4
163,33,3,1,2,3
164,33,4,1,2,3
165,33,5,2,2,3
166,34,1,1,2,3
167,34,2,3,5,5
168,34,3,1,3,3
169,34,4,1,3,4
170,34,5,2,2,2
171,35,1,1,4,5
172,35,2,1,1,3
173,35,3,2,3,5
174,35,4,1,2,4
175,35,5,2,2,3
176,36,1,1,3,3
177,36,2,1,3,3
178,36,3,3,4,5
179,36,4,2,3,5
180,36,5,2,2,3
181,37,1,2,4,5
182,37,2,1,2,3
183,37,3,2,3,4
184,37,4,1,2,3
185,37,5,2,3,3
186,38,1,2,3,4
187,38,2,1,2,3
188,38,3,2,4,5
189,38,4,1,2,3
190,38,5,2,3,3
191,39,1,2,3,5
192,39,2,1,2,3
193,39,3,2,2,4
194,39,4,1,3,5
195,39,5,2,3,3
196,40,1,1,2,3
197,40,2,1,3,4
198,40,3,2,3,4
199,40,4,3,4,5
200,40,5,2,2,3
201,41,1,4,4,5
202,41,2,1,1,3
203,41,3,1,1,4
204,41,4,1,1,3
205,41,5,5,5,5
206,42,1,3,4,5
207,42,2,1,2,3
208,42,3,1,1,3
209,42,4,2,3,4
210,42,5,3,5,5
211,43,1,1,3,5
212,43,2,1,1,3
213,43,3,1,2,3
214,43,4,1,4,4
215,43,5,2,3,3
216,44,1,1,2,4
217,44,2,1,1,3
218,44,3,1,2,4
219,44,4,2,4,5
220,44,5,2,3,3
221,45,1,1,2,2
222,45,2,1,3,3
223,45,3,1,3,3
224,45,4,2,5,5
225,45,5,2,2,3
226,46,1,1,2,5
227,46,2,1,1,3
228,46,3,1,3,4
229,46,4,1,3,3
230,46,5,2,2,3
231,47,1,1,1,3
232,47,2,2,2,4
233,47,3,1,3,4
234,47,4,2,5,5
235,47,5,2,2,3
236,48,1,2,4,5
237,48,2,1,2,3
238,48,3,1,2,3
239,48,4,1,3,4
240,48,5,2,2,3
241,49,1,1,3,3
242,49,2,1,2,4
243,49,3,1,3,3
244,49,4,1,1,3
245,49,5,4,5,5
246,50,1,3,4,5
247,50,2,1,1,2
248,50,3,1,3,4
249,50,4,1,3,4
250,50,5,1,1,1
251,51,1,3,4,5
252,51,2,3,3,4
253,51,3,1,2,3
254,51,4,3,4,4
255,51,5,1,1,1
256,52,1,2,4,4
257,52,2,1,1,2
258,52,3,1,4,4
259,52,4,1,1,1
260,52,5,2,3,4
261,53,1,2,4,5
262,53,2,1,2,3
263,53,3,1,3,5
264,53,4,1,1,1
265,53,5,3,4,4
266,54,1,1,2,5
267,54,2,1,2,5
268,54,3,1,2,5
269,54,4,1,2,5
270,54,5,2,2,4
271,55,1,2,3,3
272,55,2,2,3,4
273,55,3,2,2,3
274,55,4,3,4,4
275,55,5,3,3,4
276,56,1,2,3,4
277,56,2,1,2,3
278,56,3,2,4,5
279,56,4,1,1,2
280,56,5,2,2,3
281,57,1,1,3,3
282,57,2,3,4,5
283,57,3,1,1,1
284,57,4,1,2,3
285,57,5,2,2,3
286,58,1,2,3,4
287,58,2,1,2,4
288,58,3,2,3,4
289,58,4,1,2,3
290,58,5,2,3,4
291,59,1,3,4,5
292,59,2,3,4,5
293,59,3,1,1,2
294,59,4,1,2,3
295,59,5,2,2,3
296,60,1,1,3,4
297,60,2,1,1,2
298,60,3,1,2,3
299,60,4,2,3,5
300,60,5,2,2,4
301,61,1,2,2,3
302,61,2,1,2,3
303,61,3,2,3,4
304,61,4,3,3,4
305,61,5,2,3,4
306,62,1,1,1,2
307,62,2,3,5,5
308,62,3,1,3,4
309,62,4,1,4,5
310,62,5,2,2,2
311,63,1,1,1,5
312,63,2,1,1,1
313,63,3,1,4,5
314,63,4,1,1,4
315,63,5,2,3,5
316,64,1,2,3,4
317,64,2,1,1,3
318,64,3,3,4,5
319,64,4,2,2,3
320,64,5,2,2,3
321,65,1,1,3,4
322,65,2,1,1,1
323,65,3,5,5,5
324,65,4,1,1,1
325,65,5,2,2,2
326,66,1,2,3,4
327,66,2,2,3,4
328,66,3,1,1,3
329,66,4,1,2,3
330,66,5,2,2,2
331,67,1,2,2,2
332,67,2,2,4,4
333,67,3,2,2,3
334,67,4,3,3,4
335,67,5,2,2,2
336,68,1,1,1,2
337,68,2,3,5,5
338,68,3,1,4,4
339,68,4,1,3,3
340,68,5,2,2,2
341,69,1,1,1,2
342,69,2,1,1,2
343,69,3,1,2,2
344,69,4,1,3,5
345,69,5,2,2,3
346,70,1,1,1,2
347,70,2,2,3,3
348,70,3,1,2,2
349,70,4,2,4,4
350,70,5,2,3,3
351,71,1,1,1,1
352,71,2,2,4,4
353,71,3,1,3,4
354,71,4,2,4,4
355,71,5,2,3,3
356,72,1,1,2,3
357,72,2,1,2,3
358,72,3,1,3,5
359,72,4,2,3,4
360,72,5,2,2,3
361,73,1,1,1,2
362,73,2,1,3,3
363,73,3,2,4,4
364,73,4,2,3,4
365,73,5,2,2,3
366,74,1,1,1,2
367,74,2,2,3,3
368,74,3,1,1,2
369,74,4,2,3,4
370,74,5,2,2,2
371,75,1,1,1,2
372,75,2,2,4,4
373,75,3,1,2,2
374,75,4,3,3,4
375,75,5,2,2,2
376,76,1,1,2,2
377,76,2,3,4,4
378,76,3,1,1,2
379,76,4,2,4,4
380,76,5,2,2,2
381,77,1,2,3,5
382,77,2,1,2,2
383,77,3,1,2,2
384,77,4,2,3,3
385,77,5,4,4,4
386,78,1,3,5,5
387,78,2,1,2,3
388,78,3,1,2,2
389,78,4,1,3,4
390,78,5,3,3,4
391,79,1,1,1,1
392,79,2,1,2,2
393,79,3,1,2,5
394,79,4,2,4,5
395,79,5,2,2,2
396,80,1,1,1,1
397,80,2,1,3,3
398,80,3,1,2,5
399,80,4,3,5,5
400,80,5,2,2,3
401,81,1,2,4,4
402,81,2,1,1,2
403,81,3,1,3,4
404,81,4,1,1,2
405,81,5,2,3,4
406,82,1,1,3,3
407,82,2,1,2,3
408,82,3,3,4,4
409,82,4,1,3,4
410,82,5,2,3,4
411,83,1,1,2,3
412,83,2,1,2,4
413,83,3,1,2,3
414,83,4,2,3,3
415,83,5,2,3,4
416,84,1,2,4,5
417,84,2,1,2,3
418,84,3,1,2,3
419,84,4,2,2,4
420,84,5,2,2,3
421,85,1,3,4,5
422,85,2,3,4,4
423,85,3,1,2,2
424,85,4,1,2,2
425,85,5,2,3,3
426,86,1,1,2,3
427,86,2,1,2,3
428,86,3,1,2,2
429,86,4,2,3,4
430,86,5,2,2,3
431,87,1,1,2,2
432,87,2,1,3,3
433,87,3,1,2,2
434,87,4,3,4,5
435,87,5,2,2,2
436,88,1,1,1,1
437,88,2,1,3,4
438,88,3,1,2,2
439,88,4,2,4,5
440,88,5,2,2,2
441,89,1,1,1,5
442,89,2,1,4,4
443,89,3,1,1,5
444,89,4,1,5,5
445,89,5,2,2,5
446,90,1,1,2,3
447,90,2,1,3,3
448,90,3,1,2,2
449,90,4,2,3,4
450,90,5,2,2,2
451,91,1,1,1,2
452,91,2,2,4,5
453,91,3,1,1,1
454,91,4,2,4,4
455,91,5,2,2,2
456,92,1,2,4,4
457,92,2,1,1,1
458,92,3,2,4,4
459,92,4,1,1,2
460,92,5,2,3,4
461,93,1,2,3,4
462,93,2,1,1,1
463,93,3,2,4,5
464,93,4,2,3,4
465,93,5,2,3,4
466,94,1,2,2,3
467,94,2,1,2,3
468,94,3,4,5,5
469,94,4,2,4,4
470,94,5,2,2,3
471,95,1,2,3,4
472,95,2,1,2,2
473,95,3,1,1,2
474,95,4,2,4,4
475,95,5,2,2,3
476,96,1,1,1,2
477,96,2,2,3,4
478,96,3,1,2,3
479,96,4,2,4,5
480,96,5,2,2,3
481,97,1,1,2,3
482,97,2,1,2,3
483,97,3,2,4,5
484,97,4,1,3,3
485,97,5,2,3,3
486,98,1,1,2,3
487,98,2,1,4,4
488,98,3,1,1,3
489,98,4,1,3,4
490,98,5,2,2,3
491,99,1,1,1,2
492,99,2,3,4,5
493,99,3,1,2,3
494,99,4,3,4,5
495,99,5,2,2,2
496,100,1,3,5,5
497,100,2,1,1,2
498,100,3,1,3,3
499,100,4,1,1,2
500,100,5,3,4,5
501,101,1,5,5,5
502,101,2,1,2,3
503,101,3,1,2,3
504,101,4,1,3,4
505,101,5,2,2,4
506,102,1,1,3,3
507,102,2,1,2,3
508,102,3,1,2,3
509,102,4,3,4,4
510,102,5,2,2,3
511,103,1,1,2,3
512,103,2,1,3,4
513,103,3,2,3,3
514,103,4,3,4,4
515,103,5,2,2,3
516,104,1,2,4,4
517,104,2,1,2,5
518,104,3,1,3,3
519,104,4,1,2,3
520,104,5,2,3,3
521,105,1,1,2,3
522,105,2,1,4,5
523,105,3,1,3,3
524,105,4,2,4,4
525,105,5,2,2,2
526,106,1,1,3,3
527,106,2,2,4,4
528,106,3,1,2,3
529,106,4,1,2,3
530,106,5,2,4,4
531,107,1,1,3,3
532,107,2,1,3,4
533,107,3,1,3,5
534,107,4,2,4,4
535,107,5,2,2,3
536,108,1,1,2,3
537,108,2,1,3,4
538,108,3,1,2,3
539,108,4,3,4,5
540,108,5,2,2,3
541,109,1,1,2,3
542,109,2,1,2,3
543,109,3,1,3,3
544,109,4,2,4,4
545,109,5,2,2,3
546,110,1,1,2,2
547,110,2,1,3,4
548,110,3,1,2,3
549,110,4,2,4,4
550,110,5,2,2,3
551,111,1,1,2,5
552,111,2,1,3,5
553,111,3,1,1,2
554,111,4,1,3,4
555,111,5,2,2,2
556,112,1,1,2,2
557,112,2,2,4,5
558,112,3,1,2,3
559,112,4,2,4,5
560,112,5,2,2,3
561,113,1,1,2,3
562,113,2,1,1,4
563,113,3,1,1,4
564,113,4,3,5,5
565,113,5,2,3,3
566,114,1,1,2,3
567,114,2,1,2,4
568,114,3,1,4,4
569,114,4,1,3,4
570,114,5,2,2,3
571,115,1,1,2,4
572,115,2,1,3,5
573,115,3,1,2,4
574,115,4,1,3,5
575,115,5,2,2,2
576,116,1,2,3,4
577,116,2,1,1,3
578,116,3,2,3,3
579,116,4,1,2,3
580,116,5,2,3,3
581,117,1,1,2,3
582,117,2,1,2,3
583,117,3,3,4,4
584,117,4,2,3,4
585,117,5,2,2,3
586,118,1,2,3,4
587,118,2,1,2,4
588,118,3,1,2,3
589,118,4,1,1,2
590,118,5,2,3,3
591,119,1,2,2,4
592,119,2,2,3,4
593,119,3,1,2,3
594,119,4,1,3,3
595,119,5,2,2,3
596,120,1,3,4,5
597,120,2,1,1,3
598,120,3,1,3,3
599,120,4,1,2,3
600,120,5,2,3,3
601,121,1,2,4,5
602,121,2,1,2,5
603,121,3,1,3,3
604,121,4,1,2,3
605,121,5,2,4,4
606,122,1,1,2,3
607,122,2,1,2,3
608,122,3,2,4,5
609,122,4,2,3,4
610,122,5,2,3,3
611,123,1,1,3,4
612,123,2,1,3,4
613,123,3,1,3,5
614,123,4,1,2,2
615,123,5,4,4,5
616,124,1,1,2,3
617,124,2,1,2,3
618,124,3,2,4,5
619,124,4,2,3,4
620,124,5,2,2,3
621,125,1,1,3,4
622,125,2,1,3,4
623,125,3,2,3,4
624,125,4,2,3,4
625,125,5,2,3,3
626,126,1,1,2,2
627,126,2,1,2,3
628,126,3,2,4,5
629,126,4,2,4,5
630,126,5,2,2,3
631,127,1,1,2,2
632,127,2,3,4,5
633,127,3,1,3,4
634,127,4,1,4,5
635,127,5,2,2,3
636,128,1,1,3,4
637,128,2,1,4,5
638,128,3,1,2,2
639,128,4,1,2,5
640,128,5,2,2,2
641,129,1,1,1,5
642,129,2,1,1,4
643,129,3,1,1,3
644,129,4,1,1,5
645,129,5,2,2,4
646,130,1,1,2,3
647,130,2,3,5,5
648,130,3,1,1,2
649,130,4,2,3,4
650,130,5,3,4,5
651,131,1,1,2,3
652,131,2,3,3,4
653,131,3,2,3,4
654,131,4,4,4,5
655,131,5,2,3,3
656,132,1,1,2,5
657,132,2,1,2,5
658,132,3,1,2,5
659,132,4,1,2,5
660,132,5,2,2,5
661,133,1,1,2,4
662,133,2,1,2,4
663,133,3,1,2,4
664,133,4,1,2,4
665,133,5,2,2,3
666,134,1,1,2,3
667,134,2,1,1,3
668,134,3,3,4,5
669,134,4,3,3,5
670,134,5,2,3,3
671,135,1,2,4,5
672,135,2,1,2,3
673,135,3,1,4,5
674,135,4,1,2,2
675,135,5,2,3,3
676,136,1,1,3,4
677,136,2,3,4,5
678,136,3,1,2,3
679,136,4,1,2,3
680,136,5,2,3,3
681,137,1,1,2,3
682,137,2,1,2,3
683,137,3,1,2,3
684,137,4,2,5,5
685,137,5,2,2,3
686,138,1,1,2,3
687,138,2,1,2,3
688,138,3,1,3,4
689,138,4,1,3,4
690,138,5,2,2,3
691,139,1,1,2,3
692,139,2,2,3,4
693,139,3,1,4,4
694,139,4,1,2,3
695,139,5,2,2,2
696,140,1,1,3,4
697,140,2,1,2,4
698,140,3,1,2,3
699,140,4,1,2,3
700,140,5,2,2,3
701,141,1,1,3,5
702,141,2,1,4,5
703,141,3,1,2,3
704,141,4,1,1,3
705,141,5,2,2,3
706,142,1,1,5,5
707,142,2,1,2,3
708,142,3,1,2,2
709,142,4,1,2,3
710,142,5,4,5,5
711,143,1,1,1,2
712,143,2,2,4,5
713,143,3,1,1,3
714,143,4,3,5,5
715,143,5,2,2,2
716,144,1,1,3,4
717,144,2,1,3,4
718,144,3,1,5,5
719,144,4,1,3,3
720,144,5,4,5,5
721,145,1,1,5,5
722,145,2,1,3,5
723,145,3,1,4,5
724,145,4,1,2,3
725,145,5,4,5,5
726,146,1,1,3,4
727,146,2,1,3,5
728,146,3,1,4,5
729,146,4,1,4,5
730,146,5,4,5,5
731,147,1,1,4,5
732,147,2,1,2,3
733,147,3,1,2,3
734,147,4,2,3,4
735,147,5,2,2,3
736,148,1,1,3,4
737,148,2,1,2,3
738,148,3,1,3,4
739,148,4,1,3,3
740,148,5,2,4,5
741,149,1,1,2,5
742,149,2,1,5,5
743,149,3,1,2,3
744,149,4,1,3,4
745,149,5,2,5,5
746,150,1,1,5,5
747,150,2,1,3,5
748,150,3,1,5,5
749,150,4,1,3,4
750,150,5,2,3,4
751,151,1,1,4,5
752,151,2,1,2,5
753,151,3,1,5,5
754,151,4,1,4,5
755,151,5,2,3,5
756,152,1,1,3,4
757,152,2,1,2,3
758,152,3,1,2,4
759,152,4,2,4,5
760,152,5,2,3,3
761,153,1,1,2,3
762,153,2,1,2,3
763,153,3,1,4,5
764,153,4,2,4,5
765,153,5,2,2,3
766,154,1,1,2,2
767,154,2,1,3,5
768,154,3,1,5,5
769,154,4,2,5,5
770,154,5,2,2,2
771,155,1,2,4,5
772,155,2,1,2,4
773,155,3,1,3,3
774,155,4,1,1,3
775,155,5,2,3,3
776,156,1,2,4,5
777,156,2,1,3,4
778,156,3,1,2,3
779,156,4,1,3,4
780,156,5,2,2,3
781,157,1,1,2,4
782,157,2,1,5,5
783,157,3,1,2,3
784,157,4,1,4,5
785,157,5,2,2,3
786,158,1,1,3,4
787,158,2,2,4,5
788,158,3,1,2,3
789,158,4,1,2,3
790,158,5,2,3,3
791,159,1,1,2,3
792,159,2,2,4,5
793,159,3,1,2,3
794,159,4,1,4,5
795,159,5,2,3,3
796,160,1,1,4,4
797,160,2,2,4,5
798,160,3,1,3,4
799,160,4,1,3,4
800,160,5,2,2,2
801,161,1,2,4,5
802,161,2,1,2,3
803,161,3,1,2,4
804,161,4,1,2,4
805,161,5,2,3,4
806,162,1,3,5,5
807,162,2,1,2,3
808,162,3,1,2,3
809,162,4,1,2,3
810,162,5,2,3,3
811,163,1,1,2,3
812,163,2,1,2,3
813,163,3,1,3,5
814,163,4,1,2,3
815,163,5,2,4,4
816,164,1,1,3,3
817,164,2,1,2,3
818,164,3,1,2,3
819,164,4,1,3,4
820,164,5,4,4,5
821,165,1,2,4,5
822,165,2,1,1,2
823,165,3,1,3,5
824,165,4,1,1,3
825,165,5,3,4,5
826,166,1,2,4,5
827,166,2,1,1,2
828,166,3,1,3,5
829,166,4,1,2,3
830,166,5,3,5,5
831,167,1,1,3,4
832,167,2,1,2,3
833,167,3,1,4,4
834,167,4,1,1,4
835,167,5,2,2,3
836,168,1,1,4,4
837,168,2,1,3,3
838,168,3,1,3,4
839,168,4,1,2,4
840,168,5,2,2,3
841,169,1,3,5,5
842,169,2,1,1,3
843,169,3,1,3,3
844,169,4,1,2,2
845,169,5,5,5,5
846,170,1,1,3,4
847,170,2,1,2,3
848,170,3,1,3,5
849,170,4,1,2,4
850,170,5,2,2,3
851,171,1,1,3,3
852,171,2,1,2,3
853,171,3,1,3,3
854,171,4,2,4,4
855,171,5,2,3,4
856,172,1,3,4,4
857,172,2,1,1,3
858,172,3,1,4,5
859,172,4,1,1,3
860,172,5,2,3,3
861,173,1,2,4,5
862,173,2,1,1,2
863,173,3,1,3,4
864,173,4,1,3,3
865,173,5,2,2,3
866,174,1,1,3,4
867,174,2,1,1,3
868,174,3,1,2,3
869,174,4,2,3,4
870,174,5,2,3,4
871,175,1,1,4,5
872,175,2,1,1,3
873,175,3,1,2,3
874,175,4,1,4,5
875,175,5,2,3,4
876,176,1,1,3,4
877,176,2,1,2,5
878,176,3,1,3,3
879,176,4,1,4,5
880,176,5,3,4,5
881,177,1,2,3,4
882,177,2,1,2,3
883,177,3,1,2,2
884,177,4,1,3,4
885,177,5,2,3,4
886,178,1,1,2,3
887,178,2,1,3,3
888,178,3,1,3,3
889,178,4,1,4,4
890,178,5,2,3,4
891,179,1,1,2,3
892,179,2,1,3,3
893,179,3,1,2,3
894,179,4,2,4,4
895,179,5,2,2,2
896,180,1,1,2,3
897,180,2,1,3,3
898,180,3,1,3,3
899,180,4,2,4,4
900,180,5,2,3,3
901,181,1,1,1,3
902,181,2,2,3,4
903,181,3,1,3,4
904,181,4,2,4,5
905,181,5,2,3,3
906,182,1,1,3,4
907,182,2,1,2,3
908,182,3,3,4,5
909,182,4,1,3,3
910,182,5,2,3,4
911,183,1,1,3,4
912,183,2,2,4,5
913,183,3,1,2,3
914,183,4,1,2,3
915,183,5,2,3,3
916,184,1,1,2,3
917,184,2,3,5,5
918,184,3,1,3,3
919,184,4,1,3,4
920,184,5,2,2,2
921,185,1,1,2,2
922,185,2,2,3,4
923,185,3,1,3,4
924,185,4,4,4,5
925,185,5,2,2,3
926,186,1,1,3,3
927,186,2,1,3,4
928,186,3,1,3,4
929,186,4,1,3,4
930,186,5,2,4,4
931,187,1,1,3,5
932,187,2,1,1,2
933,187,3,1,1,1
934,187,4,1,1,1
935,187,5,4,5,5
936,188,1,1,4,5
937,188,2,1,2,3
938,188,3,1,1,1
939,188,4,1,2,2
940,188,5,4,5,5
941,189,1,1,4,5
942,189,2,1,1,3
943,189,3,1,2,2
944,189,4,1,2,2
945,189,5,4,5,5
946,190,1,1,4,4
947,190,2,1,2,3
948,190,3,1,4,4
949,190,4,1,2,3
950,190,5,2,3,4
951,191,1,1,3,5
952,191,2,1,1,5
953,191,3,1,1,5
954,191,4,1,1,5
955,191,5,2,2,5
956,192,1,1,2,2
957,192,2,2,3,5
958,192,3,1,3,3
959,192,4,2,4,5
960,192,5,2,2,3
961,193,1,1,3,5
962,193,2,1,2,2
963,193,3,1,1,1
964,193,4,1,2,3
965,193,5,5,5,5
966,194,1,1,3,3
967,194,2,1,2,3
968,194,3,1,2,3
969,194,4,1,4,4
970,194,5,2,2,3
971,195,1,1,1,2
972,195,2,1,3,4
973,195,3,1,3,4
974,195,4,3,5,5
975,195,5,2,2,2
976,196,1,1,3,3
977,196,2,1,2,3
978,196,3,1,4,5
979,196,4,1,2,2
980,196,5,2,3,4
981,197,1,1,2,3
982,197,2,1,4,4
983,197,3,1,2,2
984,197,4,1,4,5
985,197,5,2,3,3
986,198,1,1,3,4
987,198,2,1,2,3
988,198,3,1,3,4
989,198,4,1,3,4
990,198,5,3,4,4
991,199,1,1,2,3
992,199,2,1,2,3
993,199,3,5,5,5
994,199,4,1,2,3
995,199,5,2,2,3
996,200,1,1,3,4
997,200,2,1,1,2
998,200,3,1,3,3
999,200,4,1,2,2
1000,200,5,5,5,5
1001,201,1,1,2,4
1002,201,2,1,2,3
1003,201,3,1,2,4
1004,201,4,1,2,4
1005,201,5,2,2,5
1006,202,1,1,1,2
1007,202,2,1,3,4
1008,202,3,1,3,5
1009,202,4,3,5,5
1010,202,5,2,2,3
1011,203,1,1,3,4
1012,203,2,1,3,4
1013,203,3,1,3,4
1014,203,4,1,2,3
1015,203,5,2,2,3
1016,204,1,1,2,3
1017,204,2,1,2,5
1018,204,3,1,3,4
1019,204,4,1,3,5
1020,204,5,2,3,3
1021,205,1,1,1,2
1022,205,2,1,4,4
1023,205,3,1,3,4
1024,205,4,1,4,5
1025,205,5,2,2,3
1026,206,1,1,2,3
1027,206,2,1,3,4
1028,206,3,1,1,2
1029,206,4,1,3,4
1030,206,5,2,4,5
1031,207,1,1,3,4
1032,207,2,1,2,3
1033,207,3,1,3,3
1034,207,4,1,2,2
1035,207,5,4,5,5
1036,208,1,1,1,2
1037,208,2,3,5,5
1038,208,3,1,2,2
1039,208,4,3,5,5
1040,208,5,2,2,2
1041,209,1,1,3,3
1042,209,2,1,3,5
1043,209,3,1,4,4
1044,209,4,1,3,3
1045,209,5,2,2,3
1046,210,1,1,2,2
1047,210,2,1,4,5
1048,210,3,1,4,4
1049,210,4,1,3,3
1050,210,5,2,2,2
1051,211,1,1,3,3
1052,211,2,1,3,4
1053,211,3,1,2,3
1054,211,4,1,4,5
1055,211,5,2,2,3
1056,212,1,1,2,2
1057,212,2,3,4,5
1058,212,3,1,2,5
1059,212,4,2,4,5
1060,212,5,2,2,3
1061,213,1,1,1,2
1062,213,2,1,1,4
1063,213,3,1,1,2
1064,213,4,5,5,5
1065,213,5,2,2,2
1066,214,1,1,3,3
1067,214,2,1,4,5
1068,214,3,1,3,3
1069,214,4,1,2,3
1070,214,5,2,2,3
1071,215,1,4,5,5
1072,215,2,1,2,3
1073,215,3,2,4,5
1074,215,4,1,1,1
1075,215,5,2,3,4
1076,216,1,1,3,3
1077,216,2,1,3,3
1078,216,3,1,4,4
1079,216,4,2,4,5
1080,216,5,2,2,3
1081,217,1,1,2,3
1082,217,2,2,4,5
1083,217,3,1,2,3
1084,217,4,3,5,5
1085,217,5,2,2,2
1086,218,1,1,1,2
1087,218,2,1,2,3
1088,218,3,1,2,3
1089,218,4,2,4,4
1090,218,5,2,2,2
1091,219,1,1,1,1
1092,219,2,1,4,4
1093,219,3,1,2,2
1094,219,4,1,4,5
1095,219,5,2,2,2
1096,220,1,1,3,3
1097,220,2,1,2,4
1098,220,3,1,2,2
1099,220,4,2,3,4
1100,220,5,2,2,3
1101,221,1,1,2,2
1102,221,2,1,3,4
1103,221,3,1,1,2
1104,221,4,2,4,5
1105,221,5,2,2,2
1106,222,1,1,4,4
1107,222,2,1,2,3
1108,222,3,1,2,3
1109,222,4,1,3,3
1110,222,5,2,3,3
1111,223,1,1,3,3
1112,223,2,1,2,3
1113,223,3,2,4,5
1114,223,4,1,2,3
1115,223,5,2,3,3
1116,224,1,1,2,2
1117,224,2,1,4,4
1118,224,3,1,3,4
1119,224,4,1,4,5
1120,224,5,2,2,2
1121,225,1,1,3,3
1122,225,2,1,3,3
1123,225,3,1,3,4
1124,225,4,1,4,5
1125,225,5,2,3,3
1126,226,1,1,3,4
1127,226,2,1,3,4
1128,226,3,1,3,3
1129,226,4,2,4,5
1130,226,5,2,2,3
1131,227,1,1,4,5
1132,227,2,1,3,3
1133,227,3,1,1,2
1134,227,4,1,2,4
1135,227,5,3,5,5
1136,228,1,1,4,4
1137,228,2,1,2,3
1138,228,3,1,4,4
1139,228,4,1,3,3
1140,228,5,2,3,4
1141,229,1,1,4,4
1142,229,2,1,3,3
1143,229,3,1,2,2
1144,229,4,1,3,4
1145,229,5,2,3,4
1146,230,1,1,2,5
1147,230,2,1,4,4
1148,230,3,1,3,3
1149,230,4,1,4,5
1150,230,5,2,2,2
1151,231,1,1,3,3
1152,231,2,2,4,5
1153,231,3,1,3,3
1154,231,4,1,3,4
1155,231,5,2,2,3
1156,232,1,1,2,4
1157,232,2,4,5,5
1158,232,3,1,2,2
1159,232,4,1,4,4
1160,232,5,2,2,2
1161,233,1,1,3,4
1162,233,2,1,3,4
1163,233,3,1,4,4
1164,233,4,1,3,4
1165,233,5,2,3,4
1166,234,1,1,3,3
1167,234,2,1,4,4
1168,234,3,1,3,3
1169,234,4,1,3,4
1170,234,5,2,3,3
1171,235,1,1,3,3
1172,235,2,1,2,3
1173,235,3,4,5,5
1174,235,4,1,3,3
1175,235,5,2,3,3
1176,236,1,1,4,4
1177,236,2,1,2,4
1178,236,3,1,4,4
1179,236,4,1,2,2
1180,236,5,2,3,3
1181,237,1,1,3,3
1182,237,2,1,3,3
1183,237,3,1,5,5
1184,237,4,1,3,3
1185,237,5,2,3,3
1186,238,1,1,4,4
1187,238,2,1,1,2
1188,238,3,1,3,4
1189,238,4,1,1,3
1190,238,5,2,3,3
1191,239,1,1,4,4
1192,239,2,1,2,3
1193,239,3,1,3,3
1194,239,4,1,1,2
1195,239,5,2,3,3
1196,240,1,1,3,3
1197,240,2,1,3,3
1198,240,3,1,3,3
1199,240,4,1,2,3
1200,240,5,2,2,3
1201,241,1,1,2,3
1202,241,2,1,4,4
1203,241,3,1,3,4
1204,241,4,1,4,5
1205,241,5,2,2,3
1206,242,1,1,2,3
1207,242,2,1,2,3
1208,242,3,1,3,3
1209,242,4,5,5,5
1210,242,5,2,2,3
1211,243,1,4,5,5
1212,243,2,2,3,4
1213,243,3,1,4,4
1214,243,4,1,3,3
1215,243,5,2,3,3
1216,244,1,1,4,4
1217,244,2,4,5,5
1218,244,3,1,3,3
1219,244,4,1,4,4
1220,244,5,2,2,3
1221,245,1,2,4,5
1222,245,2,2,3,4
1223,245,3,1,4,5
1224,245,4,2,3,3
1225,245,5,2,4,4
1226,246,1,1,3,3
1227,246,2,1,2,4
1228,246,3,1,3,4
1229,246,4,1,3,3
1230,246,5,2,3,3
1231,247,1,1,3,4
1232,247,2,2,4,4
1233,247,3,1,1,1
1234,247,4,1,3,4
1235,247,5,2,2,4
1236,248,1,1,2,2
1237,248,2,4,5,5
1238,248,3,1,4,4
1239,248,4,3,4,5
1240,248,5,2,2,2
1241,249,1,1,4,4
1242,249,2,2,4,5
1243,249,3,1,3,4
1244,249,4,1,3,4
1245,249,5,5,5,5
1246,250,1,1,4,4
1247,250,2,1,3,4
1248,250,3,2,4,5
1249,250,4,1,3,4
1250,250,5,5,5,5
1251,251,1,3,5,5
1252,251,2,1,1,3
1253,251,3,1,5,5
1254,251,4,1,2,3
1255,251,5,5,5,5
1256,252,1,2,5,5
1257,252,2,1,2,3
1258,252,3,1,4,5
1259,252,4,1,2,2
1260,252,5,2,2,3
1261,253,1,3,4,5
1262,253,2,1,2,4
1263,253,3,1,4,5
1264,253,4,1,3,4
1265,253,5,2,4,4
1266,254,1,1,4,4
1267,254,2,1,4,5
1268,254,3,1,4,5
1269,254,4,1,2,4
1270,254,5,2,3,4
1271,255,1,2,4,5
1272,255,2,1,2,4
1273,255,3,1,2,4
1274,255,4,1,2,3
1275,255,5,2,2,4
1276,256,1,1,3,4
1277,256,2,1,4,5
1278,256,3,1,3,4
1279,256,4,1,3,3
1280,256,5,2,3,4
1281,257,1,1,2,2
1282,257,2,3,5,5
1283,257,3,1,3,5
1284,257,4,1,2,4
1285,257,5,2,4,4
1286,258,1,1,2,4
1287,258,2,1,3,4
1288,258,3,1,2,3
1289,258,4,1,4,5
1290,258,5,2,3,3
1291,259,1,1,2,3
1292,259,2,1,4,4
1293,259,3,1,3,4
1294,259,4,1,4,5
1295,259,5,2,3,3
1296,260,1,1,2,3
1297,260,2,2,4,5
1298,260,3,1,2,5
1299,260,4,1,5,5
1300,260,5,2,2,2
1301,261,1,1,3,4
1302,261,2,1,3,4
1303,261,3,1,2,4
1304,261,4,1,4,5
1305,261,5,2,2,3
1306,262,1,1,2,4
1307,262,2,1,4,5
1308,262,3,1,2,3
1309,262,4,3,5,5
1310,262,5,2,2,3
1311,263,1,1,4,4
1312,263,2,1,1,4
1313,263,3,1,3,5
1314,263,4,1,4,4
1315,263,5,2,2,3
1316,264,1,3,4,5
1317,264,2,1,2,4
1318,264,3,1,2,3
1319,264,4,1,4,4
1320,264,5,2,2,3
1321,265,1,1,1,3
1322,265,2,1,2,3
1323,265,3,1,4,5
1324,265,4,1,1,4
1325,265,5,2,2,3
1326,266,1,1,1,3
1327,266,2,1,1,3
1328,266,3,1,1,3
1329,266,4,1,3,5
1330,266,5,2,2,2
1331,267,1,1,3,3
1332,267,2,1,2,4
1333,267,3,1,3,3
1334,267,4,1,4,5
1335,267,5,4,5,5
1336,268,1,1,1,3
1337,268,2,1,2,3
1338,268,3,1,1,4
1339,268,4,1,2,4
1340,268,5,2,2,2
1341,269,1,1,2,4
1342,269,2,1,2,3
1343,269,3,3,4,5
1344,269,4,1,2,3
1345,269,5,4,5,5
1346,270,1,1,2,3
1347,270,2,1,2,4
1348,270,3,1,3,4
1349,270,4,1,3,5
1350,270,5,2,2,2
1351,271,1,1,3,3
1352,271,2,1,3,4
1353,271,3,1,4,5
1354,271,4,1,2,4
1355,271,5,2,2,3
1356,272,1,1,2,4
1357,272,2,1,3,4
1358,272,3,2,3,5
1359,272,4,1,3,5
1360,272,5,2,2,3
1361,273,1,1,3,4
1362,273,2,1,2,3
1363,273,3,1,2,4
1364,273,4,1,2,4
1365,273,5,2,2,3
1366,274,1,1,3,5
1367,274,2,1,3,4
1368,274,3,2,4,4
1369,274,4,1,2,2
1370,274,5,2,3,3
1371,275,1,1,3,4
1372,275,2,1,3,4
1373,275,3,1,3,4
1374,275,4,1,3,4
1375,275,5,2,3,4
1376,276,1,1,3,4
1377,276,2,1,2,4
1378,276,3,1,2,3
1379,276,4,2,4,4
1380,276,5,3,4,5
1381,277,1,1,3,3
1382,277,2,1,3,5
1383,277,3,1,1,2
1384,277,4,1,4,4
1385,277,5,4,5,5
1386,278,1,1,3,4
1387,278,2,1,1,3
1388,278,3,1,2,3
1389,278,4,1,3,4
1390,278,5,4,5,5
1391,279,1,1,2,3
1392,279,2,1,2,4
1393,279,3,1,2,2
1394,279,4,3,4,5
1395,279,5,5,5,5
1396,280,1,1,3,4
1397,280,2,1,1,1
1398,280,3,1,3,5
1399,280,4,1,1,4
1400,280,5,2,2,3
1401,281,1,1,2,3
1402,281,2,1,2,4
1403,281,3,3,4,5
1404,281,4,1,2,3
1405,281,5,2,3,3
1406,282,1,1,3,4
1407,282,2,1,1,3
1408,282,3,5,5,5
1409,282,4,1,2,2
1410,282,5,2,3,4
1411,283,1,2,3,5
1412,283,2,1,1,3
1413,283,3,1,2,3
1414,283,4,1,2,3
1415,283,5,2,2,3
1416,284,1,1,3,4
1417,284,2,1,1,3
1418,284,3,1,3,3
1419,284,4,1,4,4
1420,284,5,5,5,5
1421,285,1,1,2,3
1422,285,2,1,2,3
1423,285,3,1,2,2
1424,285,4,2,4,5
1425,285,5,2,2,3
1426,286,1,1,3,3
1427,286,2,1,4,5
1428,286,3,1,2,5
1429,286,4,1,2,3
1430,286,5,2,2,3
1431,287,1,1,1,2
1432,287,2,1,1,2
1433,287,3,1,1,2
1434,287,4,3,4,5
1435,287,5,2,2,2
1436,288,1,3,4,5
1437,288,2,1,2,3
1438,288,3,1,2,4
1439,288,4,1,3,4
1440,288,5,2,3,4
1441,289,1,1,1,1
1442,289,2,5,5,5
1443,289,3,1,1,2
1444,289,4,1,4,5
1445,289,5,2,2,2
1446,290,1,1,2,3
1447,290,2,1,2,3
1448,290,3,1,3,4
1449,290,4,2,3,5
1450,290,5,2,2,3
1451,291,1,3,5,5
1452,291,2,1,2,3
1453,291,3,1,2,3
1454,291,4,1,2,2
1455,291,5,5,5,5
1456,292,1,1,2,2
1457,292,2,1,1,3
1458,292,3,1,1,3
1459,292,4,2,4,5
1460,292,5,4,5,5
1461,293,1,1,4,5
1462,293,2,1,2,3
1463,293,3,1,2,4
1464,293,4,1,3,3
1465,293,5,2,2,3
1466,294,1,1,3,4
1467,294,2,1,3,4
1468,294,3,1,4,4
1469,294,4,1,3,4
1470,294,5,2,2,3
1471,295,1,1,3,3
1472,295,2,1,4,4
1473,295,3,1,4,4
1474,295,4,1,4,5
1475,295,5,2,2,2
1476,296,1,1,3,3
1477,296,2,1,3,5
1478,296,3,1,3,3
1479,296,4,1,3,4
1480,296,5,2,3,5
1481,297,1,1,2,2
1482,297,2,2,5,5
1483,297,3,1,2,3
1484,297,4,1,3,4
1485,297,5,2,2,5
1486,298,1,1,4,5
1487,298,2,1,1,2
1488,298,3,1,2,3
1489,298,4,1,2,3
1490,298,5,2,3,4
1491,299,1,1,1,2
1492,299,2,1,3,4
1493,299,3,1,2,3
1494,299,4,1,4,5
1495,299,5,2,2,3
1496,300,1,2,4,5
1497,300,2,1,3,3
1498,300,3,1,3,3
1499,300,4,1,2,3
1500,300,5,2,3,4
1501,301,1,3,4,5
1502,301,2,1,2,3
1503,301,3,1,4,4
1504,301,4,1,3,4
1505,301,5,2,3,4
1506,302,1,1,3,4
1507,302,2,1,3,4
1508,302,3,1,3,4
1509,302,4,1,3,4
1510,302,5,2,3,3
1511,303,1,1,4,4
1512,303,2,2,3,5
1513,303,3,1,3,4
1514,303,4,1,4,4
1515,303,5,2,2,3
1516,304,1,1,3,3
1517,304,2,1,4,4
1518,304,3,1,2,3
1519,304,4,1,3,3
1520,304,5,2,2,2
1521,305,1,1,2,3
1522,305,2,2,4,5
1523,305,3,1,3,4
1524,305,4,1,3,4
1525,305,5,2,2,2
1526,306,1,1,1,2
1527,306,2,3,5,5
1528,306,3,1,4,4
1529,306,4,1,4,4
1530,306,5,2,2,2
1531,307,1,1,2,2
1532,307,2,1,2,2
1533,307,3,1,5,5
1534,307,4,1,2,3
1535,307,5,2,2,5
1536,308,1,1,3,5
1537,308,2,1,3,5
1538,308,3,1,4,5
1539,308,4,1,2,3
1540,308,5,2,3,4
1541,309,1,1,4,5
1542,309,2,1,2,3
1543,309,3,1,2,4
1544,309,4,1,2,3
1545,309,5,2,2,4
1546,310,1,1,4,5
1547,310,2,1,3,3
1548,310,3,1,4,4
1549,310,4,1,3,3
1550,310,5,2,3,4
1551,311,1,1,4,4
1552,311,2,1,2,2
1553,311,3,1,2,2
1554,311,4,1,2,3
1555,311,5,2,3,4
1556,312,1,1,4,4
1557,312,2,1,2,2
1558,312,3,1,2,2
1559,312,4,1,2,3
1560,312,5,2,3,4
1561,313,1,1,3,4
1562,313,2,1,3,3
1563,313,3,1,2,2
1564,313,4,1,2,3
1565,313,5,4,5,5
1566,314,1,1,3,4
1567,314,2,1,2,2
1568,314,3,1,3,3
1569,314,4,1,3,3
1570,314,5,4,5,5
1571,315,1,1,3,3
1572,315,2,1,2,3
1573,315,3,1,4,5
1574,315,4,1,2,3
1575,315,5,2,3,3
1576,316,1,1,1,2
1577,316,2,1,1,2
1578,316,3,1,2,2
1579,316,4,1,3,4
1580,316,5,2,2,2
1581,317,1,1,1,2
1582,317,2,1,3,4
1583,317,3,1,3,3
1584,317,4,1,4,5
1585,317,5,2,2,2
1586,318,1,1,3,4
1587,318,2,1,3,4
1588,318,3,1,2,4
1589,318,4,1,2,3
1590,318,5,2,2,3
1591,319,1,3,4,4
1592,319,2,3,4,4
1593,319,3,3,4,4
1594,319,4,1,2,2
1595,319,5,2,2,3
1596,320,1,1,3,3
1597,320,2,1,3,4
1598,320,3,1,2,3
1599,320,4,1,4,5
1600,320,5,2,3,4
1601,321,1,1,2,3
1602,321,2,2,4,5
1603,321,3,1,1,1
1604,321,4,1,5,5
1605,321,5,2,2,4
1606,322,1,1,2,3
1607,322,2,2,4,5
1608,322,3,1,2,2
1609,322,4,1,4,4
1610,322,5,2,2,2
1611,323,1,1,3,3
1612,323,2,4,5,5
1613,323,3,1,2,2
1614,323,4,1,3,4
1615,323,5,2,2,2
1616,324,1,1,1,2
1617,324,2,1,4,5
1618,324,3,1,2,3
1619,324,4,2,4,5
1620,324,5,2,2,2
1621,325,1,1,2,3
1622,325,2,1,2,3
1623,325,3,1,2,3
1624,325,4,2,4,4
1625,325,5,3,4,5
1626,326,1,1,2,2
1627,326,2,1,3,5
1628,326,3,1,3,5
1629,326,4,1,4,5
1630,326,5,2,3,3
1631,327,1,1,2,3
1632,327,2,1,2,3
1633,327,3,1,3,4
1634,327,4,1,3,3
1635,327,5,2,2,3
1636,328,1,1,1,2
1637,328,2,1,3,5
1638,328,3,1,2,3
1639,328,4,1,3,5
1640,328,5,2,2,2
1641,329,1,1,3,4
1642,329,2,1,2,3
1643,329,3,3,4,5
1644,329,4,1,2,3
1645,329,5,2,3,4
1646,330,1,1,3,4
1647,330,2,1,3,5
1648,330,3,1,3,4
1649,330,4,1,2,2
1650,330,5,4,5,5
1651,331,1,1,3,3
1652,331,2,1,3,4
1653,331,3,1,3,4
1654,331,4,1,4,5
1655,331,5,2,2,3
1656,332,1,1,4,4
1657,332,2,1,3,4
1658,332,3,1,4,5
1659,332,4,1,2,3
1660,332,5,2,2,3
1661,333,1,1,2,3
1662,333,2,1,2,3
1663,333,3,1,3,4
1664,333,4,1,3,4
1665,333,5,5,5,5
1666,334,1,1,2,3
1667,334,2,1,2,3
1668,334,3,1,4,4
1669,334,4,1,3,4
1670,334,5,4,5,5
1671,335,1,1,2,3
1672,335,2,2,4,5
1673,335,3,1,3,4
1674,335,4,2,4,5
1675,335,5,2,3,3
1676,336,1,1,3,4
1677,336,2,1,3,4
1678,336,3,1,4,5
1679,336,4,2,4,5
1680,336,5,2,2,2
1681,337,1,1,2,3
1682,337,2,1,2,3
1683,337,3,1,3,4
1684,337,4,1,4,4
1685,337,5,2,3,3
1686,338,1,1,2,3
1687,338,2,1,3,5
1688,338,3,1,2,4
1689,338,4,1,4,4
1690,338,5,2,3,3
1691,339,1,1,4,4
1692,339,2,1,2,3
1693,339,3,1,3,4
1694,339,4,1,3,5
1695,339,5,2,2,3
1696,340,1,1,2,2
1697,340,2,1,4,5
1698,340,3,1,3,4
1699,340,4,1,4,5
1700,340,5,2,2,2
1701,341,1,1,3,4
1702,341,2,1,3,4
1703,341,3,1,3,4
1704,341,4,1,3,4
1705,341,5,2,2,2
1706,342,1,1,2,3
1707,342,2,3,4,5
1708,342,3,1,3,4
1709,342,4,1,3,4
1710,342,5,2,2,3
1711,343,1,2,3,4
1712,343,2,1,2,3
1713,343,3,2,4,5
1714,343,4,1,3,4
1715,343,5,2,2,3
1716,344,1,1,2,3
1717,344,2,1,2,3
1718,344,3,3,4,5
1719,344,4,1,3,4
1720,344,5,2,4,4
1721,345,1,1,1,3
1722,345,2,1,3,4
1723,345,3,1,2,3
1724,345,4,3,4,5
1725,345,5,2,2,2
1726,346,1,1,1,1
1727,346,2,1,4,4
1728,346,3,1,2,3
1729,346,4,2,5,5
1730,346,5,2,2,2
1731,347,1,2,4,5
1732,347,2,1,2,3
1733,347,3,2,4,5
1734,347,4,1,2,3
1735,347,5,2,2,2
1736,348,1,1,2,2
1737,348,2,1,4,5
1738,348,3,1,3,4
1739,348,4,2,4,5
1740,348,5,2,2,2
1741,349,1,1,2,5
1742,349,2,1,1,2
1743,349,3,1,1,1
1744,349,4,1,1,1
1745,349,5,2,2,2
1746,350,1,1,4,4
1747,350,2,1,2,3
1748,350,3,1,5,5
1749,350,4,1,4,5
1750,350,5,2,3,3
1751,351,1,1,4,4
1752,351,2,1,2,4
1753,351,3,1,2,4
1754,351,4,1,2,4
1755,351,5,2,4,4
1756,352,1,1,3,4
1757,352,2,1,2,3
1758,352,3,1,4,5
1759,352,4,1,3,4
1760,352,5,2,2,3
1761,353,1,1,4,5
1762,353,2,1,1,2
1763,353,3,1,2,3
1764,353,4,1,1,3
1765,353,5,2,4,4
1766,354,1,3,3,3
1767,354,2,3,4,4
1768,354,3,3,4,4
1769,354,4,3,3,3
1770,354,5,3,3,3
1771,355,1,1,4,4
1772,355,2,1,2,3
1773,355,3,1,1,3
1774,355,4,1,2,3
1775,355,5,2,4,4
1776,356,1,1,2,3
1777,356,2,1,3,4
1778,356,3,1,4,4
1779,356,4,1,4,5
1780,356,5,2,2,2
1781,357,1,1,3,4
1782,357,2,1,3,5
1783,357,3,1,2,2
1784,357,4,1,3,4
1785,357,5,4,5,5
1786,358,1,1,3,5
1787,358,2,1,2,2
1788,358,3,1,1,2
1789,358,4,1,2,2
1790,358,5,4,4,5
1791,359,1,1,3,5
1792,359,2,1,3,4
1793,359,3,1,3,3
1794,359,4,1,3,4
1795,359,5,2,3,3
1796,360,1,1,3,5
1797,360,2,1,1,3
1798,360,3,1,1,4
1799,360,4,1,3,5
1800,360,5,2,2,3
1801,361,1,3,4,5
1802,361,2,1,2,3
1803,361,3,1,3,4
1804,361,4,1,2,3
1805,361,5,2,2,3
1806,362,1,1,2,3
1807,362,2,2,4,5
1808,362,3,1,2,2
1809,362,4,3,4,5
1810,362,5,2,2,2
1811,363,1,1,3,4
1812,363,2,1,3,4
1813,363,3,1,1,2
1814,363,4,1,3,4
1815,363,5,2,2,2
1816,364,1,1,2,4
1817,364,2,1,4,4
1818,364,3,1,2,2
1819,364,4,1,4,4
1820,364,5,2,2,2
1821,365,1,1,1,2
1822,365,2,1,5,5
1823,365,3,1,1,1
1824,365,4,3,5,5
1825,365,5,2,2,2
1826,366,1,1,3,3
1827,366,2,1,3,3
1828,366,3,1,2,3
1829,366,4,1,4,5
1830,366,5,2,2,3
1831,367,1,1,4,4
1832,367,2,1,5,5
1833,367,3,1,1,2
1834,367,4,1,3,3
1835,367,5,2,2,3
1836,368,1,1,4,4
1837,368,2,1,2,3
1838,368,3,1,4,4
1839,368,4,1,3,3
1840,368,5,2,2,3
1841,369,1,3,3,3
1842,369,2,3,3,4
1843,369,3,2,2,3
1844,369,4,4,4,5
1845,369,5,2,2,3
1846,370,1,1,3,5
1847,370,2,1,1,1
1848,370,3,1,1,1
1849,370,4,1,3,5
1850,370,5,2,2,3
1851,371,1,1,3,4
1852,371,2,1,3,4
1853,371,3,1,3,4
1854,371,4,1,3,4
1855,371,5,2,3,3
1856,372,1,1,2,2
1857,372,2,2,4,5
1858,372,3,1,1,2
1859,372,4,4,4,5
1860,372,5,2,2,2
1861,373,1,1,3,3
1862,373,2,1,5,5
1863,373,3,1,2,3
1864,373,4,1,2,3
1865,373,5,3,5,5
1866,374,1,1,3,4
1867,374,2,1,3,4
1868,374,3,1,1,1
1869,374,4,1,3,3
1870,374,5,2,3,4
1871,375,1,1,2,3
1872,375,2,1,4,4
1873,375,3,3,3,3
1874,375,4,2,3,4
1875,375,5,2,3,4
1876,376,1,1,1,2
1877,376,2,3,4,5
1878,376,3,3,4,4
1879,376,4,2,4,5
1880,376,5,2,2,2
1881,377,1,1,2,2
1882,377,2,1,5,5
1883,377,3,1,4,5
1884,377,4,1,5,5
1885,377,5,2,2,2
1886,378,1,1,2,2
1887,378,2,1,3,4
1888,378,3,3,5,5
1889,378,4,3,5,5
1890,378,5,2,3,3
1891,379,1,2,2,2
1892,379,2,4,4,5
1893,379,3,4,5,5
1894,379,4,5,5,5
1895,379,5,2,2,2
1896,380,1,1,5,5
1897,380,2,1,3,4
1898,380,3,1,4,5
1899,380,4,1,2,3
1900,380,5,4,5,5
1901,381,1,1,4,5
1902,381,2,1,3,4
1903,381,3,1,5,5
1904,381,4,1,2,3
1905,381,5,4,5,5
1906,382,1,1,3,4
1907,382,2,1,3,4
1908,382,3,1,4,5
1909,382,4,1,5,5
1910,382,5,2,3,4
1911,383,1,1,1,2
1912,383,2,4,5,5
1913,383,3,4,5,5
1914,383,4,4,5,5
1915,383,5,2,2,2
1916,384,1,1,4,5
1917,384,2,1,4,5
1918,384,3,1,3,3
1919,384,4,1,4,5
1920,384,5,2,5,5
1921,385,1,1,3,5
1922,385,2,1,3,3
1923,385,3,1,4,5
1924,385,4,1,3,4
1925,385,5,2,4,5
1926,386,1,1,4,4
1927,386,2,1,4,4
1928,386,3,1,4,4
1929,386,4,1,4,4
1930,386,5,2,3,4
1931,387,1,1,3,4
1932,387,2,1,3,4
1933,387,3,1,2,3
1934,387,4,1,3,4
1935,387,5,2,2,3
1936,388,1,1,2,3
1937,388,2,1,4,4
1938,388,3,2,3,3
1939,388,4,2,4,5
1940,388,5,2,2,3
1941,389,1,1,1,2
1942,389,2,1,5,5
1943,389,3,1,3,3
1944,389,4,3,5,5
1945,389,5,2,2,2
1946,390,1,3,5,5
1947,390,2,1,3,4
1948,390,3,1,3,4
1949,390,4,1,1,2
1950,390,5,2,3,3
1951,391,1,2,4,5
1952,391,2,1,3,4
1953,391,3,1,4,5
1954,391,4,1,2,2
1955,391,5,2,3,3
1956,392,1,1,4,4
1957,392,2,2,4,5
1958,392,3,1,4,5
1959,392,4,1,1,2
1960,392,5,2,3,3
1961,393,1,1,4,5
1962,393,2,1,3,4
1963,393,3,1,2,3
1964,393,4,1,2,3
1965,393,5,2,3,5
1966,394,1,1,3,4
1967,394,2,1,3,4
1968,394,3,1,3,4
1969,394,4,1,3,5
1970,394,5,2,3,4
1971,395,1,1,3,3
1972,395,2,2,3,5
1973,395,3,1,3,3
1974,395,4,3,4,5
1975,395,5,2,3,4
1976,396,1,1,3,4
1977,396,2,1,2,3
1978,396,3,1,2,2
1979,396,4,1,2,3
1980,396,5,3,4,5
1981,397,1,1,3,4
1982,397,2,1,3,3
1983,397,3,1,2,3
1984,397,4,1,3,4
1985,397,5,4,5,5
1986,398,1,1,3,3
1987,398,2,3,4,5
1988,398,3,1,1,3
1989,398,4,1,3,4
1990,398,5,4,5,5
1991,399,1,1,2,4
1992,399,2,1,2,4
1993,399,3,1,1,4
1994,399,4,1,3,4
1995,399,5,2,2,2
1996,400,1,1,1,4
1997,400,2,1,3,4
1998,400,3,1,2,4
1999,400,4,5,5,5
2000,400,5,2,2,2
2001,401,1,1,4,4
2002,401,2,1,2,3
2003,401,3,1,3,4
2004,401,4,1,2,3
2005,401,5,2,3,3
2006,402,1,1,3,4
2007,402,2,1,2,3
2008,402,3,1,4,5
2009,402,4,1,3,3
2010,402,5,2,3,3
2011,403,1,1,3,4
2012,403,2,1,3,4
2013,403,3,1,2,4
2014,403,4,1,3,3
2015,403,5,2,3,3
2016,404,1,1,3,4
2017,404,2,1,4,4
2018,404,3,1,3,3
2019,404,4,1,3,4
2020,404,5,2,3,3
2021,405,1,1,3,3
2022,405,2,1,4,5
2023,405,3,1,4,4
2024,405,4,1,4,4
2025,405,5,2,3,3
2026,406,1,1,3,5
2027,406,2,1,1,3
2028,406,3,1,2,3
2029,406,4,1,2,3
2030,406,5,2,3,3
2031,407,1,1,3,4
2032,407,2,1,3,4
2033,407,3,3,5,5
2034,407,4,1,2,3
2035,407,5,2,3,3
2036,408,1,1,3,4
2037,408,2,1,4,5
2038,408,3,1,3,3
2039,408,4,1,2,3
2040,408,5,2,2,3
2041,409,1,1,3,3
2042,409,2,1,5,5
2043,409,3,1,2,3
2044,409,4,1,3,4
2045,409,5,2,2,3
2046,410,1,1,3,3
2047,410,2,1,3,4
2048,410,3,1,2,3
2049,410,4,2,4,5
2050,410,5,2,2,2
2051,411,1,1,2,2
2052,411,2,1,3,5
2053,411,3,1,1,3
2054,411,4,3,5,5
2055,411,5,2,2,2
2056,412,1,1,1,5
2057,412,2,1,1,3
2058,412,3,1,1,5
2059,412,4,1,1,4
2060,412,5,2,2,3
2061,413,1,1,3,4
2062,413,2,1,2,3
2063,413,3,1,4,4
2064,413,4,1,3,4
2065,413,5,2,3,3
2066,414,1,3,4,5
2067,414,2,1,3,4
2068,414,3,1,2,4
2069,414,4,1,1,2
2070,414,5,4,5,5
2071,415,1,3,5,5
2072,415,2,1,1,2
2073,415,3,1,1,1
2074,415,4,1,1,2
2075,415,5,4,5,5
2076,416,1,1,3,3
2077,416,2,1,1,3
2078,416,3,1,4,5
2079,416,4,1,3,5
2080,416,5,4,5,5
2081,417,1,1,4,5
2082,417,2,1,2,3
2083,417,3,1,3,5
2084,417,4,1,2,3
2085,417,5,2,3,3
2086,418,1,3,5,5
2087,418,2,1,1,4
2088,418,3,1,2,4
2089,418,4,1,2,4
2090,418,5,2,3,3
2091,419,1,1,3,4
2092,419,2,2,3,4
2093,419,3,2,3,5
2094,419,4,3,3,5
2095,419,5,2,3,3
2096,420,1,1,3,4
2097,420,2,1,1,3
2098,420,3,1,2,3
2099,420,4,1,2,3
2100,420,5,2,2,3
2101,421,1,1,3,4
2102,421,2,1,2,3
2103,421,3,1,4,5
2104,421,4,1,2,4
2105,421,5,2,3,3
2106,422,1,1,1,3
2107,422,2,1,1,4
2108,422,3,1,1,3
2109,422,4,1,3,5
2110,422,5,2,2,2
2111,423,1,1,1,2
2112,423,2,3,4,5
2113,423,3,1,3,3
2114,423,4,4,5,5
2115,423,5,2,2,2
2116,424,1,1,3,4
2117,424,2,1,2,4
2118,424,3,3,5,5
2119,424,4,2,3,4
2120,424,5,2,3,4
2121,425,1,1,3,5
2122,425,2,1,1,1
2123,425,3,1,4,4
2124,425,4,1,3,4
2125,425,5,4,5,5
2126,426,1,2,3,4
2127,426,2,1,3,3
2128,426,3,1,2,2
2129,426,4,2,4,5
2130,426,5,4,5,5
2131,427,1,2,4,5
2132,427,2,1,2,4
2133,427,3,1,1,2
2134,427,4,1,2,4
2135,427,5,2,3,4
2136,428,1,2,4,5
2137,428,2,1,3,4
2138,428,3,1,1,2
2139,428,4,1,3,4
2140,428,5,2,3,4
2141,429,1,1,4,4
2142,429,2,1,2,2
2143,429,3,2,4,5
2144,429,4,1,2,3
2145,429,5,4,5,5
2146,430,1,1,2,3
2147,430,2,1,3,4
2148,430,3,1,2,3
2149,430,4,3,4,5
2150,430,5,4,5,5
2151,431,1,3,5,5
2152,431,2,2,2,5
2153,431,3,1,2,4
2154,431,4,1,2,3
2155,431,5,2,3,4
2156,432,1,1,2,4
2157,432,2,1,4,5
2158,432,3,1,1,2
2159,432,4,1,4,4
2160,432,5,2,2,3
2161,433,1,1,2,4
2162,433,2,1,2,3
2163,433,3,1,2,3
2164,433,4,1,3,3
2165,433,5,4,4,5
2166,434,1,1,3,5
2167,434,2,1,2,4
2168,434,3,1,2,3
2169,434,4,1,2,3
2170,434,5,2,3,3
2171,435,1,1,2,3
2172,435,2,1,4,5
2173,435,3,1,2,4
2174,435,4,1,3,4
2175,435,5,2,2,2
2176,436,1,1,2,3
2177,436,2,1,2,4
2178,436,3,1,1,1
2179,436,4,3,4,5
2180,436,5,2,3,4
2181,437,1,1,1,1
2182,437,2,1,3,5
2183,437,3,1,3,3
2184,437,4,3,4,5
2185,437,5,2,3,5
2186,438,1,1,3,4
2187,438,2,1,3,3
2188,438,3,1,1,3
2189,438,4,1,4,4
2190,438,5,2,2,3
2191,439,1,2,4,5
2192,439,2,1,1,2
2193,439,3,1,3,5
2194,439,4,1,1,3
2195,439,5,2,3,3
2196,440,1,1,3,4
2197,440,2,1,1,3
2198,440,3,1,2,4
2199,440,4,1,3,4
2200,440,5,2,2,3
2201,441,1,1,3,4
2202,441,2,1,2,3
2203,441,3,1,3,4
2204,441,4,1,2,3
2205,441,5,3,4,5
2206,442,1,1,1,2
2207,442,2,1,3,4
2208,442,3,1,2,2
2209,442,4,4,5,5
2210,442,5,2,2,2
2211,443,1,1,3,4
2212,443,2,1,3,4
2213,443,3,1,2,3
2214,443,4,1,3,3
2215,443,5,2,2,2
2216,444,1,1,3,3
2217,444,2,1,4,4
2218,444,3,1,3,4
2219,444,4,1,3,4
2220,444,5,2,3,3
2221,445,1,1,2,3
2222,445,2,3,4,5
2223,445,3,3,4,5
2224,445,4,1,3,4
2225,445,5,2,2,2
2226,446,1,1,2,3
2227,446,2,1,3,5
2228,446,3,1,2,4
2229,446,4,2,4,5
2230,446,5,2,2,2
2231,447,1,2,4,5
2232,447,2,1,2,4
2233,447,3,2,2,5
2234,447,4,1,2,3
2235,447,5,2,3,4
2236,448,1,1,3,4
2237,448,2,2,4,5
2238,448,3,1,4,5
2239,448,4,1,2,3
2240,448,5,2,3,4
2241,449,1,1,2,3
2242,449,2,1,3,5
2243,449,3,1,2,3
2244,449,4,1,3,5
2245,449,5,2,2,3
2246,450,1,1,1,2
2247,450,2,3,4,5
2248,450,3,1,2,2
2249,450,4,3,4,5
2250,450,5,2,2,2
2251,451,1,1,2,2
2252,451,2,1,3,4
2253,451,3,1,4,5
2254,451,4,1,3,4
2255,451,5,2,2,2
2256,452,1,1,1,2
2257,452,2,2,4,5
2258,452,3,2,4,5
2259,452,4,1,4,4
2260,452,5,2,2,2
2261,453,1,1,3,5
2262,453,2,1,2,4
2263,453,3,1,3,5
2264,453,4,1,2,3
2265,453,5,2,2,4
2266,454,1,1,3,4
2267,454,2,1,3,4
2268,454,3,1,4,5
2269,454,4,1,3,4
2270,454,5,2,3,4
2271,455,1,1,2,3
2272,455,2,1,3,5
2273,455,3,1,2,3
2274,455,4,1,2,3
2275,455,5,4,5,5
2276,456,1,3,4,5
2277,456,2,1,1,2
2278,456,3,1,2,4
2279,456,4,1,2,4
2280,456,5,2,3,4
2281,457,1,2,3,4
2282,457,2,1,1,3
2283,457,3,1,3,4
2284,457,4,1,3,5
2285,457,5,2,3,4
2286,458,1,1,3,4
2287,458,2,1,2,3
2288,458,3,1,2,2
2289,458,4,1,3,4
2290,458,5,2,3,4
2291,459,1,1,2,4
2292,459,2,1,2,4
2293,459,3,1,3,4
2294,459,4,1,3,4
2295,459,5,2,2,3
2296,460,1,1,2,2
2297,460,2,1,3,5
2298,460,3,2,4,5
2299,460,4,2,4,5
2300,460,5,2,2,2
2301,461,1,2,4,5
2302,461,2,3,4,5
2303,461,3,1,3,5
2304,461,4,1,2,3
2305,461,5,2,2,3
2306,462,1,1,2,2
2307,462,2,1,3,3
2308,462,3,2,4,5
2309,462,4,1,3,4
2310,462,5,4,4,5
2311,463,1,1,2,2
2312,463,2,1,3,4
2313,463,3,3,4,5
2314,463,4,3,4,5
2315,463,5,2,2,2
2316,464,1,1,1,1
2317,464,2,3,5,5
2318,464,3,1,2,4
2319,464,4,3,5,5
2320,464,5,2,2,2
2321,465,1,1,1,2
2322,465,2,1,3,5
2323,465,3,3,4,5
2324,465,4,1,5,5
2325,465,5,2,2,2
2326,466,1,1,3,5
2327,466,2,1,3,4
2328,466,3,2,4,5
2329,466,4,1,4,4
2330,466,5,2,2,2
2331,467,1,1,2,2
2332,467,2,1,4,5
2333,467,3,3,4,5
2334,467,4,3,4,5
2335,467,5,2,2,2
2336,468,1,2,3,4
2337,468,2,1,2,3
2338,468,3,1,3,4
2339,468,4,2,3,4
2340,468,5,4,5,5
2341,469,1,3,4,5
2342,469,2,1,2,3
2343,469,3,1,1,3
2344,469,4,1,3,3
2345,469,5,5,5,5
2346,470,1,1,2,3
2347,470,2,1,3,4
2348,470,3,1,3,4
2349,470,4,3,4,5
2350,470,5,2,3,4
2351,471,1,1,3,4
2352,471,2,1,3,4
2353,471,3,1,4,5
2354,471,4,2,2,4
2355,471,5,2,3,3
2356,472,1,1,2,3
2357,472,2,1,4,5
2358,472,3,1,4,5
2359,472,4,1,2,4
2360,472,5,3,4,5
2361,473,1,1,2,4
2362,473,2,3,4,5
2363,473,3,1,2,3
2364,473,4,3,4,5
2365,473,5,2,2,2
2366,474,1,1,4,4
2367,474,2,1,4,5
2368,474,3,1,2,5
2369,474,4,1,1,1
2370,474,5,2,4,4
2371,475,1,1,3,4
2372,475,2,1,3,5
2373,475,3,3,5,5
2374,475,4,1,2,2
2375,475,5,2,3,4
2376,476,1,1,2,2
2377,476,2,1,3,5
2378,476,3,1,1,4
2379,476,4,3,4,5
2380,476,5,2,3,5
2381,477,1,1,1,2
2382,477,2,1,4,4
2383,477,3,1,3,4
2384,477,4,1,4,4
2385,477,5,2,4,4
2386,478,1,2,3,4
2387,478,2,1,1,3
2388,478,3,2,4,5
2389,478,4,1,2,3
2390,478,5,3,3,5
2391,479,1,1,3,5
2392,479,2,1,2,3
2393,479,3,1,3,5
2394,479,4,1,3,4
2395,479,5,3,4,5
2396,480,1,1,3,4
2397,480,2,2,3,4
2398,480,3,1,3,4
2399,480,4,2,4,5
2400,480,5,4,4,5
2401,481,1,1,2,3
2402,481,2,2,4,5
2403,481,3,2,4,4
2404,481,4,2,3,4
2405,481,5,4,4,5
2406,482,1,1,4,4
2407,482,2,1,2,3
2408,482,3,3,5,5
2409,482,4,1,2,3
2410,482,5,4,4,5
2411,483,1,1,2,3
2412,483,2,3,5,5
2413,483,3,2,4,5
2414,483,4,4,4,5
2415,483,5,2,3,5
2416,484,1,1,2,3
2417,484,2,2,4,5
2418,484,3,3,5,5
2419,484,4,4,4,5
2420,484,5,2,3,5
2421,485,1,1,2,3
2422,485,2,3,4,5
2423,485,3,1,3,5
2424,485,4,3,4,5
2425,485,5,2,2,2
2426,486,1,1,1,3
2427,486,2,1,5,5
2428,486,3,1,3,5
2429,486,4,5,5,5
2430,486,5,2,2,2
2431,487,1,1,2,2
2432,487,2,3,4,5
2433,487,3,1,3,4
2434,487,4,4,5,5
2435,487,5,2,2,3
2436,488,1,1,2,4
2437,488,2,1,2,3
2438,488,3,1,3,5
2439,488,4,2,4,5
2440,488,5,4,4,5
2441,489,1,2,4,5
2442,489,2,1,1,2
2443,489,3,2,3,5
2444,489,4,1,1,3
2445,489,5,2,2,3
2446,490,1,2,3,4
2447,490,2,1,2,3
2448,490,3,3,4,5
2449,490,4,1,3,4
2450,490,5,2,3,3
2451,491,1,2,3,4
2452,491,2,1,2,4
2453,491,3,3,4,5
2454,491,4,1,3,3
2455,491,5,3,3,5
2456,492,1,3,4,5
2457,492,2,1,2,4
2458,492,3,1,2,3
2459,492,4,1,3,4
2460,492,5,2,3,3
2461,493,1,1,4,5
2462,493,2,1,5,5
2463,493,3,1,4,5
2464,493,4,1,5,5
2465,493,5,2,4,5
2466,10001,1,1,2,4
2467,10001,2,1,2,3
2468,10001,3,1,2,4
2469,10001,4,1,2,4
2470,10001,5,2,2,5
2471,10002,1,1,2,4
2472,10002,2,1,2,3
2473,10002,3,1,2,4
2474,10002,4,1,2,4
2475,10002,5,2,2,5
2476,10003,1,1,2,4
2477,10003,2,1,2,3
2478,10003,3,1,2,4
2479,10003,4,1,2,4
2480,10003,5,2,2,5
2481,10004,1,1,2,4
2482,10004,2,1,2,3
2483,10004,3,1,2,4
2484,10004,4,1,2,4
2485,10004,5,2,2,5
2486,10005,1,1,2,4
2487,10005,2,1,2,3
2488,10005,3,1,2,4
2489,10005,4,1,2,4
2490,10005,5,2,2,5
2491,10006,1,1,2,4
2492,10006,2,1,2,3
2493,10006,3,1,2,4
2494,10006,4,1,2,4
2495,10006,5,2,2,5
2496,10007,1,1,2,4
2497,10007,2,1,2,3
2498,10007,3,1,2,4
2499,10007,4,1,2,4
2500,10007,5,2,2,5
2501,10008,1,1,2,4
2502,10008,2,1,2,3
2503,10008,3,1,2,4
2504,10008,4,1,2,4
2505,10008,5,2,2,5
2506,10009,1,1,2,4
2507,10009,2,1,2,3
2508,10009,3,1,2,4
2509,10009,4,1,2,4
2510,10009,5,2,2,5
2511,10010,1,1,2,4
2512,10010,2,1,2,3
2513,10010,3,1,2,4
2514,10010,4,1,2,4
2515,10010,5,2,2,5
2516,10011,1,1,2,4
2517,10011,2,1,2,3
2518,10011,3,1,2,4
2519,10011,4,1,2,4
2520,10011,5,2,2,5
2521,10012,1,1,2,4
2522,10012,2,1,2,3
2523,10012,3,1,2,4
2524,10012,4,1,2,4
2525,10012,5,2,2,5
2526,10013,1,1,2,4
2527,10013,2,1,2,3
2528,10013,3,1,2,4
2529,10013,4,1,2,4
2530,10013,5,2,2,5
2531,10014,1,1,2,4
2532,10014,2,1,2,3
2533,10014,3,1,2,4
2534,10014,4,1,2,4
2535,10014,5,2,2,5
2536,10015,1,1,2,4
2537,10015,2,1,2,3
2538,10015,3,1,2,4
2539,10015,4,1,2,4
2540,10015,5,2,2,5
2541,10016,1,1,2,4
2542,10016,2,1,2,3
2543,10016,3,1,2,4
2544,10016,4,1,2,4
2545,10016,5,2,2,5
2546,10017,1,1,2,4
2547,10017,2,1,2,3
2548,10017,3,1,2,4
2549,10017,4,1,2,4
2550,10017,5,2,2,5
2551,10018,1,1,2,4
2552,10018,2,1,2,3
2553,10018,3,1,2,4
2554,10018,4,1,2,4
2555,10018,5,2,2,5
2556,10019,1,1,2,4
2557,10019,2,1,2,3
2558,10019,3,1,2,4
2559,10019,4,1,2,4
2560,10019,5,2,2,5
2561,10020,1,1,2,4
2562,10020,2,1,2,3
2563,10020,3,1,2,4
2564,10020,4,1,2,4
2565,10020,5,2,2,5
2566,10021,1,1,2,4
2567,10021,2,1,2,3
2568,10021,3,1,2,4
2569,10021,4,1,2,4
2570,10021,5,2,2,5
2571,10022,1,1,2,4
2572,10022,2,1,2,3
2573,10022,3,1,2,4
2574,10022,4,1,2,4
2575,10022,5,2,2,5
2576,10023,1,1,2,4
2577,10023,2,1,2,3
2578,10023,3,1,2,4
2579,10023,4,1,2,4
2580,10023,5,2,2,5
2581,10024,1,1,2,4
2582,10024,2,1,2,3
2583,10024,3,1,2,4
2584,10024,4,1,2,4
2585,10024,5,2,2,5
2586,10025,1,1,2,4
2587,10025,2,1,2,3
2588,10025,3,1,2,4
2589,10025,4,1,2,4
2590,10025,5,2,2,5
2591,10026,1,1,2,4
2592,10026,2,1,2,3
2593,10026,3,1,2,5
2594,10026,4,1,2,4
2595,10026,5,2,2,5
2596,10027,1,1,2,4
2597,10027,2,1,2,3
2598,10027,3,1,2,5
2599,10027,4,1,2,4
2600,10027,5,2,2,5
2601,10031,1,2,4,5
2602,10031,2,4,5,5
2603,10031,3,1,4,5
2604,10031,4,1,2,3
2605,10031,5,2,3,4
2606,10032,1,1,3,3
2607,10032,2,1,3,4
2608,10032,3,2,4,5
2609,10032,4,4,5,5
2610,10032,5,2,2,3
2611,10033,1,4,5,5
2612,10033,2,1,2,3
2613,10033,3,2,4,5
2614,10033,4,1,3,4
2615,10033,5,2,4,4
2616,10034,1,1,1,4
2617,10034,2,1,1,4
2618,10034,3,1,1,4
2619,10034,4,1,1,5
2620,10034,5,2,2,3
2621,10035,1,1,1,4
2622,10035,2,1,1,5
2623,10035,3,1,1,3
2624,10035,4,1,1,5
2625,10035,5,2,2,3
2626,10036,1,1,2,3
2627,10036,2,3,4,5
2628,10036,3,1,2,2
2629,10036,4,1,4,5
2630,10036,5,2,2,3
2631,10037,1,1,1,3
2632,10037,2,1,3,5
2633,10037,3,1,2,3
2634,10037,4,5,5,5
2635,10037,5,2,2,2
2636,10039,1,1,1,3
2637,10039,2,1,1,4
2638,10039,3,1,1,3
2639,10039,4,1,3,5
2640,10039,5,2,2,2
2641,10040,1,1,1,2
2642,10040,2,3,4,5
2643,10040,3,1,3,3
2644,10040,4,4,5,5
2645,10040,5,2,2,2
2646,10041,1,5,5,5
2647,10041,2,1,4,5
2648,10041,3,1,4,5
2649,10041,4,1,4,5
2650,10041,5,2,5,5
2651,10042,1,1,4,5
2652,10042,2,5,5,5
2653,10042,3,1,5,5
2654,10042,4,1,4,5
2655,10042,5,2,4,5
2656,10043,1,1,3,5
2657,10043,2,1,5,5
2658,10043,3,1,5,5
2659,10043,4,1,5,5
2660,10043,5,2,5,5
2661,10044,1,5,5,5
2662,10044,2,1,4,5
2663,10044,3,1,5,5
2664,10044,4,1,4,5
2665,10044,5,2,4,5
2666,10045,1,1,4,5
2667,10045,2,1,5,5
2668,10045,3,5,5,5
2669,10045,4,1,4,5
2670,10045,5,2,4,5
2671,10046,1,1,4,5
2672,10046,2,5,5,5
2673,10046,3,1,4,5
2674,10046,4,1,5,5
2675,10046,5,2,4,5
2676,10047,1,1,5,5
2677,10047,2,1,4,5
2678,10047,3,1,4,5
2679,10047,4,1,4,5
2680,10047,5,5,5,5
2681,10048,1,1,4,5
2682,10048,2,1,4,5
2683,10048,3,1,5,5
2684,10048,4,1,4,5
2685,10048,5,5,5,5
2686,10049,1,1,4,5
2687,10049,2,1,4,5
2688,10049,3,1,4,5
2689,10049,4,5,5,5
2690,10049,5,2,5,5
2691,10050,1,1,4,5
2692,10050,2,1,5,5
2693,10050,3,1,4,5
2694,10050,4,5,5,5
2695,10050,5,2,4,5
2696,10051,1,5,5,5
2697,10051,2,1,5,5
2698,10051,3,1,4,5
2699,10051,4,1,4,5
2700,10051,5,2,4,5
2701,10052,1,1,4,5
2702,10052,2,1,4,5
2703,10052,3,5,5,5
2704,10052,4,1,5,5
2705,10052,5,2,4,5
2706,10053,1,1,5,5
2707,10053,2,1,4,5
2708,10053,3,5,5,5
2709,10053,4,1,4,5
2710,10053,5,2,4,5
2711,10054,1,1,4,5
2712,10054,2,5,5,5
2713,10054,3,1,4,5
2714,10054,4,1,5,5
2715,10054,5,2,4,5
2716,10055,1,1,4,5
2717,10055,2,1,4,5
2718,10055,3,1,5,5
2719,10055,4,5,5,5
2720,10055,5,2,4,5
2721,10056,1,1,5,5
2722,10056,2,1,4,5
2723,10056,3,5,5,5
2724,10056,4,1,4,5
2725,10056,5,2,4,5
2726,10057,1,1,5,5
2727,10057,2,1,5,5
2728,10057,3,1,5,5
2729,10057,4,1,5,5
2730,10057,5,2,5,5
2731,10058,1,2,3,4
2732,10058,2,2,4,4
2733,10058,3,1,3,4
2734,10058,4,1,3,4
2735,10058,5,2,4,4
2736,10059,1,1,3,3
2737,10059,2,1,3,3
2738,10059,3,1,3,4
2739,10059,4,1,4,4
2740,10059,5,2,2,4
2741,10060,1,1,3,4
2742,10060,2,1,2,3
2743,10060,3,3,4,5
2744,10060,4,1,3,3
2745,10060,5,3,3,4
2746,10061,1,3,3,5
2747,10061,2,1,3,5
2748,10061,3,1,3,3
2749,10061,4,1,2,3
2750,10061,5,4,5,5
2751,10062,1,1,3,3
2752,10062,2,1,3,3
2753,10062,3,3,5,5
2754,10062,4,3,3,4
2755,10062,5,2,2,4
2756,10063,1,1,3,5
2757,10063,2,1,3,5
2758,10063,3,1,3,5
2759,10063,4,1,3,5
2760,10063,5,2,3,5
2761,10064,1,3,3,5
2762,10064,2,1,4,4
2763,10064,3,1,3,4
2764,10064,4,1,3,3
2765,10064,5,3,5,5
2766,10065,1,3,5,5
2767,10065,2,1,1,1
2768,10065,3,1,3,5
2769,10065,4,1,1,3
2770,10065,5,2,3,4
