id,species_id,pokedex_id,pokedex_number
1,1,1,1
2,1,2,1
3,1,3,226
4,1,7,231
5,1,12,80
6,2,1,2
7,2,2,2
8,2,3,227
9,2,7,232
10,2,12,81
11,3,1,3
12,3,2,3
13,3,3,228
14,3,7,233
15,3,12,82
16,4,1,4
17,4,2,4
18,4,3,229
19,4,7,234
20,4,11,109
21,4,12,83
22,5,1,5
23,5,2,5
24,5,3,230
25,5,7,235
26,5,11,110
27,5,12,84
28,6,1,6
29,6,2,6
30,6,3,231
31,6,7,236
32,6,11,111
33,6,12,85
34,7,1,7
35,7,2,7
36,7,3,232
37,7,7,237
38,7,12,86
39,8,1,8
40,8,2,8
41,8,3,233
42,8,7,238
43,8,12,87
44,9,1,9
45,9,2,9
46,9,3,234
47,9,7,239
48,9,12,88
49,10,1,10
50,10,2,10
51,10,3,24
52,10,7,24
53,10,12,23
54,11,1,11
55,11,2,11
56,11,3,25
57,11,7,25
58,11,12,24
59,12,1,12
60,12,2,12
61,12,3,26
62,12,7,26
63,12,12,25
64,13,1,13
65,13,2,13
66,13,3,27
67,13,7,27
68,13,12,26
69,14,1,14
70,14,2,14
71,14,3,28
72,14,7,28
73,14,12,27
74,15,1,15
75,15,2,15
76,15,3,29
77,15,7,29
78,15,11,177
79,15,12,28
80,16,1,16
81,16,2,16
82,16,3,10
83,16,7,10
84,16,12,17
85,17,1,17
86,17,2,17
87,17,3,11
88,17,7,11
89,17,12,18
90,18,1,18
91,18,2,18
92,18,3,12
93,18,7,12
94,18,12,19
95,19,1,19
96,19,2,19
97,19,3,17
98,19,7,17
99,19,9,59
100,20,1,20
101,20,2,20
102,20,3,18
103,20,7,18
104,20,9,60
105,21,1,21
106,21,2,21
107,21,3,13
108,21,7,13
109,21,14,109
110,22,1,22
111,22,2,22
112,22,3,14
113,22,7,14
114,22,14,110
115,23,1,23
116,23,2,23
117,23,3,50
118,23,7,50
119,23,11,54
120,23,14,37
121,24,1,24
122,24,2,24
123,24,3,51
124,24,7,51
125,24,11,55
126,24,14,38
127,25,1,25
128,25,2,25
129,25,3,22
130,25,4,156
131,25,5,104
132,25,6,104
133,25,7,22
134,25,11,16
135,25,12,36
136,25,15,163
137,26,1,26
138,26,2,26
139,26,3,23
140,26,4,157
141,26,5,105
142,26,6,105
143,26,7,23
144,26,11,17
145,26,12,37
146,26,15,164
147,27,1,27
148,27,2,27
149,27,3,48
150,27,4,112
151,27,7,48
152,27,9,113
153,27,14,97
154,27,15,117
155,28,1,28
156,28,2,28
157,28,3,49
158,28,4,113
159,28,7,49
160,28,9,114
161,28,14,98
162,28,15,118
163,29,1,29
164,29,2,29
165,29,3,95
166,29,7,95
167,29,13,104
168,30,1,30
169,30,2,30
170,30,3,96
171,30,7,96
172,30,13,105
173,31,1,31
174,31,2,31
175,31,3,97
176,31,7,97
177,31,13,106
178,32,1,32
179,32,2,32
180,32,3,98
181,32,7,98
182,32,13,107
183,33,1,33
184,33,2,33
185,33,3,99
186,33,7,99
187,33,13,108
188,34,1,34
189,34,2,34
190,34,3,100
191,34,7,100
192,34,13,109
193,35,1,35
194,35,2,35
195,35,3,41
196,35,5,100
197,35,6,100
198,35,7,41
199,35,9,89
200,36,1,36
201,36,2,36
202,36,3,42
203,36,5,101
204,36,6,101
205,36,7,42
206,36,9,90
207,37,1,37
208,37,2,37
209,37,3,125
210,37,4,153
211,37,7,127
212,37,9,248
213,37,15,160
214,38,1,38
215,38,2,38
216,38,3,126
217,38,4,154
218,38,7,128
219,38,9,249
220,38,15,161
221,39,1,39
222,39,2,39
223,39,3,44
224,39,4,138
225,39,7,44
226,39,9,282
227,39,11,21
228,39,14,120
229,39,15,143
230,40,1,40
231,40,2,40
232,40,3,45
233,40,4,139
234,40,7,45
235,40,9,283
236,40,11,22
237,40,14,121
238,40,15,144
239,41,1,41
240,41,2,41
241,41,3,37
242,41,4,63
243,41,5,28
244,41,6,28
245,41,7,37
246,41,9,61
247,41,11,23
248,41,12,145
249,41,15,65
250,42,1,42
251,42,2,42
252,42,3,38
253,42,4,64
254,42,5,29
255,42,6,29
256,42,7,38
257,42,9,62
258,42,11,24
259,42,12,146
260,42,15,66
261,43,1,43
262,43,2,43
263,43,3,83
264,43,4,88
265,43,7,83
266,43,12,105
267,43,15,91
268,44,1,44
269,44,2,44
270,44,3,84
271,44,4,89
272,44,7,84
273,44,12,106
274,44,15,92
275,45,1,45
276,45,2,45
277,45,3,85
278,45,4,90
279,45,7,85
280,45,12,107
281,45,15,93
282,46,1,46
283,46,2,46
284,46,3,70
285,46,7,70
286,47,1,47
287,47,2,47
288,47,3,71
289,47,7,71
290,48,1,48
291,48,2,48
292,48,3,108
293,48,7,109
294,49,1,49
295,49,2,49
296,49,3,109
297,49,7,110
298,50,1,50
299,50,2,50
300,50,3,132
301,50,7,134
302,50,14,1
303,51,1,51
304,51,2,51
305,51,3,133
306,51,7,135
307,51,14,2
308,52,1,52
309,52,2,52
310,52,3,136
311,52,7,138
312,52,11,58
313,53,1,53
314,53,2,53
315,53,3,137
316,53,7,139
317,53,11,59
318,54,1,54
319,54,2,54
320,54,3,138
321,54,4,158
322,54,5,43
323,54,6,43
324,54,7,140
325,54,9,28
326,54,12,59
327,54,15,165
328,55,1,55
329,55,2,55
330,55,3,139
331,55,4,159
332,55,5,44
333,55,6,44
334,55,7,141
335,55,9,29
336,55,12,60
337,55,15,166
338,56,1,56
339,56,2,56
340,56,3,134
341,56,7,136
342,57,1,57
343,57,2,57
344,57,3,135
345,57,7,137
346,58,1,58
347,58,2,58
348,58,3,127
349,58,7,129
350,58,9,51
351,59,1,59
352,59,2,59
353,59,3,128
354,59,7,130
355,59,9,52
356,60,1,60
357,60,2,60
358,60,3,72
359,60,7,72
360,60,14,33
361,61,1,61
362,61,2,61
363,61,3,73
364,61,7,73
365,61,14,34
366,62,1,62
367,62,2,62
368,62,3,74
369,62,7,74
370,62,14,35
371,63,1,63
372,63,2,63
373,63,3,89
374,63,4,39
375,63,5,20
376,63,6,20
377,63,7,89
378,63,11,127
379,63,12,102
380,63,15,40
381,64,1,64
382,64,2,64
383,64,3,90
384,64,4,40
385,64,5,21
386,64,6,21
387,64,7,90
388,64,11,128
389,64,12,103
390,64,15,41
391,65,1,65
392,65,2,65
393,65,3,91
394,65,4,41
395,65,5,22
396,65,6,22
397,65,7,91
398,65,11,129
399,65,12,104
400,65,15,42
401,66,1,66
402,66,2,66
403,66,3,140
404,66,4,73
405,66,5,40
406,66,6,40
407,66,7,142
408,66,11,98
409,66,13,57
410,66,15,75
411,67,1,67
412,67,2,67
413,67,3,141
414,67,4,74
415,67,5,41
416,67,6,41
417,67,7,143
418,67,11,99
419,67,13,58
420,67,15,76
421,68,1,68
422,68,2,68
423,68,3,142
424,68,4,75
425,68,5,42
426,68,6,42
427,68,7,144
428,68,11,100
429,68,13,59
430,68,15,77
431,69,1,69
432,69,2,69
433,69,3,64
434,69,7,64
435,69,14,26
436,70,1,70
437,70,2,70
438,70,3,65
439,70,7,65
440,70,14,27
441,71,1,71
442,71,2,71
443,71,3,66
444,71,7,66
445,71,14,28
446,72,1,72
447,72,2,72
448,72,3,162
449,72,4,66
450,72,5,136
451,72,6,136
452,72,7,164
453,72,13,25
454,72,15,68
455,73,1,73
456,73,2,73
457,73,3,163
458,73,4,67
459,73,5,137
460,73,6,137
461,73,7,165
462,73,13,26
463,73,15,69
464,74,1,74
465,74,2,74
466,74,3,34
467,74,4,57
468,74,5,31
469,74,6,31
470,74,7,34
471,74,14,9
472,74,15,58
473,75,1,75
474,75,2,75
475,75,3,35
476,75,4,58
477,75,5,32
478,75,6,32
479,75,7,35
480,75,14,10
481,75,15,59
482,76,1,76
483,76,2,76
484,76,3,36
485,76,4,59
486,76,5,33
487,76,6,33
488,76,7,36
489,76,14,11
490,76,15,60
491,77,1,77
492,77,2,77
493,77,3,201
494,77,5,90
495,77,6,90
496,77,7,206
497,78,1,78
498,78,2,78
499,78,3,202
500,78,5,91
501,78,6,91
502,78,7,207
503,79,1,79
504,79,2,79
505,79,3,80
506,79,7,80
507,79,13,133
508,80,1,80
509,80,2,80
510,80,3,81
511,80,7,81
512,80,13,134
513,81,1,81
514,81,2,81
515,81,3,118
516,81,4,82
517,81,6,178
518,81,7,119
519,81,9,48
520,81,14,69
521,81,15,84
522,82,1,82
523,82,2,82
524,82,3,119
525,82,4,83
526,82,6,179
527,82,7,120
528,82,9,49
529,82,14,70
530,82,15,85
531,83,1,83
532,83,2,83
533,83,3,158
534,83,7,160
535,83,12,61
536,84,1,84
537,84,2,84
538,84,3,199
539,84,4,92
540,84,7,204
541,84,12,94
542,84,15,95
543,85,1,85
544,85,2,85
545,85,3,200
546,85,4,93
547,85,7,205
548,85,12,95
549,85,15,96
550,86,1,86
551,86,2,86
552,86,3,176
553,86,7,178
554,86,9,265
555,87,1,87
556,87,2,87
557,87,3,177
558,87,7,179
559,87,9,266
560,88,1,88
561,88,2,88
562,88,3,116
563,88,4,106
564,88,7,117
565,88,9,64
566,88,15,111
567,89,1,89
568,89,2,89
569,89,3,117
570,89,4,107
571,89,7,118
572,89,9,65
573,89,15,112
574,90,1,90
575,90,2,90
576,90,3,169
577,90,7,171
578,90,13,36
579,91,1,91
580,91,2,91
581,91,3,170
582,91,7,172
583,91,13,37
584,92,1,92
585,92,2,92
586,92,3,58
587,92,5,69
588,92,6,69
589,92,7,58
590,92,11,112
591,92,14,30
592,93,1,93
593,93,2,93
594,93,3,59
595,93,5,70
596,93,6,70
597,93,7,59
598,93,11,113
599,93,14,31
600,94,1,94
601,94,2,94
602,94,3,60
603,94,5,71
604,94,6,71
605,94,7,60
606,94,11,114
607,94,14,32
608,95,1,95
609,95,2,95
610,95,3,62
611,95,5,34
612,95,6,34
613,95,7,62
614,95,9,71
615,95,11,175
616,95,13,53
617,96,1,96
618,96,2,96
619,96,3,87
620,96,7,87
621,97,1,97
622,97,2,97
623,97,3,88
624,97,7,88
625,98,1,98
626,98,2,98
627,98,3,164
628,98,7,166
629,99,1,99
630,99,2,99
631,99,3,165
632,99,7,167
633,100,1,100
634,100,2,100
635,100,3,120
636,100,4,84
637,100,7,121
638,100,14,72
639,100,15,87
640,101,1,101
641,101,2,101
642,101,3,121
643,101,4,85
644,101,7,122
645,101,14,73
646,101,15,88
647,102,1,102
648,102,2,102
649,102,3,104
650,102,7,105
651,102,13,136
652,103,1,103
653,103,2,103
654,103,3,105
655,103,7,106
656,103,13,137
657,104,1,104
658,104,2,104
659,104,3,203
660,104,7,208
661,104,13,60
662,105,1,105
663,105,2,105
664,105,3,204
665,105,7,209
666,105,13,61
667,106,1,106
668,106,2,106
669,106,3,144
670,106,7,146
671,107,1,107
672,107,2,107
673,107,3,145
674,107,7,147
675,108,1,108
676,108,2,108
677,108,3,178
678,108,6,161
679,108,7,180
680,108,9,284
681,108,14,134
682,109,1,109
683,109,2,109
684,109,3,114
685,109,4,108
686,109,7,115
687,109,9,46
688,109,15,113
689,110,1,110
690,110,2,110
691,110,3,115
692,110,4,109
693,110,7,116
694,110,9,47
695,110,15,114
696,111,1,111
697,111,2,111
698,111,3,206
699,111,4,169
700,111,6,186
701,111,7,211
702,111,11,160
703,111,13,50
704,111,15,176
705,112,1,112
706,112,2,112
707,112,3,207
708,112,4,170
709,112,6,187
710,112,7,212
711,112,11,161
712,112,13,51
713,112,15,177
714,113,1,113
715,113,2,113
716,113,3,217
717,113,5,97
718,113,6,97
719,113,7,222
720,114,1,114
721,114,2,114
722,114,3,179
723,114,6,181
724,114,7,182
725,114,9,217
726,115,1,115
727,115,2,115
728,115,3,205
729,115,7,210
730,115,13,62
731,116,1,116
732,116,2,116
733,116,3,186
734,116,4,184
735,116,7,190
736,116,13,39
737,116,15,193
738,117,1,117
739,117,2,117
740,117,3,187
741,117,4,185
742,117,7,191
743,117,13,40
744,117,15,194
745,118,1,118
746,118,2,118
747,118,3,78
748,118,4,50
749,118,5,78
750,118,6,78
751,118,7,78
752,118,12,53
753,118,15,51
754,119,1,119
755,119,2,119
756,119,3,79
757,119,4,51
758,119,5,79
759,119,6,79
760,119,7,79
761,119,12,54
762,119,15,52
763,120,1,120
764,120,2,120
765,120,3,167
766,120,4,143
767,120,7,169
768,120,9,238
769,120,13,34
770,120,15,148
771,121,1,121
772,121,2,121
773,121,3,168
774,121,4,144
775,121,7,170
776,121,9,239
777,121,13,35
778,121,15,149
779,122,1,122
780,122,2,122
781,122,3,156
782,122,5,95
783,122,6,95
784,122,7,158
785,122,13,114
786,123,1,123
787,123,2,123
788,123,3,110
789,123,6,195
790,123,7,111
791,123,11,188
792,123,14,136
793,124,1,124
794,124,2,124
795,124,3,153
796,124,7,155
797,124,14,84
798,125,1,125
799,125,2,125
800,125,3,155
801,125,6,198
802,125,7,157
803,125,9,57
804,126,1,126
805,126,2,126
806,126,3,151
807,126,6,201
808,126,7,153
809,126,9,54
810,127,1,127
811,127,2,127
812,127,3,112
813,127,4,167
814,127,7,113
815,127,9,146
816,127,13,130
817,127,15,174
818,128,1,128
819,128,2,128
820,128,3,148
821,128,7,150
822,128,13,125
823,129,1,129
824,129,2,129
825,129,3,76
826,129,4,52
827,129,5,23
828,129,6,23
829,129,7,76
830,129,11,13
831,129,12,49
832,129,15,53
833,130,1,130
834,130,2,130
835,130,3,77
836,130,4,53
837,130,5,24
838,130,6,24
839,130,7,77
840,130,11,14
841,130,12,50
842,130,15,54
843,131,1,131
844,131,2,131
845,131,3,219
846,131,7,224
847,131,9,242
848,131,11,190
849,131,13,150
850,132,1,132
851,132,2,132
852,132,3,92
853,132,7,92
854,132,9,261
855,132,14,138
856,133,1,133
857,133,2,133
858,133,3,180
859,133,6,163
860,133,7,184
861,133,9,91
862,133,11,1
863,133,13,77
864,134,1,134
865,134,2,134
866,134,3,181
867,134,6,164
868,134,7,185
869,134,9,92
870,134,11,2
871,134,13,78
872,135,1,135
873,135,2,135
874,135,3,182
875,135,6,165
876,135,7,186
877,135,9,93
878,135,11,3
879,135,13,79
880,136,1,136
881,136,2,136
882,136,3,183
883,136,6,166
884,136,7,187
885,136,9,94
886,136,11,4
887,136,13,80
888,137,1,137
889,137,2,137
890,137,3,215
891,137,6,192
892,137,7,220
893,138,1,138
894,138,2,138
895,138,3,220
896,138,7,225
897,139,1,139
898,139,2,139
899,139,3,221
900,139,7,226
901,140,1,140
902,140,2,140
903,140,3,222
904,140,7,227
905,141,1,141
906,141,2,141
907,141,3,223
908,141,7,228
909,142,1,142
910,142,2,142
911,142,3,224
912,142,7,229
913,142,13,68
914,143,1,143
915,143,2,143
916,143,3,225
917,143,5,113
918,143,6,113
919,143,7,230
920,143,11,179
921,143,12,139
922,144,1,144
923,144,2,144
924,144,3,235
925,144,7,240
926,144,11,192
927,144,13,151
928,145,1,145
929,145,2,145
930,145,3,236
931,145,7,241
932,145,13,152
933,146,1,146
934,146,2,146
935,146,3,237
936,146,7,242
937,146,13,153
938,147,1,147
939,147,2,147
940,147,3,241
941,147,7,246
942,147,11,76
943,147,14,145
944,148,1,148
945,148,2,148
946,148,3,242
947,148,7,247
948,148,11,77
949,148,14,146
950,149,1,149
951,149,2,149
952,149,3,243
953,149,7,248
954,149,11,78
955,149,14,147
956,150,1,150
957,150,2,150
958,150,3,249
959,150,7,254
960,150,11,196
961,150,14,151
962,151,1,151
963,151,2,151
964,151,3,250
965,151,7,255
966,152,1,152
967,152,3,1
968,152,7,1
969,153,1,153
970,153,3,2
971,153,7,2
972,154,1,154
973,154,3,3
974,154,7,3
975,155,1,155
976,155,3,4
977,155,7,4
978,156,1,156
979,156,3,5
980,156,7,5
981,157,1,157
982,157,3,6
983,157,7,6
984,158,1,158
985,158,3,7
986,158,7,7
987,159,1,159
988,159,3,8
989,159,7,8
990,160,1,160
991,160,3,9
992,160,7,9
993,161,1,161
994,161,3,19
995,161,7,19
996,161,12,109
997,162,1,162
998,162,3,20
999,162,7,20
1000,162,12,110
1001,163,1,163
1002,163,3,15
1003,163,5,106
1004,163,6,106
1005,163,7,15
1006,163,14,117
1007,164,1,164
1008,164,3,16
1009,164,5,107
1010,164,6,107
1011,164,7,16
1012,164,14,118
1013,165,1,165
1014,165,3,30
1015,165,7,30
1016,165,12,74
1017,166,1,166
1018,166,3,31
1019,166,7,31
1020,166,12,75
1021,167,1,167
1022,167,3,32
1023,167,7,32
1024,167,14,107
1025,168,1,168
1026,168,3,33
1027,168,7,33
1028,168,14,108
1029,169,1,169
1030,169,3,39
1031,169,4,65
1032,169,5,30
1033,169,6,30
1034,169,7,39
1035,169,9,63
1036,169,11,25
1037,169,12,147
1038,169,15,67
1039,170,1,170
1040,170,3,174
1041,170,4,181
1042,170,7,176
1043,170,13,147
1044,170,15,190
1045,171,1,171
1046,171,3,175
1047,171,4,182
1048,171,7,177
1049,171,13,148
1050,171,15,191
1051,172,1,172
1052,172,3,21
1053,172,4,155
1054,172,5,103
1055,172,6,103
1056,172,7,21
1057,172,11,15
1058,172,12,35
1059,172,15,162
1060,173,1,173
1061,173,3,40
1062,173,5,99
1063,173,6,99
1064,173,7,40
1065,173,9,88
1066,174,1,174
1067,174,3,43
1068,174,4,137
1069,174,7,43
1070,174,9,281
1071,174,11,20
1072,174,14,119
1073,174,15,142
1074,175,1,175
1075,175,3,46
1076,175,6,173
1077,175,7,46
1078,176,1,176
1079,176,3,47
1080,176,6,174
1081,176,7,47
1082,177,1,177
1083,177,3,159
1084,177,4,162
1085,177,7,161
1086,177,15,169
1087,178,1,178
1088,178,3,160
1089,178,4,163
1090,178,7,162
1091,178,15,170
1092,179,1,179
1093,179,3,53
1094,179,7,53
1095,179,9,25
1096,179,11,45
1097,179,13,127
1098,180,1,180
1099,180,3,54
1100,180,7,54
1101,180,9,26
1102,180,11,46
1103,180,13,128
1104,181,1,181
1105,181,3,55
1106,181,7,55
1107,181,9,27
1108,181,11,47
1109,181,13,129
1110,182,1,182
1111,182,3,86
1112,182,4,91
1113,182,7,86
1114,182,12,108
1115,182,15,94
1116,183,1,183
1117,183,3,130
1118,183,4,55
1119,183,5,125
1120,183,6,125
1121,183,7,132
1122,183,9,31
1123,183,12,42
1124,183,15,56
1125,184,1,184
1126,184,3,131
1127,184,4,56
1128,184,5,126
1129,184,6,126
1130,184,7,133
1131,184,9,32
1132,184,12,43
1133,184,15,57
1134,185,1,185
1135,185,3,106
1136,185,5,93
1137,185,6,93
1138,185,7,107
1139,185,14,130
1140,186,1,186
1141,186,3,75
1142,186,7,75
1143,186,14,36
1144,187,1,187
1145,187,3,67
1146,187,7,67
1147,187,12,135
1148,188,1,188
1149,188,3,68
1150,188,7,68
1151,188,12,136
1152,189,1,189
1153,189,3,69
1154,189,7,69
1155,189,12,137
1156,190,1,190
1157,190,3,122
1158,190,5,63
1159,190,6,63
1160,190,7,123
1161,191,1,191
1162,191,3,102
1163,191,7,103
1164,191,9,20
1165,192,1,192
1166,192,3,103
1167,192,7,104
1168,192,9,21
1169,193,1,193
1170,193,3,101
1171,193,6,183
1172,193,7,101
1173,193,9,286
1174,193,13,87
1175,194,1,194
1176,194,3,56
1177,194,5,117
1178,194,6,117
1179,194,7,56
1180,194,11,18
1181,194,14,17
1182,195,1,195
1183,195,3,57
1184,195,5,118
1185,195,6,118
1186,195,7,57
1187,195,11,19
1188,195,14,18
1189,196,1,196
1190,196,3,184
1191,196,6,167
1192,196,7,188
1193,196,9,95
1194,196,11,5
1195,196,13,81
1196,197,1,197
1197,197,3,185
1198,197,6,168
1199,197,7,189
1200,197,9,96
1201,197,11,6
1202,197,13,82
1203,198,1,198
1204,198,3,208
1205,198,5,74
1206,198,6,74
1207,198,7,213
1208,198,14,51
1209,199,1,199
1210,199,3,82
1211,199,7,82
1212,199,13,135
1213,200,1,200
1214,200,3,214
1215,200,5,72
1216,200,6,72
1217,200,7,219
1218,200,11,183
1219,201,1,201
1220,201,3,61
1221,201,5,114
1222,201,6,114
1223,201,7,61
1224,202,1,202
1225,202,3,107
1226,202,4,161
1227,202,7,108
1228,202,13,119
1229,202,15,168
1230,203,1,203
1231,203,3,147
1232,203,4,164
1233,203,5,121
1234,203,6,121
1235,203,7,149
1236,203,15,171
1237,204,1,204
1238,204,3,93
1239,204,7,93
1240,204,11,56
1241,205,1,205
1242,205,3,94
1243,205,7,94
1244,205,11,57
1245,206,1,206
1246,206,3,52
1247,206,7,52
1248,206,9,35
1249,206,12,40
1250,207,1,207
1251,207,3,189
1252,207,6,153
1253,207,7,193
1254,207,9,221
1255,207,14,115
1256,208,1,208
1257,208,3,63
1258,208,5,35
1259,208,6,35
1260,208,7,63
1261,208,9,72
1262,208,11,176
1263,208,13,54
1264,209,1,209
1265,209,3,123
1266,209,7,125
1267,209,13,71
1268,210,1,210
1269,210,3,124
1270,210,7,126
1271,210,13,72
1272,211,1,211
1273,211,3,161
1274,211,7,163
1275,211,13,38
1276,212,1,212
1277,212,3,111
1278,212,6,196
1279,212,7,112
1280,212,11,189
1281,212,14,137
1282,213,1,213
1283,213,3,166
1284,213,7,168
1285,213,9,232
1286,213,14,14
1287,214,1,214
1288,214,3,113
1289,214,4,168
1290,214,5,62
1291,214,6,62
1292,214,7,114
1293,214,9,145
1294,214,13,131
1295,214,15,175
1296,215,1,215
1297,215,3,213
1298,215,5,144
1299,215,6,144
1300,215,7,218
1301,215,9,252
1302,215,11,181
1303,215,14,91
1304,216,1,216
1305,216,3,193
1306,216,7,198
1307,216,14,132
1308,217,1,217
1309,217,3,194
1310,217,7,199
1311,217,14,133
1312,218,1,218
1313,218,3,211
1314,218,4,103
1315,218,7,216
1316,218,14,12
1317,218,15,108
1318,219,1,219
1319,219,3,212
1320,219,4,104
1321,219,7,217
1322,219,14,13
1323,219,15,109
1324,220,1,220
1325,220,3,191
1326,220,6,203
1327,220,7,195
1328,220,9,258
1329,220,14,76
1330,221,1,221
1331,221,3,192
1332,221,6,204
1333,221,7,196
1334,221,9,259
1335,221,14,77
1336,222,1,222
1337,222,3,171
1338,222,4,180
1339,222,7,173
1340,222,9,237
1341,222,13,146
1342,222,15,189
1343,223,1,223
1344,223,3,172
1345,223,5,132
1346,223,6,132
1347,223,7,174
1348,223,9,235
1349,223,13,144
1350,224,1,224
1351,224,3,173
1352,224,5,133
1353,224,6,133
1354,224,7,175
1355,224,9,236
1356,224,13,145
1357,225,1,225
1358,225,3,190
1359,225,7,194
1360,225,9,254
1361,225,14,90
1362,226,1,226
1363,226,3,197
1364,226,5,141
1365,226,6,141
1366,226,7,202
1367,226,9,234
1368,226,13,140
1369,227,1,227
1370,227,3,198
1371,227,4,115
1372,227,7,203
1373,227,9,203
1374,227,14,112
1375,227,15,120
1376,228,1,228
1377,228,3,209
1378,228,6,176
1379,228,7,214
1380,228,13,75
1381,229,1,229
1382,229,3,210
1383,229,6,177
1384,229,7,215
1385,229,13,76
1386,230,1,230
1387,230,3,188
1388,230,4,186
1389,230,7,192
1390,230,13,41
1391,230,15,195
1392,231,1,231
1393,231,3,195
1394,231,4,165
1395,231,7,200
1396,231,15,172
1397,232,1,232
1398,232,3,196
1399,232,4,166
1400,232,7,201
1401,232,15,173
1402,233,1,233
1403,233,3,216
1404,233,6,193
1405,233,7,221
1406,234,1,234
1407,234,3,129
1408,234,7,131
1409,235,1,235
1410,235,3,157
1411,235,7,159
1412,235,12,124
1413,236,1,236
1414,236,3,143
1415,236,7,145
1416,237,1,237
1417,237,3,146
1418,237,7,148
1419,238,1,238
1420,238,3,152
1421,238,7,154
1422,238,14,83
1423,239,1,239
1424,239,3,154
1425,239,6,197
1426,239,7,156
1427,239,9,56
1428,240,1,240
1429,240,3,150
1430,240,6,200
1431,240,7,152
1432,240,9,53
1433,241,1,241
1434,241,3,149
1435,241,7,151
1436,241,13,126
1437,242,1,242
1438,242,3,218
1439,242,5,98
1440,242,6,98
1441,242,7,223
1442,243,1,243
1443,243,3,238
1444,243,7,243
1445,244,1,244
1446,244,3,239
1447,244,7,244
1448,245,1,245
1449,245,3,240
1450,245,7,245
1451,246,1,246
1452,246,3,244
1453,246,7,249
1454,246,9,292
1455,246,11,79
1456,246,14,102
1457,247,1,247
1458,247,3,245
1459,247,7,250
1460,247,9,293
1461,247,11,80
1462,247,14,103
1463,248,1,248
1464,248,3,246
1465,248,7,251
1466,248,9,294
1467,248,11,81
1468,248,14,104
1469,249,1,249
1470,249,3,247
1471,249,7,252
1472,250,1,250
1473,250,3,248
1474,250,7,253
1475,251,1,251
1476,251,3,251
1477,251,7,256
1478,252,1,252
1479,252,4,1
1480,252,11,130
1481,252,15,1
1482,253,1,253
1483,253,4,2
1484,253,11,131
1485,253,15,2
1486,254,1,254
1487,254,4,3
1488,254,11,132
1489,254,15,3
1490,255,1,255
1491,255,4,4
1492,255,15,4
1493,256,1,256
1494,256,4,5
1495,256,15,5
1496,257,1,257
1497,257,4,6
1498,257,15,6
1499,258,1,258
1500,258,4,7
1501,258,15,7
1502,259,1,259
1503,259,4,8
1504,259,15,8
1505,260,1,260
1506,260,4,9
1507,260,15,9
1508,261,1,261
1509,261,4,10
1510,261,14,44
1511,261,15,10
1512,262,1,262
1513,262,4,11
1514,262,14,45
1515,262,15,11
1516,263,1,263
1517,263,4,12
1518,263,12,12
1519,263,15,12
1520,264,1,264
1521,264,4,13
1522,264,12,13
1523,264,15,13
1524,265,1,265
1525,265,4,14
1526,265,5,48
1527,265,6,48
1528,265,15,14
1529,266,1,266
1530,266,4,15
1531,266,5,49
1532,266,6,49
1533,266,15,15
1534,267,1,267
1535,267,4,16
1536,267,5,50
1537,267,6,50
1538,267,15,16
1539,268,1,268
1540,268,4,17
1541,268,5,51
1542,268,6,51
1543,268,15,17
1544,269,1,269
1545,269,4,18
1546,269,5,52
1547,269,6,52
1548,269,15,18
1549,270,1,270
1550,270,4,19
1551,270,14,55
1552,270,15,19
1553,271,1,271
1554,271,4,20
1555,271,14,56
1556,271,15,20
1557,272,1,272
1558,272,4,21
1559,272,14,57
1560,272,15,21
1561,273,1,273
1562,273,4,22
1563,273,15,22
1564,274,1,274
1565,274,4,23
1566,274,15,23
1567,275,1,275
1568,275,4,24
1569,275,15,24
1570,276,1,276
1571,276,4,25
1572,276,13,19
1573,276,15,25
1574,277,1,277
1575,277,4,26
1576,277,13,20
1577,277,15,26
1578,278,1,278
1579,278,4,27
1580,278,5,119
1581,278,6,119
1582,278,9,212
1583,278,13,17
1584,278,15,27
1585,279,1,279
1586,279,4,28
1587,279,5,120
1588,279,6,120
1589,279,9,213
1590,279,13,18
1591,279,15,28
1592,280,1,280
1593,280,4,29
1594,280,6,157
1595,280,11,9
1596,280,12,64
1597,280,15,29
1598,281,1,281
1599,281,4,30
1600,281,6,158
1601,281,11,10
1602,281,12,65
1603,281,15,30
1604,282,1,282
1605,282,4,31
1606,282,6,159
1607,282,11,11
1608,282,12,66
1609,282,15,31
1610,283,1,283
1611,283,4,32
1612,283,12,47
1613,283,15,33
1614,284,1,284
1615,284,4,33
1616,284,12,48
1617,284,15,34
1618,285,1,285
1619,285,4,34
1620,285,15,35
1621,286,1,286
1622,286,4,35
1623,286,15,36
1624,287,1,287
1625,287,4,36
1626,287,9,276
1627,287,15,37
1628,288,1,288
1629,288,4,37
1630,288,9,277
1631,288,15,38
1632,289,1,289
1633,289,4,38
1634,289,9,278
1635,289,15,39
1636,290,1,290
1637,290,4,42
1638,290,12,111
1639,290,15,43
1640,291,1,291
1641,291,4,43
1642,291,12,112
1643,291,15,44
1644,292,1,292
1645,292,4,44
1646,292,12,113
1647,292,15,45
1648,293,1,293
1649,293,4,45
1650,293,12,140
1651,293,15,46
1652,294,1,294
1653,294,4,46
1654,294,12,141
1655,294,15,47
1656,295,1,295
1657,295,4,47
1658,295,12,142
1659,295,15,48
1660,296,1,296
1661,296,4,48
1662,296,13,95
1663,296,15,49
1664,297,1,297
1665,297,4,49
1666,297,13,96
1667,297,15,50
1668,298,1,298
1669,298,4,54
1670,298,5,124
1671,298,6,124
1672,298,9,30
1673,298,12,41
1674,298,15,55
1675,299,1,299
1676,299,4,60
1677,299,6,155
1678,299,9,164
1679,299,13,93
1680,299,15,61
1681,300,1,300
1682,300,4,61
1683,300,9,78
1684,300,12,78
1685,300,15,63
1686,301,1,301
1687,301,4,62
1688,301,9,79
1689,301,12,79
1690,301,15,64
1691,302,1,302
1692,302,4,68
1693,302,13,123
1694,302,15,70
1695,303,1,303
1696,303,4,69
1697,303,13,63
1698,303,15,71
1699,304,1,304
1700,304,4,70
1701,304,9,166
1702,304,11,149
1703,304,14,99
1704,304,15,72
1705,305,1,305
1706,305,4,71
1707,305,9,167
1708,305,11,150
1709,305,14,100
1710,305,15,73
1711,306,1,306
1712,306,4,72
1713,306,9,168
1714,306,11,151
1715,306,14,101
1716,306,15,74
1717,307,1,307
1718,307,4,76
1719,307,5,86
1720,307,6,86
1721,307,12,143
1722,307,15,78
1723,308,1,308
1724,308,4,77
1725,308,5,87
1726,308,6,87
1727,308,12,144
1728,308,15,79
1729,309,1,309
1730,309,4,78
1731,309,13,73
1732,309,15,80
1733,310,1,310
1734,310,4,79
1735,310,13,74
1736,310,15,81
1737,311,1,311
1738,311,4,80
1739,311,12,96
1740,311,15,82
1741,312,1,312
1742,312,4,81
1743,312,12,97
1744,312,15,83
1745,313,1,313
1746,313,4,86
1747,313,12,133
1748,313,15,89
1749,314,1,314
1750,314,4,87
1751,314,12,134
1752,314,15,90
1753,315,1,315
1754,315,4,94
1755,315,5,26
1756,315,6,26
1757,315,9,134
1758,315,12,72
1759,315,15,98
1760,316,1,316
1761,316,4,95
1762,316,12,98
1763,316,15,100
1764,317,1,317
1765,317,4,96
1766,317,12,99
1767,317,15,101
1768,318,1,318
1769,318,4,97
1770,318,12,55
1771,318,15,102
1772,319,1,319
1773,319,4,98
1774,319,12,56
1775,319,15,103
1776,320,1,320
1777,320,4,99
1778,320,9,240
1779,320,13,27
1780,320,15,104
1781,321,1,321
1782,321,4,100
1783,321,9,241
1784,321,13,28
1785,321,15,105
1786,322,1,322
1787,322,4,101
1788,322,9,204
1789,322,15,106
1790,323,1,323
1791,323,4,102
1792,323,9,205
1793,323,15,107
1794,324,1,324
1795,324,4,105
1796,324,14,96
1797,324,15,110
1798,325,1,325
1799,325,4,110
1800,325,9,206
1801,325,13,7
1802,325,15,115
1803,326,1,326
1804,326,4,111
1805,326,9,207
1806,326,13,8
1807,326,15,116
1808,327,1,327
1809,327,4,114
1810,327,14,131
1811,327,15,119
1812,328,1,328
1813,328,4,116
1814,328,9,121
1815,328,14,3
1816,328,15,121
1817,329,1,329
1818,329,4,117
1819,329,9,122
1820,329,14,4
1821,329,15,122
1822,330,1,330
1823,330,4,118
1824,330,9,123
1825,330,14,5
1826,330,15,123
1827,331,1,331
1828,331,4,119
1829,331,15,124
1830,332,1,332
1831,332,4,120
1832,332,15,125
1833,333,1,333
1834,333,4,121
1835,333,6,171
1836,333,9,246
1837,333,14,139
1838,333,15,126
1839,334,1,334
1840,334,4,122
1841,334,6,172
1842,334,9,247
1843,334,14,140
1844,334,15,127
1845,335,1,335
1846,335,4,123
1847,335,9,186
1848,335,13,5
1849,335,15,128
1850,336,1,336
1851,336,4,124
1852,336,9,187
1853,336,13,6
1854,336,15,129
1855,337,1,337
1856,337,4,125
1857,337,9,214
1858,337,13,12
1859,337,15,130
1860,338,1,338
1861,338,4,126
1862,338,9,215
1863,338,13,13
1864,338,15,131
1865,339,1,339
1866,339,4,127
1867,339,5,80
1868,339,6,80
1869,339,14,40
1870,339,15,132
1871,340,1,340
1872,340,4,128
1873,340,5,81
1874,340,6,81
1875,340,14,41
1876,340,15,133
1877,341,1,341
1878,341,4,129
1879,341,9,279
1880,341,12,51
1881,341,15,134
1882,342,1,342
1883,342,4,130
1884,342,9,280
1885,342,12,52
1886,342,15,135
1887,343,1,343
1888,343,4,131
1889,343,9,169
1890,343,15,136
1891,344,1,344
1892,344,4,132
1893,344,9,170
1894,344,15,137
1895,345,1,345
1896,345,4,133
1897,345,15,138
1898,346,1,346
1899,346,4,134
1900,346,15,139
1901,347,1,347
1902,347,4,135
1903,347,11,171
1904,347,15,140
1905,348,1,348
1906,348,4,136
1907,348,11,172
1908,348,15,141
1909,349,1,349
1910,349,4,140
1911,349,5,138
1912,349,6,138
1913,349,15,145
1914,350,1,350
1915,350,4,141
1916,350,5,139
1917,350,6,139
1918,350,15,146
1919,351,1,351
1920,351,4,142
1921,351,9,163
1922,351,15,147
1923,352,1,352
1924,352,4,145
1925,352,12,116
1926,352,15,150
1927,353,1,353
1928,353,4,146
1929,353,9,210
1930,353,14,122
1931,353,15,151
1932,354,1,354
1933,354,4,147
1934,354,9,211
1935,354,14,123
1936,354,15,152
1937,355,1,355
1938,355,4,148
1939,355,6,189
1940,355,11,69
1941,355,15,153
1942,356,1,356
1943,356,4,149
1944,356,6,190
1945,356,11,70
1946,356,15,154
1947,357,1,357
1948,357,4,150
1949,357,6,185
1950,357,9,288
1951,357,15,156
1952,358,1,358
1953,358,4,151
1954,358,5,83
1955,358,6,83
1956,358,11,53
1957,358,13,112
1958,358,15,158
1959,359,1,359
1960,359,4,152
1961,359,6,209
1962,359,9,216
1963,359,13,9
1964,359,15,159
1965,360,1,360
1966,360,4,160
1967,360,13,118
1968,360,15,167
1969,361,1,361
1970,361,4,171
1971,361,6,206
1972,361,11,93
1973,361,15,179
1974,362,1,362
1975,362,4,172
1976,362,6,207
1977,362,11,94
1978,362,15,180
1979,363,1,363
1980,363,4,173
1981,363,9,243
1982,363,11,60
1983,363,15,182
1984,364,1,364
1985,364,4,174
1986,364,9,244
1987,364,11,61
1988,364,15,183
1989,365,1,365
1990,365,4,175
1991,365,9,245
1992,365,11,62
1993,365,15,184
1994,366,1,366
1995,366,4,176
1996,366,13,141
1997,366,15,185
1998,367,1,367
1999,367,4,177
2000,367,13,142
2001,367,15,186
2002,368,1,368
2003,368,4,178
2004,368,13,143
2005,368,15,187
2006,369,1,369
2007,369,4,179
2008,369,13,42
2009,369,15,188
2010,370,1,370
2011,370,4,183
2012,370,13,29
2013,370,15,192
2014,371,1,371
2015,371,4,187
2016,371,13,14
2017,371,15,196
2018,372,1,372
2019,372,4,188
2020,372,13,15
2021,372,15,197
2022,373,1,373
2023,373,4,189
2024,373,13,16
2025,373,15,198
2026,374,1,374
2027,374,4,190
2028,374,9,262
2029,374,11,82
2030,374,15,199
2031,375,1,375
2032,375,4,191
2033,375,9,263
2034,375,11,83
2035,375,15,200
2036,376,1,376
2037,376,4,192
2038,376,9,264
2039,376,11,84
2040,376,15,201
2041,377,1,377
2042,377,4,193
2043,377,15,202
2044,378,1,378
2045,378,4,194
2046,378,15,203
2047,379,1,379
2048,379,4,195
2049,379,11,193
2050,379,15,204
2051,380,1,380
2052,380,4,196
2053,380,15,205
2054,381,1,381
2055,381,4,197
2056,381,15,206
2057,382,1,382
2058,382,4,198
2059,382,15,207
2060,383,1,383
2061,383,4,199
2062,383,11,194
2063,383,15,208
2064,384,1,384
2065,384,4,200
2066,384,11,200
2067,384,15,209
2068,385,1,385
2069,385,4,201
2070,385,15,210
2071,386,1,386
2072,386,4,202
2073,386,15,211
2074,387,1,387
2075,387,5,1
2076,387,6,1
2077,388,1,388
2078,388,5,2
2079,388,6,2
2080,389,1,389
2081,389,5,3
2082,389,6,3
2083,390,1,390
2084,390,5,4
2085,390,6,4
2086,390,11,115
2087,391,1,391
2088,391,5,5
2089,391,6,5
2090,391,11,116
2091,392,1,392
2092,392,5,6
2093,392,6,6
2094,392,11,117
2095,393,1,393
2096,393,5,7
2097,393,6,7
2098,393,11,133
2099,394,1,394
2100,394,5,8
2101,394,6,8
2102,394,11,134
2103,395,1,395
2104,395,5,9
2105,395,6,9
2106,395,11,135
2107,396,1,396
2108,396,5,10
2109,396,6,10
2110,396,11,26
2111,396,13,99
2112,397,1,397
2113,397,5,11
2114,397,6,11
2115,397,11,27
2116,397,13,100
2117,398,1,398
2118,398,5,12
2119,398,6,12
2120,398,11,28
2121,398,13,101
2122,399,1,399
2123,399,5,13
2124,399,6,13
2125,399,11,29
2126,399,12,38
2127,400,1,400
2128,400,5,14
2129,400,6,14
2130,400,11,30
2131,400,12,39
2132,401,1,401
2133,401,5,15
2134,401,6,15
2135,402,1,402
2136,402,5,16
2137,402,6,16
2138,403,1,403
2139,403,5,17
2140,403,6,17
2141,403,11,34
2142,404,1,404
2143,404,5,18
2144,404,6,18
2145,404,11,35
2146,405,1,405
2147,405,5,19
2148,405,6,19
2149,405,11,36
2150,406,1,406
2151,406,5,25
2152,406,6,25
2153,406,9,133
2154,406,12,71
2155,406,15,97
2156,407,1,407
2157,407,5,27
2158,407,6,27
2159,407,9,135
2160,407,12,72
2161,407,15,99
2162,408,1,408
2163,408,5,36
2164,408,6,36
2165,409,1,409
2166,409,5,37
2167,409,6,37
2168,410,1,410
2169,410,5,38
2170,410,6,38
2171,410,11,163
2172,411,1,411
2173,411,5,39
2174,411,6,39
2175,411,11,164
2176,412,1,412
2177,412,5,45
2178,412,6,45
2179,412,12,44
2180,413,1,413
2181,413,5,46
2182,413,6,46
2183,413,12,45
2184,414,1,414
2185,414,5,47
2186,414,6,47
2187,414,12,46
2188,415,1,415
2189,415,5,53
2190,415,6,53
2191,415,9,142
2192,415,12,76
2193,416,1,416
2194,416,5,54
2195,416,6,54
2196,416,9,143
2197,416,12,77
2198,417,1,417
2199,417,5,55
2200,417,6,55
2201,417,13,132
2202,418,1,418
2203,418,5,56
2204,418,6,56
2205,418,9,149
2206,418,14,58
2207,419,1,419
2208,419,5,57
2209,419,6,57
2210,419,9,150
2211,419,14,59
2212,420,1,420
2213,420,5,58
2214,420,6,58
2215,421,1,421
2216,421,5,59
2217,421,6,59
2218,422,1,422
2219,422,5,60
2220,422,6,60
2221,423,1,423
2222,423,5,61
2223,423,6,61
2224,424,1,424
2225,424,5,64
2226,424,6,64
2227,424,7,124
2228,425,1,425
2229,425,5,65
2230,425,6,65
2231,425,9,208
2232,425,11,167
2233,425,13,1
2234,426,1,426
2235,426,5,66
2236,426,6,66
2237,426,9,209
2238,426,11,168
2239,426,13,2
2240,427,1,427
2241,427,5,67
2242,427,6,67
2243,427,9,80
2244,428,1,428
2245,428,5,68
2246,428,6,68
2247,428,9,81
2248,429,1,429
2249,429,5,73
2250,429,6,73
2251,429,11,184
2252,430,1,430
2253,430,5,75
2254,430,6,75
2255,430,14,52
2256,431,1,431
2257,431,5,76
2258,431,6,76
2259,432,1,432
2260,432,5,77
2261,432,6,77
2262,433,1,433
2263,433,5,82
2264,433,6,82
2265,433,11,52
2266,433,13,111
2267,433,15,157
2268,434,1,434
2269,434,5,84
2270,434,6,84
2271,434,13,102
2272,435,1,435
2273,435,5,85
2274,435,6,85
2275,435,13,103
2276,436,1,436
2277,436,5,88
2278,436,6,88
2279,436,9,250
2280,437,1,437
2281,437,5,89
2282,437,6,89
2283,437,9,251
2284,438,1,438
2285,438,5,92
2286,438,6,92
2287,438,14,129
2288,439,1,439
2289,439,5,94
2290,439,6,94
2291,439,13,113
2292,440,1,440
2293,440,5,96
2294,440,6,96
2295,441,1,441
2296,441,5,102
2297,441,6,102
2298,441,13,138
2299,442,1,442
2300,442,5,108
2301,442,6,108
2302,442,11,187
2303,443,1,443
2304,443,5,109
2305,443,6,109
2306,443,11,85
2307,443,14,6
2308,444,1,444
2309,444,5,110
2310,444,6,110
2311,444,11,86
2312,444,14,7
2313,445,1,445
2314,445,5,111
2315,445,6,111
2316,445,11,87
2317,445,14,8
2318,446,1,446
2319,446,5,112
2320,446,6,112
2321,446,11,178
2322,446,12,138
2323,447,1,447
2324,447,5,115
2325,447,6,115
2326,447,9,33
2327,447,11,50
2328,447,12,62
2329,448,1,448
2330,448,5,116
2331,448,6,116
2332,448,9,34
2333,448,11,51
2334,448,12,63
2335,449,1,449
2336,449,5,122
2337,449,6,122
2338,449,13,48
2339,450,1,450
2340,450,5,123
2341,450,6,123
2342,450,13,49
2343,451,1,451
2344,451,5,127
2345,451,6,127
2346,451,9,201
2347,451,11,156
2348,451,14,15
2349,452,1,452
2350,452,5,128
2351,452,6,128
2352,452,9,202
2353,452,11,157
2354,452,14,16
2355,453,1,453
2356,453,5,129
2357,453,6,129
2358,453,9,290
2359,453,11,88
2360,453,12,125
2361,454,1,454
2362,454,5,130
2363,454,6,130
2364,454,9,291
2365,454,11,89
2366,454,12,126
2367,455,1,455
2368,455,5,131
2369,455,6,131
2370,455,9,289
2371,455,11,186
2372,455,14,29
2373,456,1,456
2374,456,5,134
2375,456,6,134
2376,457,1,457
2377,457,5,135
2378,457,6,135
2379,458,1,458
2380,458,5,140
2381,458,6,140
2382,458,9,233
2383,458,13,139
2384,459,1,459
2385,459,5,142
2386,459,6,142
2387,459,14,88
2388,460,1,460
2389,460,5,143
2390,460,6,143
2391,460,14,89
2392,461,1,461
2393,461,5,145
2394,461,6,145
2395,461,9,253
2396,461,11,182
2397,461,14,92
2398,462,1,462
2399,462,6,180
2400,462,9,50
2401,462,14,71
2402,462,15,86
2403,463,1,463
2404,463,6,162
2405,463,7,181
2406,463,9,285
2407,463,14,135
2408,464,1,464
2409,464,6,188
2410,464,11,162
2411,464,13,52
2412,464,15,178
2413,465,1,465
2414,465,6,182
2415,465,7,183
2416,465,9,218
2417,466,1,466
2418,466,6,199
2419,466,9,58
2420,467,1,467
2421,467,6,202
2422,467,9,55
2423,468,1,468
2424,468,6,175
2425,469,1,469
2426,469,6,184
2427,469,7,102
2428,469,9,287
2429,469,13,88
2430,470,1,470
2431,470,6,169
2432,470,9,97
2433,470,11,7
2434,470,13,83
2435,471,1,471
2436,471,6,170
2437,471,9,98
2438,471,11,8
2439,471,13,84
2440,472,1,472
2441,472,6,154
2442,472,9,222
2443,472,14,116
2444,473,1,473
2445,473,6,205
2446,473,7,197
2447,473,9,260
2448,473,14,78
2449,474,1,474
2450,474,6,194
2451,475,1,475
2452,475,6,160
2453,475,11,12
2454,475,12,67
2455,475,15,32
2456,476,1,476
2457,476,6,156
2458,476,9,165
2459,476,13,94
2460,476,15,62
2461,477,1,477
2462,477,6,191
2463,477,11,71
2464,477,15,155
2465,478,1,478
2466,478,6,208
2467,478,11,95
2468,478,15,181
2469,479,1,479
2470,479,6,152
2471,479,14,68
2472,480,1,480
2473,480,5,146
2474,480,6,146
2475,481,1,481
2476,481,5,147
2477,481,6,147
2478,482,1,482
2479,482,5,148
2480,482,6,148
2481,483,1,483
2482,483,5,149
2483,483,6,149
2484,483,11,195
2485,484,1,484
2486,484,5,150
2487,484,6,150
2488,485,1,485
2489,486,1,486
2490,487,1,487
2491,487,6,210
2492,488,1,488
2493,489,1,489
2494,490,1,490
2495,490,5,151
2496,490,6,151
2497,491,1,491
2498,492,1,492
2499,493,1,493
2500,493,11,199
2501,494,1,494
2502,494,8,0
2503,494,9,0
2504,495,1,495
2505,495,8,1
2506,495,9,1
2507,495,11,118
2508,496,1,496
2509,496,8,2
2510,496,9,2
2511,496,11,119
2512,497,1,497
2513,497,8,3
2514,497,9,3
2515,497,11,120
2516,498,1,498
2517,498,8,4
2518,498,9,4
2519,498,11,121
2520,499,1,499
2521,499,8,5
2522,499,9,5
2523,499,11,122
2524,500,1,500
2525,500,8,6
2526,500,9,6
2527,500,11,123
2528,501,1,501
2529,501,8,7
2530,501,9,7
2531,501,11,106
2532,502,1,502
2533,502,8,8
2534,502,9,8
2535,502,11,107
2536,503,1,503
2537,503,8,9
2538,503,9,9
2539,503,11,108
2540,504,1,504
2541,504,8,10
2542,504,9,10
2543,504,14,46
2544,505,1,505
2545,505,8,11
2546,505,9,11
2547,505,14,47
2548,506,1,506
2549,506,8,12
2550,506,9,22
2551,507,1,507
2552,507,8,13
2553,507,9,23
2554,508,1,508
2555,508,8,14
2556,508,9,24
2557,509,1,509
2558,509,8,15
2559,509,9,12
2560,509,14,42
2561,510,1,510
2562,510,8,16
2563,510,9,13
2564,510,14,43
2565,511,1,511
2566,511,8,17
2567,511,9,37
2568,511,11,136
2569,511,12,29
2570,512,1,512
2571,512,8,18
2572,512,9,38
2573,512,11,137
2574,512,12,30
2575,513,1,513
2576,513,8,19
2577,513,9,39
2578,513,11,138
2579,513,12,31
2580,514,1,514
2581,514,8,20
2582,514,9,40
2583,514,11,139
2584,514,12,32
2585,515,1,515
2586,515,8,21
2587,515,9,41
2588,515,11,140
2589,515,12,33
2590,516,1,516
2591,516,8,22
2592,516,9,42
2593,516,11,141
2594,516,12,34
2595,517,1,517
2596,517,8,23
2597,517,9,86
2598,517,11,72
2599,518,1,518
2600,518,8,24
2601,518,9,87
2602,518,11,73
2603,519,1,519
2604,519,8,25
2605,519,9,14
2606,520,1,520
2607,520,8,26
2608,520,9,15
2609,521,1,521
2610,521,8,27
2611,521,9,16
2612,522,1,522
2613,522,8,28
2614,522,9,147
2615,522,11,74
2616,523,1,523
2617,523,8,29
2618,523,9,148
2619,523,11,75
2620,524,1,524
2621,524,8,30
2622,524,9,68
2623,524,11,40
2624,524,13,120
2625,525,1,525
2626,525,8,31
2627,525,9,69
2628,525,11,41
2629,525,13,121
2630,526,1,526
2631,526,8,32
2632,526,9,70
2633,526,11,42
2634,526,13,122
2635,527,1,527
2636,527,8,33
2637,527,9,66
2638,527,13,55
2639,528,1,528
2640,528,8,34
2641,528,9,67
2642,528,13,56
2643,529,1,529
2644,529,8,35
2645,529,9,76
2646,529,11,152
2647,530,1,530
2648,530,8,36
2649,530,9,77
2650,530,11,153
2651,531,1,531
2652,531,8,37
2653,531,9,36
2654,531,11,185
2655,531,12,123
2656,532,1,532
2657,532,8,38
2658,532,9,73
2659,532,11,101
2660,532,14,93
2661,533,1,533
2662,533,8,39
2663,533,9,74
2664,533,11,102
2665,533,14,94
2666,534,1,534
2667,534,8,40
2668,534,9,75
2669,534,11,103
2670,534,14,95
2671,535,1,535
2672,535,8,41
2673,535,9,228
2674,536,1,536
2675,536,8,42
2676,536,9,229
2677,537,1,537
2678,537,8,43
2679,537,9,230
2680,538,1,538
2681,538,8,44
2682,538,9,267
2683,538,13,97
2684,539,1,539
2685,539,8,45
2686,539,9,268
2687,539,13,98
2688,540,1,540
2689,540,8,46
2690,540,9,17
2691,540,11,124
2692,541,1,541
2693,541,8,47
2694,541,9,18
2695,541,11,125
2696,542,1,542
2697,542,8,48
2698,542,9,19
2699,542,11,126
2700,543,1,543
2701,543,8,49
2702,543,9,43
2703,543,11,31
2704,543,12,120
2705,544,1,544
2706,544,8,50
2707,544,9,44
2708,544,11,32
2709,544,12,121
2710,545,1,545
2711,545,8,51
2712,545,9,45
2713,545,11,33
2714,545,12,122
2715,546,1,546
2716,546,8,52
2717,546,9,82
2718,546,11,48
2719,547,1,547
2720,547,8,53
2721,547,9,83
2722,547,11,49
2723,548,1,548
2724,548,8,54
2725,548,9,84
2726,548,11,43
2727,549,1,549
2728,549,8,55
2729,549,9,85
2730,549,11,44
2731,550,1,550
2732,550,8,56
2733,550,9,104
2734,550,14,60
2735,551,1,551
2736,551,8,57
2737,551,9,99
2738,551,11,66
2739,551,13,43
2740,552,1,552
2741,552,8,58
2742,552,9,100
2743,552,11,67
2744,552,13,44
2745,553,1,553
2746,553,8,59
2747,553,9,101
2748,553,11,68
2749,553,13,45
2750,554,1,554
2751,554,8,60
2752,554,9,102
2753,554,11,142
2754,555,1,555
2755,555,8,61
2756,555,9,103
2757,555,11,143
2758,556,1,556
2759,556,8,62
2760,556,9,119
2761,557,1,557
2762,557,8,63
2763,557,9,115
2764,557,13,23
2765,558,1,558
2766,558,8,64
2767,558,9,116
2768,558,13,24
2769,559,1,559
2770,559,8,65
2771,559,9,117
2772,559,11,165
2773,559,12,100
2774,560,1,560
2775,560,8,66
2776,560,9,118
2777,560,11,166
2778,560,12,101
2779,561,1,561
2780,561,8,67
2781,561,9,120
2782,561,13,90
2783,562,1,562
2784,562,8,68
2785,562,9,124
2786,563,1,563
2787,563,8,69
2788,563,9,125
2789,564,1,564
2790,564,8,70
2791,564,9,126
2792,565,1,565
2793,565,8,71
2794,565,9,127
2795,566,1,566
2796,566,8,72
2797,566,9,128
2798,567,1,567
2799,567,8,73
2800,567,9,129
2801,568,1,568
2802,568,8,74
2803,568,9,105
2804,568,14,74
2805,569,1,569
2806,569,8,75
2807,569,9,106
2808,569,14,75
2809,570,1,570
2810,570,8,76
2811,570,9,151
2812,570,11,154
2813,570,14,124
2814,571,1,571
2815,571,8,77
2816,571,9,152
2817,571,11,155
2818,571,14,125
2819,572,1,572
2820,572,8,78
2821,572,9,107
2822,572,11,96
2823,573,1,573
2824,573,8,79
2825,573,9,108
2826,573,11,97
2827,574,1,574
2828,574,8,80
2829,574,9,136
2830,574,11,63
2831,574,14,126
2832,575,1,575
2833,575,8,81
2834,575,9,137
2835,575,11,64
2836,575,14,127
2837,576,1,576
2838,576,8,82
2839,576,9,138
2840,576,11,65
2841,576,14,128
2842,577,1,577
2843,577,8,83
2844,577,9,139
2845,577,13,115
2846,578,1,578
2847,578,8,84
2848,578,9,140
2849,578,13,116
2850,579,1,579
2851,579,8,85
2852,579,9,141
2853,579,13,117
2854,580,1,580
2855,580,8,86
2856,580,9,153
2857,580,12,127
2858,581,1,581
2859,581,8,87
2860,581,9,154
2861,581,12,128
2862,582,1,582
2863,582,8,88
2864,582,9,255
2865,582,14,85
2866,583,1,583
2867,583,8,89
2868,583,9,256
2869,583,14,86
2870,584,1,584
2871,584,8,90
2872,584,9,257
2873,584,14,87
2874,585,1,585
2875,585,8,91
2876,585,9,159
2877,586,1,586
2878,586,8,92
2879,586,9,160
2880,587,1,587
2881,587,8,93
2882,587,9,144
2883,587,11,180
2884,587,13,86
2885,588,1,588
2886,588,8,94
2887,588,9,155
2888,588,14,22
2889,589,1,589
2890,589,8,95
2891,589,9,156
2892,589,14,23
2893,590,1,590
2894,590,8,96
2895,590,9,161
2896,590,14,53
2897,591,1,591
2898,591,8,97
2899,591,9,162
2900,591,14,54
2901,592,1,592
2902,592,8,98
2903,592,9,180
2904,593,1,593
2905,593,8,99
2906,593,9,181
2907,594,1,594
2908,594,8,100
2909,594,9,182
2910,594,13,149
2911,595,1,595
2912,595,8,101
2913,595,9,173
2914,595,11,147
2915,596,1,596
2916,596,8,102
2917,596,9,174
2918,596,11,148
2919,597,1,597
2920,597,8,103
2921,597,9,175
2922,597,13,69
2923,598,1,598
2924,598,8,104
2925,598,9,176
2926,598,13,70
2927,599,1,599
2928,599,8,105
2929,599,9,130
2930,600,1,600
2931,600,8,106
2932,600,9,131
2933,601,1,601
2934,601,8,107
2935,601,9,132
2936,602,1,602
2937,602,8,108
2938,602,9,177
2939,603,1,603
2940,603,8,109
2941,603,9,178
2942,604,1,604
2943,604,8,110
2944,604,9,179
2945,605,1,605
2946,605,8,111
2947,605,9,188
2948,606,1,606
2949,606,8,112
2950,606,9,189
2951,607,1,607
2952,607,8,113
2953,607,9,190
2954,607,11,37
2955,607,14,65
2956,608,1,608
2957,608,8,114
2958,608,9,191
2959,608,11,38
2960,608,14,66
2961,609,1,609
2962,609,8,115
2963,609,9,192
2964,609,11,39
2965,609,14,67
2966,610,1,610
2967,610,8,116
2968,610,9,183
2969,610,11,144
2970,610,12,148
2971,611,1,611
2972,611,8,117
2973,611,9,184
2974,611,11,145
2975,611,12,149
2976,612,1,612
2977,612,8,118
2978,612,9,185
2979,612,11,146
2980,612,12,150
2981,613,1,613
2982,613,8,119
2983,613,9,195
2984,613,11,104
2985,613,14,81
2986,614,1,614
2987,614,8,120
2988,614,9,196
2989,614,11,105
2990,614,14,82
2991,615,1,615
2992,615,8,121
2993,615,9,197
2994,615,14,111
2995,616,1,616
2996,616,8,122
2997,616,9,157
2998,616,14,24
2999,617,1,617
3000,617,8,123
3001,617,9,158
3002,617,14,25
3003,618,1,618
3004,618,8,124
3005,618,9,231
3006,618,14,39
3007,619,1,619
3008,619,8,125
3009,619,9,219
3010,619,13,3
3011,620,1,620
3012,620,8,126
3013,620,9,220
3014,620,13,4
3015,621,1,621
3016,621,8,127
3017,621,9,270
3018,621,14,141
3019,622,1,622
3020,622,8,128
3021,622,9,271
3022,622,13,91
3023,623,1,623
3024,623,8,129
3025,623,9,272
3026,623,13,92
3027,624,1,624
3028,624,8,130
3029,624,9,223
3030,624,11,158
3031,624,14,48
3032,625,1,625
3033,625,8,131
3034,625,9,224
3035,625,11,159
3036,625,14,49
3037,626,1,626
3038,626,8,132
3039,626,9,269
3040,627,1,627
3041,627,8,133
3042,627,9,109
3043,627,11,169
3044,628,1,628
3045,628,8,134
3046,628,9,110
3047,628,11,170
3048,629,1,629
3049,629,8,135
3050,629,9,111
3051,630,1,630
3052,630,8,136
3053,630,9,112
3054,631,1,631
3055,631,8,137
3056,631,9,193
3057,631,14,105
3058,632,1,632
3059,632,8,138
3060,632,9,194
3061,632,14,106
3062,633,1,633
3063,633,8,139
3064,633,9,273
3065,633,11,90
3066,633,14,142
3067,634,1,634
3068,634,8,140
3069,634,9,274
3070,634,11,91
3071,634,14,143
3072,635,1,635
3073,635,8,141
3074,635,9,275
3075,635,11,92
3076,635,14,144
3077,636,1,636
3078,636,8,142
3079,636,9,171
3080,636,11,173
3081,637,1,637
3082,637,8,143
3083,637,9,172
3084,637,11,174
3085,638,1,638
3086,638,8,144
3087,638,9,225
3088,639,1,639
3089,639,8,145
3090,639,9,226
3091,639,11,191
3092,640,1,640
3093,640,8,146
3094,640,9,227
3095,641,1,641
3096,641,8,147
3097,641,9,198
3098,642,1,642
3099,642,8,148
3100,642,9,199
3101,643,1,643
3102,643,8,149
3103,643,9,295
3104,643,11,197
3105,644,1,644
3106,644,8,150
3107,644,9,296
3108,644,11,198
3109,645,1,645
3110,645,8,151
3111,645,9,200
3112,646,1,646
3113,646,8,152
3114,646,9,297
3115,647,1,647
3116,647,8,153
3117,647,9,298
3118,648,1,648
3119,648,8,154
3120,648,9,299
3121,649,1,649
3122,649,8,155
3123,649,9,300
3124,650,1,650
3125,650,12,1
3126,651,1,651
3127,651,12,2
3128,652,1,652
3129,652,12,3
3130,653,1,653
3131,653,12,4
3132,654,1,654
3133,654,12,5
3134,655,1,655
3135,655,12,6
3136,656,1,656
3137,656,12,7
3138,657,1,657
3139,657,12,8
3140,658,1,658
3141,658,12,9
3142,659,1,659
3143,659,12,10
3144,660,1,660
3145,660,12,11
3146,661,1,661
3147,661,12,14
3148,662,1,662
3149,662,12,15
3150,663,1,663
3151,663,12,16
3152,664,1,664
3153,664,12,20
3154,665,1,665
3155,665,12,21
3156,666,1,666
3157,666,12,22
3158,667,1,667
3159,667,12,57
3160,668,1,668
3161,668,12,58
3162,669,1,669
3163,669,12,68
3164,670,1,670
3165,670,12,69
3166,671,1,671
3167,671,12,70
3168,672,1,672
3169,672,12,89
3170,673,1,673
3171,673,12,90
3172,674,1,674
3173,674,12,91
3174,675,1,675
3175,675,12,92
3176,676,1,676
3177,676,12,93
3178,677,1,677
3179,677,12,114
3180,678,1,678
3181,678,12,115
3182,679,1,679
3183,679,12,117
3184,680,1,680
3185,680,12,118
3186,681,1,681
3187,681,12,119
3188,682,1,682
3189,682,12,129
3190,683,1,683
3191,683,12,130
3192,684,1,684
3193,684,12,131
3194,685,1,685
3195,685,12,132
3196,686,1,686
3197,686,13,10
3198,687,1,687
3199,687,13,11
3200,688,1,688
3201,688,13,21
3202,689,1,689
3203,689,13,22
3204,690,1,690
3205,690,13,30
3206,691,1,691
3207,691,13,31
3208,692,1,692
3209,692,13,32
3210,693,1,693
3211,693,13,33
3212,694,1,694
3213,694,13,46
3214,695,1,695
3215,695,13,47
3216,696,1,696
3217,696,13,64
3218,697,1,697
3219,697,13,65
3220,698,1,698
3221,698,13,66
3222,699,1,699
3223,699,13,67
3224,700,1,700
3225,700,13,85
3226,701,1,701
3227,701,13,89
3228,702,1,702
3229,702,13,110
3230,703,1,703
3231,703,13,124
3232,704,1,704
3233,704,14,19
3234,705,1,705
3235,705,14,20
3236,706,1,706
3237,706,14,21
3238,707,1,707
3239,707,14,50
3240,708,1,708
3241,708,14,61
3242,709,1,709
3243,709,14,62
3244,710,1,710
3245,710,14,63
3246,711,1,711
3247,711,14,64
3248,712,1,712
3249,712,14,79
3250,713,1,713
3251,713,14,80
3252,714,1,714
3253,714,14,113
3254,715,1,715
3255,715,14,114
3256,716,1,716
3257,716,14,148
3258,717,1,717
3259,717,14,149
3260,718,1,718
3261,718,14,150
3262,719,1,719
3263,720,1,720
3264,721,1,721
